<?xml version="1.0" encoding="utf-8"?>
<?xml-stylesheet type="text/xsl" href="xsl/oai2.xsl"?><OAI-PMH xmlns="http://www.openarchives.org/OAI/2.0/" xmlns:xsi="http://www.w3.org/2001/XMLSchema-instance" xsi:schemaLocation="http://www.openarchives.org/OAI/2.0/ http://www.openarchives.org/OAI/2.0/OAI-PMH.xsd">
  <responseDate>2014-10-15T06:49:10Z</responseDate>
  <request verb="GetRecord" metadataPrefix="oai_dc" identifier="oai:kobv.de-opus4-tuberlin:1079">http://opus4.kobv.de/opus4-tuberlin/oai</request>
  <GetRecord>
    <record>
      <header>
        <identifier>oai:kobv.de-opus4-tuberlin:1079</identifier>
        <datestamp>2013-07-01</datestamp>
        <setSpec>doc-type:doctoralthesis</setSpec>
        <setSpec>bibliography:false</setSpec>
        <setSpec>ddc</setSpec>
        <setSpec>ddc:530</setSpec>
      </header>
      <metadata>
        <oai_dc:dc xmlns:oai_dc="http://www.openarchives.org/OAI/2.0/oai_dc/" xmlns:dc="http://purl.org/dc/elements/1.1/" xsi:schemaLocation="http://www.openarchives.org/OAI/2.0/oai_dc/ http://www.openarchives.org/OAI/2.0/oai_dc.xsd">
          <dc:title xml:lang="deu">Deuteroneninduzierte Kernreaktionen an 9Be im Energiebereich E(c.m.) = 49 - 135 keV</dc:title>
          <dc:title xml:lang="eng">Deuteron-induced nuclear reactions</dc:title>
          <dc:creator>Rojas Badilla, Juan</dc:creator>
          <dc:subject>ddc:530</dc:subject>
          <dc:description xml:lang="deu">Im Rahmen dieser Arbeit wurden die niederenergetischen Kernreaktionen 9Be(d,p)10Be, 9Be (d,t)8Be, 9Be(d,α)7Li und 9Be(d,nγ)10B untersucht. Der Energiebereich der Deuteronen reichte von 135 keV bis hinunter zu 49 keV (Ec.m.). Die Arbeit beinhaltet zwei zeitlich getrennte Messreihen. Die Teilchenkanäle (d,p0), (d, p1), (d,α0), (d,α1), (d,t0) wurden in beiden Messreihen untersucht, dabei wurden die Winkelverteilungen aller Teilchen von 45° bis 150° in Schritten von 15° gemessen. Aus den totalen Wirkungsquerschnitten wurden anschließend die astrophysikalischen S-Faktoren der Reaktionen berechnet. In der zweiten Messreihe wurden auch die Neutronenkanäle (d,ni) (i = 2,3,4) untersucht. Die Wirkungsquerschnitte der Neutronenkanäle wurden indirekt durch die neutronenassoziierte Gammastrahlung aus angeregten 10B-Restkernen der Reaktion ermittelt, die aus der jeweiligen Strippingreaktion 9Be(d,nγ)10B* hervorgehen. Die Messung der Gammastrahlung wurde bei 90° und 0° bzgl. der Strahlachse durchgeführt. Anschließend wurden unter der Annahme einer isotropen Gammaemission die Wirkungsquerschnitte für die (d,n)-Reaktionen bestimmt. Daraus wurden dann ebenfalls die astrophysikalischen S-Faktoren ermittelt. Die theoretische Analyse dieser niederenergetischen Transferreaktionen wurde auf der Grundlage der Theorie der direkten Kernreaktionen durchgeführt, hier im Rahmen der Bornschen Näherung mit gestörten Wellen, mit Nullreichweitennäherung (DWBA Distorted Wave Born Approximation in Zero-Range). Die Berechnung des Schalenmodellzustands des Austauschteilchens wurde anhand eines dynamischen Schalenmodells durchgeführt. Bei der theoretischen Diskussion der experimentellen Ergebnisse wurde auch der Screeningeffekt berücksichtigt. Die experimentellen Ergebnisse dieser Arbeit – Winkelverteilungen, totale Wirkungsquerschnitte und astrophysikalische S-Faktoren – wurden den theoretischen Ergebnissen und, soweit vorhanden, den Ergebnissen anderer Gruppen gegenübergestellt.</dc:description>
          <dc:description xml:lang="eng">Deuteron-induced nuclear reactions</dc:description>
          <dc:date>2005-08-12</dc:date>
          <dc:type>doctoralthesis</dc:type>
          <dc:type>doc-type:doctoralthesis</dc:type>
          <dc:format>application/pdf</dc:format>
          <dc:identifier>http://opus4.kobv.de/opus4-tuberlin/frontdoor/index/index/docId/1079</dc:identifier>
          <dc:identifier>urn:nbn:de:kobv:83-opus-10652</dc:identifier>
          <dc:identifier>http://nbn-resolving.de/urn/resolver.pl?urn:nbn:de:kobv:83-opus-10652</dc:identifier>
          <dc:identifier>http://opus4.kobv.de/opus4-tuberlin/files/1079/rojas_juan.pdf.pdf</dc:identifier>
          <dc:language>deu</dc:language>
          <dc:rights>Deutsches Urheberrecht mit Print on Demand (u.a. für Dissertationen empfohlen)</dc:rights>
        </oai_dc:dc>
      </metadata>
    </record>
  </GetRecord>
</OAI-PMH>
