<?xml version="1.0" encoding="utf-8"?>
<?xml-stylesheet type="text/xsl" href="xsl/oai2.xsl"?><OAI-PMH xmlns="http://www.openarchives.org/OAI/2.0/" xmlns:xsi="http://www.w3.org/2001/XMLSchema-instance" xsi:schemaLocation="http://www.openarchives.org/OAI/2.0/ http://www.openarchives.org/OAI/2.0/OAI-PMH.xsd">
  <responseDate>2014-10-15T06:49:10Z</responseDate>
  <request verb="GetRecord" metadataPrefix="oai_dc" identifier="oai:kobv.de-opus4-tuberlin:1081">http://opus4.kobv.de/opus4-tuberlin/oai</request>
  <GetRecord>
    <record>
      <header>
        <identifier>oai:kobv.de-opus4-tuberlin:1081</identifier>
        <datestamp>2013-07-01</datestamp>
        <setSpec>doc-type:doctoralthesis</setSpec>
        <setSpec>bibliography:false</setSpec>
        <setSpec>ddc</setSpec>
        <setSpec>ddc:620</setSpec>
      </header>
      <metadata>
        <oai_dc:dc xmlns:oai_dc="http://www.openarchives.org/OAI/2.0/oai_dc/" xmlns:dc="http://purl.org/dc/elements/1.1/" xsi:schemaLocation="http://www.openarchives.org/OAI/2.0/oai_dc/ http://www.openarchives.org/OAI/2.0/oai_dc.xsd">
          <dc:title xml:lang="deu">Die Gewinnung und Wiederverwendung von Schaumproteinen und anderen Wertbestandteilen mittels Cross-Flow-Ultrafiltration aus Prozessbieren und weiteren Brauereiabfallprodukten</dc:title>
          <dc:title xml:lang="eng">The recovery and reuse of foam proteins and other beneficial constituents by crossflow ultrafiltration of process beers and other brewery by-products</dc:title>
          <dc:creator>Bilge, Deniz</dc:creator>
          <dc:subject>ddc:620</dc:subject>
          <dc:description xml:lang="deu">Obwohl viele Anstrengungen unternommen werden, die Schaumhaltbarkeit von Bier zu verbessern, weisen viele Handelsbiere oftmals dennoch Defizite bei diesem Qualitätsmerkmal auf. Im Rahmen dieser Arbeit sollte untersucht werden, ob es möglich ist, die in Prozessbieren und Glattwasser enthaltenen Schaumproteine mittels Ultrafiltration zu gewinnen und wieder in die Bierherstellung einfließen zu lassen. Es zeigte sich, dass die Schaumhaltbarkeit in den Retentaten aller Prozessbiere mit zunehmendem Konzentrationsfaktor und abnehmendem Cut-Off signifikant erhöht werden kann. Es konnte ferner gezeigt werden, dass die Erhöhung in starkem Maße mit der Anreicherung hydrophober Proteine korreliert und nur bedingt auf die Anreicherung an magnesiumsulfatfällbarem und koagulierbarem Stickstoff zurückzuführen ist. Ausgangsmedien mit geringen Anfangsgehalten an hydrophoben Proteinen, wie z. B. High-Gravity-Biere, wiesen daher, trotz starker Anreicherung der hochmolekularen Proteinfraktionen, nur eine mäßige Steigerung der Schaumhaltbarkeit auf. In den Retentaten wurde weiterhin die Farbe und der Gehalt an ß-Glucanen, Polyphenolen und Anthocyanogenen erhöht. Niedermolekulare Substanzen wie FAN, Dextrine, Ester und höhere Alkohole wurden nur unwesentlich beeinflusst, wodurch der Geschmack weitgehend unverändert blieb. Lediglich die Vollmundigkeit wurde durch die Anreicherung an hochmolekularem Stickstoff erhöht. Durch Scherkräfte in der UF-Anlage wiesen die Schaumkonzentrate der Biere erhöhte Trübungen und niedrigere nicht-biologische Stabilitäten auf. Wurden die Retentate zur Gärung oder Lagerung gegeben, wiesen die klärfiltrierten Biere jedoch die gleichen Qualitätseigenschaften wie das Vergleichsbier auf. Die Konzentrate ließen sich außerdem ohne Qualitätseinbußen problemlos bis zu zwei Wochen lagern. Ferner lagen in den Glattwasserretentaten langkettige Fettsäuren angereichert vor. Bei Zugabe dieser Retentate im Sudhaus wurden die langkettigen Fettsäuren allerdings, durch Abscheidungsvorgänge und Absorption während der Gärung, auf die Werte des Vergleichsbieres reduziert. Durch Aktivkohlebehandlung konnten die Retentate sogar soweit aufbereitet werden, dass eine direkte Zugabe zu Bier möglich war, ohne weitere Qualitätseigenschaften zu beeinträchtigen. Helle Aromapermeate aus Spezialbieren, die zur Erhöhung der Vollmundigkeit eingesetzt werden sollen, scheinen sich angesichts der starken Veränderung des Biercharakters nur für einzelne, spezielle Anwendungen zu eignen. Ferner zeigten die Biere ein von der Malzqualität sehr unterschiedliches Farbabtrennungsverhalten.</dc:description>
          <dc:description xml:lang="eng">Although a lot of effort is made to improve head retention most beers often exhibit deficits in this quality feature. In the context of this work it should be investigated if it is possible to gain foam positive proteins from process beers and last runnings by the use of ultrafiltration and to reuse them in the course of beer production. It turned out that head retention of all process beer retentates was significantly improved with increasing concentration ratio and decreasing cut-off. In addition it could be shown that this improvement strongly correlates with the enrichment of hydrophilic proteins and only to limited extent on the enrichment of magnesiumsulfate precipitable and coagulable nitrogen. Working fluids with a low initial amount of hydrophobic polypeptides e.g. high-gravity beers accordingly showed a moderate increase in head retention although a decisive increase in high-molecular proteins was achieved. Furthermore the amount of ß-glucans, polyphenols, anthocyanogens and the colour were likewise increased. Low molecular substances like amino acids, dextrins, esters and higher alcohols were not influenced significantly whereby the flavour largely remained unchanged. Merely palatefullness of the retentates was increased by the enrichment of high molecular proteins. By shear forces in the pilot plant and the enrichment of polyphenols and anthocyanogenes in the retentates the foam concentrates showed elevated values for turbidity and a reduced non-biological stability. Nevertheless, the beers to which the retentates were added to the stage of fermentation or maturation showed the same quality features like the blank sample. Furthermore the concentrates were storable over a period up to two weeks without any quality losses. The retentates of the last runnings showed increased amounts of long chained fatty acids. By addition of the retentates to the wort copper or the whirlpool the amount was reduced to the level of the blank beer by separation and adsorption during fermentation. By means of activated carbon treatment they could be purified so that a direkt addition to beer without quality losses was possible. Pale aroma permeates from dark beers that were used with the intention to improve the palatefullness of pale beers seem to be largely unsuitable since the beer character is strongly influenced. In addition colour separation showed a strong dependance on the kind of malt and its quality.</dc:description>
          <dc:date>2005-08-16</dc:date>
          <dc:type>doctoralthesis</dc:type>
          <dc:type>doc-type:doctoralthesis</dc:type>
          <dc:format>application/pdf</dc:format>
          <dc:identifier>http://opus4.kobv.de/opus4-tuberlin/frontdoor/index/index/docId/1081</dc:identifier>
          <dc:identifier>urn:nbn:de:kobv:83-opus-10750</dc:identifier>
          <dc:identifier>http://nbn-resolving.de/urn/resolver.pl?urn:nbn:de:kobv:83-opus-10750</dc:identifier>
          <dc:identifier>http://opus4.kobv.de/opus4-tuberlin/files/1081/bilge_deniz.pdf</dc:identifier>
          <dc:language>deu</dc:language>
          <dc:rights>Deutsches Urheberrecht mit Print on Demand (u.a. für Dissertationen empfohlen)</dc:rights>
        </oai_dc:dc>
      </metadata>
    </record>
  </GetRecord>
</OAI-PMH>
