<?xml version="1.0" encoding="utf-8"?>
<?xml-stylesheet type="text/xsl" href="xsl/oai2.xsl"?><OAI-PMH xmlns="http://www.openarchives.org/OAI/2.0/" xmlns:xsi="http://www.w3.org/2001/XMLSchema-instance" xsi:schemaLocation="http://www.openarchives.org/OAI/2.0/ http://www.openarchives.org/OAI/2.0/OAI-PMH.xsd">
  <responseDate>2014-10-15T06:50:15Z</responseDate>
  <request verb="GetRecord" metadataPrefix="oai_dc" identifier="oai:kobv.de-opus4-tuberlin:1241">http://opus4.kobv.de/opus4-tuberlin/oai</request>
  <GetRecord>
    <record>
      <header>
        <identifier>oai:kobv.de-opus4-tuberlin:1241</identifier>
        <datestamp>2013-07-01</datestamp>
        <setSpec>doc-type:doctoralthesis</setSpec>
        <setSpec>bibliography:false</setSpec>
        <setSpec>ddc</setSpec>
        <setSpec>ddc:600</setSpec>
      </header>
      <metadata>
        <oai_dc:dc xmlns:oai_dc="http://www.openarchives.org/OAI/2.0/oai_dc/" xmlns:dc="http://purl.org/dc/elements/1.1/" xsi:schemaLocation="http://www.openarchives.org/OAI/2.0/oai_dc/ http://www.openarchives.org/OAI/2.0/oai_dc.xsd">
          <dc:title xml:lang="deu">Magnetschnellbahn für den schnellen Regionalverkehr – Optimierung des Langstatorantriebs und der Energieversorgung</dc:title>
          <dc:title xml:lang="eng">Maglev for Fast Regional Transportation - Optimization of Long Stator Propulsion and Energy Supply</dc:title>
          <dc:creator>Fischperer, Rolf</dc:creator>
          <dc:subject>ddc:600</dc:subject>
          <dc:description xml:lang="deu">Die vorliegende Arbeit behandelt Auslegungen des Linearmotorantriebes für Einsatzfälle des Transrapid im Regionalverkehr. Im ersten Schritt wird die Wirkungsweise des Linearmotors und die damit verbundenen, für den Fernverkehr entwickelten Konfigurationen und Auslegungsgrundsätze erläutert und hinsichtlich ihrer betrieblichen Eigenschaften analysiert. Anschließend werden modifizierte Anforderungen des Regionalverkehrs identifiziert und Vorgehensweisen zur Optimierung des Antriebssystems festgelegt. Verschiedene Optimierungsmaßnahmen im Antrieb und anderen mit betroffenen Subsystemen werden erarbeitet und erläutert. Schließlich erfolgt eine quantitative Auswertung verschiedener Maßnahmen und Auslegungen anhand einer Musterstrecke. Optimierungspotentiale gegenüber den aus dem Fernverkehr bekannten Antrieben werden aufgezeigt. Es zeigt sich, daß mit entsprechender Entwicklung in den betrachteten Subsystemen Einsparungen in einer Größenordnung von 40% möglich sind, sowohl bei Investitionskosten als auch bei Betriebskosten.</dc:description>
          <dc:description xml:lang="eng">This work deals with linear propulsion systems of the Transrapid maglev system especially applicable to regional transportation tasks. In a first step the principle of the linear motor and its configurations and layout strategies for long distance applications are explained and analyzed with regard to their operational characteristics. Next, modified requirements for regional transportation are identified and strategies for optimization of the propulsion system are set up. Various optimization measures within the propulsion system and neighboring subsystems are worked out and explained. Finally, a quantitative analysis of different measures is shown using an exemplary regional line. Optimization potentials compared to a long distance propulsion layouts are shown. It has been found that given the relevant developments in the subsystems concerned savings of up to 40% both in investment and operation costs are feasible.</dc:description>
          <dc:date>2006-04-05</dc:date>
          <dc:type>doctoralthesis</dc:type>
          <dc:type>doc-type:doctoralthesis</dc:type>
          <dc:format>application/pdf</dc:format>
          <dc:identifier>http://opus4.kobv.de/opus4-tuberlin/frontdoor/index/index/docId/1241</dc:identifier>
          <dc:identifier>urn:nbn:de:kobv:83-opus-12590</dc:identifier>
          <dc:identifier>http://nbn-resolving.de/urn/resolver.pl?urn:nbn:de:kobv:83-opus-12590</dc:identifier>
          <dc:identifier>http://opus4.kobv.de/opus4-tuberlin/files/1241/fischperer_rolf.pdf</dc:identifier>
          <dc:language>deu</dc:language>
          <dc:rights>Deutsches Urheberrecht mit Print on Demand (u.a. für Dissertationen empfohlen)</dc:rights>
        </oai_dc:dc>
      </metadata>
    </record>
  </GetRecord>
</OAI-PMH>
