<?xml version="1.0" encoding="utf-8"?>
<?xml-stylesheet type="text/xsl" href="xsl/oai2.xsl"?><OAI-PMH xmlns="http://www.openarchives.org/OAI/2.0/" xmlns:xsi="http://www.w3.org/2001/XMLSchema-instance" xsi:schemaLocation="http://www.openarchives.org/OAI/2.0/ http://www.openarchives.org/OAI/2.0/OAI-PMH.xsd">
  <responseDate>2014-10-15T06:49:20Z</responseDate>
  <request verb="GetRecord" metadataPrefix="oai_dc" identifier="oai:kobv.de-opus4-tuberlin:1123">http://opus4.kobv.de/opus4-tuberlin/oai</request>
  <GetRecord>
    <record>
      <header>
        <identifier>oai:kobv.de-opus4-tuberlin:1123</identifier>
        <datestamp>2013-07-01</datestamp>
        <setSpec>doc-type:doctoralthesis</setSpec>
        <setSpec>bibliography:false</setSpec>
        <setSpec>ddc</setSpec>
        <setSpec>ddc:620</setSpec>
      </header>
      <metadata>
        <oai_dc:dc xmlns:oai_dc="http://www.openarchives.org/OAI/2.0/oai_dc/" xmlns:dc="http://purl.org/dc/elements/1.1/" xsi:schemaLocation="http://www.openarchives.org/OAI/2.0/oai_dc/ http://www.openarchives.org/OAI/2.0/oai_dc.xsd">
          <dc:title xml:lang="deu">MAG-Tiefspaltschweißen in Senkrechtposition mit simultaner Lage/Gegenlage-Technik</dc:title>
          <dc:title xml:lang="eng">MAG-Narrow gap welding in perpendicular position with simultaneous layer/against layer technology</dc:title>
          <dc:creator>Fakhoury, Tayseir</dc:creator>
          <dc:subject>ddc:620</dc:subject>
          <dc:description xml:lang="deu">Die vorliegende Arbeit hatte zum Ziel, das MAGC- Tiefspaltschweißen in Lage/ Gegenlage-Technik unter senkrechter Position für Blechdicken bis 20 mm zu untersuchen. Die Untersuchungen wurden an unlegiertem Baustahl (S355JR) mit zwei verschiedenen Energiequellen sowie mit Massiv- und Fülldrahtelektroden durchgeführt. Für die Durchführung der Untersuchung standen 2 Energiequellen zur Verfügung, von denen die eine konventionell und die andere transistorgesteuert arbeitet. Der Schweißprozess wurde folgender Analyse unterzogen: -Messdaten Überwachung online am Oszilloskop -Offline Auswertung der gespeicherten Momentanwertaufzeichnungen von Strom und Spannung sowie der daraus abgeleiteten Funktionswerte Leistung und Widerstand. Durch Versuche wurden Schweißparameter ermittelt, bei denen sich eine günstige Gefügeausbildung und Schweißnahtform ergeben. Eine Schwierigkeit liegt in der verfahrensbedingt diskontinuierlichen Lichtbogenlänge. Dadurch verändert sich die Stromstärke im weitem Bereich und somit der Werkstoffübergang von kurzschlussfrei zu kurzschlußbehaftet. Als aussichtsreiche Möglichkeit zu besserer Prozessbeherrschung erweist sich eine selbsttätige Höhenanpassung des Brenners als sinnvoll. So könnte z.B. das Problem der Lichtbogen-Zündung und des Durchfallens des Schmelzbades beim zufrieden stellender gelöst werden. Das größte Problem beim Tiefspaltschweißen sind Flankenbindefehler. Diese werden vor allem dadurch hervorgerufen, dass die Schmelze vorläuft, wodurch der Lichtbogen die Werkstückflanken nicht mehr anschmelzen kann, da er auf der Schmelze brennt. An 20 mm dicken Blechen aus S355JR wurde mit basischem Fülldraht b bessere Nahteigenschaften erzielt als mit rutilem Fülldraht a, obwohl auch mit Fülldraht a weitgehend fehlerfreie Nähte erzielt wurden. Bei massiven und selbstschützenden Drahten treten Probleme bezüglich Poren sowie ungenügender Durchschweißung und Einbrandkerbenbildung auf. Die durchgeführten Untersuchungen führten zu folgenden Schlussfolgerungen: 1. Beim MAGC-Tiefspaltschweißen in Lage/Gegenlage von 20mm Blechen können mit Fülldrahtelektroden fehlerfreie Schweißnähte hergestellt werden, die eine günstige Form aufweisen. 2. Bei den Härteuntersuchungen und den metallographischen Untersuchungen zeigten sich geringe Unterschiede zwischen den einzelnen Schweißproben. Die maximale Härte lag bei fast allen Proben unter 300 HV1 und damit im zulässigen Bereich. 3. Bei den Schweißproben mit rutilem Fülldraht a lag die Kerbschlagarbeit des Schweißgutes bei -20°C Prüftemperatur etwas niedriger als bei basischen Fülldraht b. Die Versuchsergebnisse zeigten, dass die Tiefspalttechnik in bezug auf geringeren Verzug, schmale wärmebeeinflusste Zone sowie Einsparung von Material, Energie und Fertigungszeit ein vorteilhaftes Verfahren ist. Zum Einsatz in der Praxis bedarf es für den untersuchten Blechdickenbereich von 20mm allerdings noch einer weiterführenden Prozessoptimierung.</dc:description>
          <dc:description xml:lang="eng">The aimed of this work is to examine the MAGC-Narrow gap welding in layer/against layer technology under a vertical position for metal thicknesses of 20 mm. Examinations carried out at an unalloyed structural steel (S355JR) with two different welding power source of energy as well as with solid wire and flux cored wire. For the carrying out of the examination there are two energy sources available, one of them is conventional and the other is the transistor power source. The welding process was subjected to the following analysis: -Measuring data supervision online in terms of the oscilloscope -Off-line evaluation of the stored instantaneous values of current and voltage as well as the functional achievement power values and resistance of it. Welding parameters were determined by attempts, in a case of which a favourable structure and welded shape resulted. The difficulty in the determined-process is caused by a non-continuously arc length. The current intensity in the wide area changed and therefore a material junction of non- short- circuit to a short - circuit. The possibility for a better process control is an automatic height customization of the burner which proves to be logically. So this could be for example the cause of the arc ignition and falling through of the melting bath which could be solved with contently large placing. The greatest problem with the Narrow gap welding is the side of incomplete fusion. Above all it is caused by the fact that the melting ahead, where the arc cannot melt on the work piece flanks longer, since it burns on the melting. At a 20 mm thick sheet metal from S355JR with a basic flux- cored electrode b seams to obtain better characteristics as with a rutilem flux- cored electrode A, also with the flux- cored electrode A, a great accurate extent obtained. With solid and self-shielded wire problems arise concerning bores as well as insufficient follow-through welding and undercut of a welding formation. The accomplished investigations led to the following conclusions: 1. With the MAGC-Narrow gap welding in layer/against layer by a 20 mm thick sheet metals can with a cored wire error free welding be manufactured, which exhibit a favourable form. 2. The hardness and the metallographic investigations showed small differences between the individual welding samples. The maximum hardness was nearly with all samples under 300 HV1 and thus in the permissible range. 3. With the welding samples with rutilem flux- cored electrode A was the notching work resulting from impact deposited metal with -20°C inspection temperature somehow lower than with basic flux- cored electrode b. The test results showed that the low gap technology regarding smaller delay, narrow heat-affected zone as well as saving of material, the Energy and production times a favourable procedure. For this application to be in practice it requires for the examined plate thickness range of 20mm another resuming process optimization.</dc:description>
          <dc:date>2005-10-27</dc:date>
          <dc:type>doctoralthesis</dc:type>
          <dc:type>doc-type:doctoralthesis</dc:type>
          <dc:format>application/pdf</dc:format>
          <dc:identifier>http://opus4.kobv.de/opus4-tuberlin/frontdoor/index/index/docId/1123</dc:identifier>
          <dc:identifier>urn:nbn:de:kobv:83-opus-11295</dc:identifier>
          <dc:identifier>http://nbn-resolving.de/urn/resolver.pl?urn:nbn:de:kobv:83-opus-11295</dc:identifier>
          <dc:identifier>http://opus4.kobv.de/opus4-tuberlin/files/1123/fakhoury_tayseir.pdf</dc:identifier>
          <dc:language>deu</dc:language>
          <dc:rights>Deutsches Urheberrecht mit Print on Demand (u.a. für Dissertationen empfohlen)</dc:rights>
        </oai_dc:dc>
      </metadata>
    </record>
  </GetRecord>
</OAI-PMH>
