<?xml version="1.0" encoding="utf-8"?>
<?xml-stylesheet type="text/xsl" href="xsl/oai2.xsl"?><OAI-PMH xmlns="http://www.openarchives.org/OAI/2.0/" xmlns:xsi="http://www.w3.org/2001/XMLSchema-instance" xsi:schemaLocation="http://www.openarchives.org/OAI/2.0/ http://www.openarchives.org/OAI/2.0/OAI-PMH.xsd">
  <responseDate>2014-10-15T06:51:03Z</responseDate>
  <request verb="GetRecord" metadataPrefix="oai_dc" identifier="oai:kobv.de-opus4-tuberlin:1430">http://opus4.kobv.de/opus4-tuberlin/oai</request>
  <GetRecord>
    <record>
      <header>
        <identifier>oai:kobv.de-opus4-tuberlin:1430</identifier>
        <datestamp>2013-07-01</datestamp>
        <setSpec>doc-type:doctoralthesis</setSpec>
        <setSpec>bibliography:false</setSpec>
        <setSpec>ddc</setSpec>
        <setSpec>ddc:510</setSpec>
      </header>
      <metadata>
        <oai_dc:dc xmlns:oai_dc="http://www.openarchives.org/OAI/2.0/oai_dc/" xmlns:dc="http://purl.org/dc/elements/1.1/" xsi:schemaLocation="http://www.openarchives.org/OAI/2.0/oai_dc/ http://www.openarchives.org/OAI/2.0/oai_dc.xsd">
          <dc:title xml:lang="eng">Orthogonal Surfaces - A combinatorial approach</dc:title>
          <dc:title xml:lang="deu">Kombinatorik Orthogonaler Flaechen</dc:title>
          <dc:creator>Kappes, Sarah</dc:creator>
          <dc:subject>ddc:510</dc:subject>
          <dc:description xml:lang="deu">Diese Arbeit beschaeftigt sich mit den kombinatorischen Eigenschaften orthogonaler Flaechen. Jede solche Flaeche definiert eine bestimmte partielle Ordnung, die CP-Ordnung. Unter bestimmten Voraussetzungen, zum Beispiel wenn die CP-Ordnung simplizial ist, kann man sie als Flaechenverband eines konvexen Polytops interpretieren (Theorem von Scarf). Die zwei Hauptfragen, die in dieser Arbeit behandelt werden, sind: Welche nicht-simplizialen CP-Ordnungen sind polytopal? und Welche Polytope lassen sich auf orthogonalen Flaechen realisieren, d.h. haben einen Flaechenverband, der auch eine CP-Ordnung ist?</dc:description>
          <dc:description xml:lang="eng">In this thesis, I discuss the combinatorial properties of orthogonal surfaces. For example, every surface defines a partial order of characteristic points, the cp-order. If we think of an orthogonal surface as a staircase, then the characteristic points are the corners of this staircase. In certain cases, the cp-order can be interpreted as the face lattice of a polytope. For example, if the cp-order is simplicial, then it can always be extended to the face lattice of a simplicial polytope (Theorem of Scarf). This thesis deals with the generalization of this relation to non-simplicial orders and polytopes. The two main questions which are discussed are the following: Which non-simplicial cp-orders are polytopal, i.e. can be extended to the face lattice of some polytope? and Which polytopes can be realized on orthogonal surfaces, i.e. have a face lattice that can be reduced to a cp-order?</dc:description>
          <dc:date>2007-01-26</dc:date>
          <dc:type>doctoralthesis</dc:type>
          <dc:type>doc-type:doctoralthesis</dc:type>
          <dc:format>application/pdf</dc:format>
          <dc:identifier>http://opus4.kobv.de/opus4-tuberlin/frontdoor/index/index/docId/1430</dc:identifier>
          <dc:identifier>urn:nbn:de:kobv:83-opus-14868</dc:identifier>
          <dc:identifier>http://nbn-resolving.de/urn/resolver.pl?urn:nbn:de:kobv:83-opus-14868</dc:identifier>
          <dc:identifier>http://opus4.kobv.de/opus4-tuberlin/files/1430/kappes_sarah.pdf</dc:identifier>
          <dc:language>eng</dc:language>
          <dc:rights>Deutsches Urheberrecht mit Print on Demand (u.a. für Dissertationen empfohlen)</dc:rights>
        </oai_dc:dc>
      </metadata>
    </record>
  </GetRecord>
</OAI-PMH>
