<?xml version="1.0" encoding="utf-8"?>
<?xml-stylesheet type="text/xsl" href="xsl/oai2.xsl"?><OAI-PMH xmlns="http://www.openarchives.org/OAI/2.0/" xmlns:xsi="http://www.w3.org/2001/XMLSchema-instance" xsi:schemaLocation="http://www.openarchives.org/OAI/2.0/ http://www.openarchives.org/OAI/2.0/OAI-PMH.xsd">
  <responseDate>2014-10-15T06:50:39Z</responseDate>
  <request verb="GetRecord" metadataPrefix="oai_dc" identifier="oai:kobv.de-opus4-tuberlin:1339">http://opus4.kobv.de/opus4-tuberlin/oai</request>
  <GetRecord>
    <record>
      <header>
        <identifier>oai:kobv.de-opus4-tuberlin:1339</identifier>
        <datestamp>2013-07-01</datestamp>
        <setSpec>doc-type:doctoralthesis</setSpec>
        <setSpec>bibliography:false</setSpec>
        <setSpec>ddc</setSpec>
        <setSpec>ddc:620</setSpec>
      </header>
      <metadata>
        <oai_dc:dc xmlns:oai_dc="http://www.openarchives.org/OAI/2.0/oai_dc/" xmlns:dc="http://purl.org/dc/elements/1.1/" xsi:schemaLocation="http://www.openarchives.org/OAI/2.0/oai_dc/ http://www.openarchives.org/OAI/2.0/oai_dc.xsd">
          <dc:title xml:lang="deu">Augmented Reality - Positionsgenaue Einblendung räumlicher Informationen  in einem See Through Head Mounted Display für die Medizin am Beispiel der Leberchirurgie</dc:title>
          <dc:title xml:lang="eng">Augmented Reality - Accurate superimposition of spatial information on a See Through Head Mounted Display in computer aided surgery on example of liver surgery</dc:title>
          <dc:creator>Suthau, Tim</dc:creator>
          <dc:subject>ddc:620</dc:subject>
          <dc:description xml:lang="deu">Im klinischen Alltag der Chirurgie stellt die Bereitstellung präoperativer Daten eine unverzichtbare Hilfe für den Operateur dar. Diese Daten werden aus präoperativen Aufnahmen (Computertomographie, Magnetresonanztomographie, Ultraschall u.a.) gewonnen. Segmentierungsergebnisse und zwei- bzw. dreidimensionale Darstellungen, welche aus diesen Aufnahmen gewonnen werden, dienen dem Chirurgen zur notwendigen Orientierung während der Operation. Diese Daten können in einer Augmented Reality Umgebung dem Arzt als virtuelle Daten mit Hilfe einer Datenbrille, dem Head Mounted Display, zugänglich gemacht werden. Dem Operateur soll ein Hilfsmittel zur Seite gestellt werden, welches zweckmäßig zusätzliche Informationen darstellt und eine komfortable Navigation ermöglicht. Die exakte Überlagerung der virtuellen Daten mit dem realen Objekt stellt dabei ein wesentliches Grundproblem dar. Der bisherige Einsatz von Augmented Reality in der Medizin wird vorgestellt. Auf der Grundlage dieser Arbeiten und bestehender Szenarien an der Medizinischen und Biologischen Informatik am Krebsforschungszentrum in Heidelberg werden mögliche Komponenten eines Augmented Reality Systems für die medizinische Navigation behandelt und ausgewählt. Die Schwerpunkte dieser Arbeit liegen in der Kalibrierung der Einzelkomponenten und der entsprechenden mathematischen Modellierung der Zusammenhänge zwischen den einzelnen Komponenten. Hierzu gehören Verfahren des optischen Tracking. Der räumliche Bezug der Kamera zum Objektraum wird teilweise mit nur einem geeigneten Marker hergestellt. Dies schließt die entsprechende Kalibrierung inklusive Verzeichnung der verwendeten CCD Kamera ein. Ebenso wird das benutzte Head Mounted Display in die Anwendung einbezogen. Das hier verwendete Virtual Retinal Display muss hinsichtlich möglicher Besonderheiten untersucht und entsprechend kalibriert werden. Ein Grundproblem solcher Anwendungen stellt das mögliche Verrutschen des Displays beim Tragen des Systems dar. Die vorherige Kalibrierung des Head Mounted Display wird zerstört, eine genaue Überlagerung der virtuellen Daten mit dem Objekt kann nicht mehr gewährleistet werden. Durch die Anbindung eines Eye Tracking Device wird ein Verfahren vorgestellt, welches es erstmals ermöglicht das Verrutschen des Displays zu erkennen und die Kalibrierung/Überblendung entsprechend zu verbessern. Dadurch entfällt die erneute Kalibrierung des Systems. Der Nutzer kann das Display mehrmalig auf- und absetzen, ohne die Kalibrierung wiederholen zu müssen. Aufgrund der geometrischen Konstellation erfordert der Einsatz des Eye Tracking Device besondere Anstrengungen hinsichtlich der Genauigkeit. Das Eye Tracking erfolgt auf der Grundlage kantenbasierter Algorithmen zur Detektion der Pupille mit Sub-Pixel Auflösung. Durch die kombinierte Erfassung der Pupille und des Cornealen Reflexes wird es möglich, das Verrutschen des Displays von Augenbewegungen zu unterscheiden. Die Einzelkomponenten und das Gesamtsystem werden evaluiert und besonders hinsichtlich der Genauigkeit betrachtet.</dc:description>
          <dc:description xml:lang="eng">This study analyzes the accurate superimposition of spatial information on a See Through Head Mounted Display. The analysis is conducted on the background of a medical approach, normally computer aided liver surgery. In the normal course of clinical life preoperative imaging studies of the patient, such as computer tomography and magnetic resonance imaging, provide the necessary views of the internal anatomy. Based on these images the surgeon can orientate herself during the surgery. Augmented reality can be applied so that the surgical team is provided with the necessary information. The main problem is the accurate superimposition of the virtual data with the real object. The current use of augmented reality in medical approaches is shown. Based on scenarios of the Div. Medical and Biological Informatics at German Cancer Centre (DKFZ) the components of an augmented reality system are recommended. The study focuses on the calibration and the mathematical modeling of all components and geometrical relations, including optical tracking. The spatial relation between object space and camera can be inferred with only one marker. Camera calibration including calculation of the distortions is necessary. The Head Mounted Display is integrated into the model. The Virtual Retinal Display used, is calibrated and analyzed regarding special features. A core problem of such an approach is the case of slipping of the Head Mounted Display with respect to the wearer’s eyes. The prior calibration is destroyed with each movement of the display; the accurate superimposition of the virtual data with the object is then unsustainable. For the first time an approach is described to detect the slippage and correct the calibration. The user is able to put the display off and on again without any recalibration. Due to the geometric configuration of the eye tracking device major efforts are necessary to advice a sufficient accuracy. The eye tracking procedure is based on edge detection algorithms of the pupil with sub pixel resolution. By combined detection of the pupil and the cornea reflection is it possible to distinguish the slippage from eye movements. The components and the whole system are evaluated and analyzed in particular with respect to accuracy.</dc:description>
          <dc:date>2006-09-22</dc:date>
          <dc:type>doctoralthesis</dc:type>
          <dc:type>doc-type:doctoralthesis</dc:type>
          <dc:format>application/pdf</dc:format>
          <dc:identifier>http://opus4.kobv.de/opus4-tuberlin/frontdoor/index/index/docId/1339</dc:identifier>
          <dc:identifier>urn:nbn:de:kobv:83-opus-13804</dc:identifier>
          <dc:identifier>http://nbn-resolving.de/urn/resolver.pl?urn:nbn:de:kobv:83-opus-13804</dc:identifier>
          <dc:identifier>http://opus4.kobv.de/opus4-tuberlin/files/1339/suthau_tim.pdf</dc:identifier>
          <dc:language>deu</dc:language>
          <dc:rights>Deutsches Urheberrecht mit Print on Demand (u.a. für Dissertationen empfohlen)</dc:rights>
        </oai_dc:dc>
      </metadata>
    </record>
  </GetRecord>
</OAI-PMH>
