<?xml version="1.0" encoding="utf-8"?>
<?xml-stylesheet type="text/xsl" href="xsl/oai2.xsl"?><OAI-PMH xmlns="http://www.openarchives.org/OAI/2.0/" xmlns:xsi="http://www.w3.org/2001/XMLSchema-instance" xsi:schemaLocation="http://www.openarchives.org/OAI/2.0/ http://www.openarchives.org/OAI/2.0/OAI-PMH.xsd">
  <responseDate>2014-10-15T06:51:03Z</responseDate>
  <request verb="GetRecord" metadataPrefix="oai_dc" identifier="oai:kobv.de-opus4-tuberlin:1427">http://opus4.kobv.de/opus4-tuberlin/oai</request>
  <GetRecord>
    <record>
      <header>
        <identifier>oai:kobv.de-opus4-tuberlin:1427</identifier>
        <datestamp>2013-07-01</datestamp>
        <setSpec>doc-type:doctoralthesis</setSpec>
        <setSpec>bibliography:false</setSpec>
        <setSpec>ddc</setSpec>
        <setSpec>ddc:620</setSpec>
      </header>
      <metadata>
        <oai_dc:dc xmlns:oai_dc="http://www.openarchives.org/OAI/2.0/oai_dc/" xmlns:dc="http://purl.org/dc/elements/1.1/" xsi:schemaLocation="http://www.openarchives.org/OAI/2.0/oai_dc/ http://www.openarchives.org/OAI/2.0/oai_dc.xsd">
          <dc:title xml:lang="deu">Langzeitverhalten von elementarem Eisen und Hydroxylapatit zur Uranrückhaltung in permeablen reaktiven Wänden bei der Grundwassersanierung</dc:title>
          <dc:title xml:lang="eng">Long-term performance of elemental iron and hydroxyapatite for uranium retention in permeable reactive barriers used for groundwater remediation</dc:title>
          <dc:creator>Biermann, Vera</dc:creator>
          <dc:subject>ddc:620</dc:subject>
          <dc:description xml:lang="deu">Im Rahmen dieser Arbeit wurde das Langzeitverhalten von elementarem Eisen (Fe0) und Hydroxylapatit (HAP) in permeablen reaktiven Wänden zur Grundwassersanierung untersucht. Dabei wurden die in reaktiven Wänden ablaufenden Prozesse anhand von Säulenversuchen simuliert, bei denen künstliches Grundwasser (KGW) mit dem Modellschadstoff Uran verwendet wurde. Bei den Versuchen wurden Graugusseisengranulat der Firma Gotthart Mayer, Rheinfelden und synthetisches Hydroxylapatit der Firma Chemische Fabrik Budenheim eingesetzt. Mit beiden Materialien wurde in Langzeitversuchen mit KGW mit 9,6 mg/L Uran und 120 mg/L anorganischem Kohlenstoff ein Uranrückhalt von mehr als 99,8% bei einer durchschnittlichen Sorptionskapazität von 28,3 mg U/g HAP bzw. 38,4 mg U/g Fe0 erreicht. Mit den Eisensäulen wurden insgesamt über 2.000 Porenvolumina (PV) ausgetauscht, ohne dass ein Durchbruch der Urankonzentration im Ablauf messbar war. Eine Remobilisierung des Urans durch uranfreies KGW wurde ebenfalls nicht beobachtet. Die Nachweisgrenze für Uran betrug 10 µgL. Bei Fe0-Säulen mit = 50 Gew.-% Eisenanteil, die mit carbonatreichem KGW beaufschlagt wurden, kam es nach einem Durchsatz von 800 bis 950 PV (&lt; 0,5 L/g Fe0) zu einem Verlust der Permeabilität, so dass die Säulen nicht weiter betrieben werden konnten. Bei den HAP-Säulen kam es nach einem Durchsatz von 1.240 PV zu einem Durchbruch der Uranfront mit Urankonzentrationen &gt; 15 µg/L im Ablauf. Nach 1.460 bzw. 2.140 PV erreichte die Urankonzentration im Ablauf 10% bzw. 50% der Zulaufkonzentration. In einem Desorptionsexperiment konnten mit 840 PV uranfreiem KGW 12,2% des Urans wieder aus einer Säule remobilisiert werden. Adsorption erwies sich als der dominante Mechanismus bei der Reaktion von HAP mit Uran. Mittels ESEM / EDX wurden in Proben mit Urangehalten von 250 mg U/g HAP uran- und phosphathaltige Kristalle nachgewiesen, die mittels Röntgendiffraktometrie als Chernikovit und Meta-Ankoleit identifiziert wurden. Damit wurde gezeigt, dass Oberflächenfällung unter günstigen Bedingungen ebenfalls stattfindet. In Fe0-Proben konnte keine Uranphase identifiziert werden. Aufgrund der ESEM-Bilder wird jedoch die Bildung eines gemischten U(IV)/U(VI)-Oxids vermutet. Während die langfristige Effektivität des HAP von dessen Sorptionskapazität bestimmt wurde, war die hydraulische Leitfähigkeit der limitierende Faktor beim Eisen. Die Zusammensetzung des KGW, vor allem der Carbonat- und Calciumgehalt, beeinflusste die Reinigungsleistung beider Systeme.</dc:description>
          <dc:description xml:lang="eng">Elemental iron (Fe0) and hydroxyapatite (HAP) were evaluated as reactive materials for use in permeable reactive barriers (PRBs) to remove uranium from contaminated groundwater. Special attention was given to the long-term performance of the materials, which was investigated by means of column tests with a duration of up to 30 months using two different artificial groundwaters (AGW) with varying composition and uranium concentration. The interaction of the materials with AGW was studied in column tests using 237U as a radiotracer to monitor the movement of the contamination front through the columns. The tested materials were shredded cast iron (granulated grey cast iron, 0.3 1.3 mm) supplied by Gotthard Mayer, Rheinfelden, Germany, and food quality grade hydroxyapatite (Ca5(PO4)3OH, 99 % &lt; 0.42 mm) supplied by Chemische Fabrik Budenheim CFB, Germany. Both materials exhibited uranium retention of more than 99.9% and sorption capacities of up to 28.3 mg U/g HAP and more than 38.4 mg U/g Fe0 (AGW with 9.6 mg U/L and low bicarbonate content of 120 mg/L). No breakthrough was observed for the Fe0 columns with effluent uranium concentrations being below the detection limit of 10 µg/L after treating more than 2,000 pore volumes (PV) and no uranium could be leached from loaded Fe0 columns with 200 PV of uranium free AGW. However, columns with high Fe0 content (= 50%) suffered from severe loss of permeability when AGW with = 320 mg/L bicarbonate was used. In the HAP columns a breakthrough occurred with effluent uranium concentrations &gt; 15 µg/l after treating 1,240 PV (10% and 50% breakthrough after 1,460 PV and 2,140 PV respectively). 12.2% of the accumulated uranium could be desorbed again with 840 PV of uranium free AGW. Adsorption was found to be the dominant reaction mechanism for uranium and HAP. Image analysis of high uranium content samples showed uranium and phosphate bearing crystals growing from HAP surfaces. The uranium phases chernikovite and meta-ankoleite of the autunite group were identified by x-ray diffraction. The existence of these mineral phases proves that surface precipitation also occurs under favourable conditions. No uranium mineral phases could be identified in spent Fe0 column material. But image analysis (ESEM / EDX) indicates formation of a mixed U(IV)/U(VI) oxide. While HAP long-term performance depends mainly on sorption capacity, maintaining hydraulic conductivity is crucial for Fe0. In both cases water compositon has a great influence as well.</dc:description>
          <dc:date>2007-01-25</dc:date>
          <dc:type>doctoralthesis</dc:type>
          <dc:type>doc-type:doctoralthesis</dc:type>
          <dc:format>application/pdf</dc:format>
          <dc:identifier>http://opus4.kobv.de/opus4-tuberlin/frontdoor/index/index/docId/1427</dc:identifier>
          <dc:identifier>urn:nbn:de:kobv:83-opus-14835</dc:identifier>
          <dc:identifier>http://nbn-resolving.de/urn/resolver.pl?urn:nbn:de:kobv:83-opus-14835</dc:identifier>
          <dc:identifier>http://opus4.kobv.de/opus4-tuberlin/files/1427/biermann_vera.pdf</dc:identifier>
          <dc:language>deu</dc:language>
          <dc:rights>Deutsches Urheberrecht mit Print on Demand (u.a. für Dissertationen empfohlen)</dc:rights>
        </oai_dc:dc>
      </metadata>
    </record>
  </GetRecord>
</OAI-PMH>
