<?xml version="1.0" encoding="utf-8"?>
<?xml-stylesheet type="text/xsl" href="xsl/oai2.xsl"?><OAI-PMH xmlns="http://www.openarchives.org/OAI/2.0/" xmlns:xsi="http://www.w3.org/2001/XMLSchema-instance" xsi:schemaLocation="http://www.openarchives.org/OAI/2.0/ http://www.openarchives.org/OAI/2.0/OAI-PMH.xsd">
  <responseDate>2014-10-15T06:48:54Z</responseDate>
  <request verb="GetRecord" metadataPrefix="oai_dc" identifier="oai:kobv.de-opus4-tuberlin:1020">http://opus4.kobv.de/opus4-tuberlin/oai</request>
  <GetRecord>
    <record>
      <header>
        <identifier>oai:kobv.de-opus4-tuberlin:1020</identifier>
        <datestamp>2013-07-01</datestamp>
        <setSpec>doc-type:doctoralthesis</setSpec>
        <setSpec>bibliography:false</setSpec>
        <setSpec>ddc</setSpec>
        <setSpec>ddc:620</setSpec>
      </header>
      <metadata>
        <oai_dc:dc xmlns:oai_dc="http://www.openarchives.org/OAI/2.0/oai_dc/" xmlns:dc="http://purl.org/dc/elements/1.1/" xsi:schemaLocation="http://www.openarchives.org/OAI/2.0/oai_dc/ http://www.openarchives.org/OAI/2.0/oai_dc.xsd">
          <dc:title xml:lang="deu">3D-Kopfposenschätzung in monochromatischen Videosequenzen geringer Auflösung</dc:title>
          <dc:title xml:lang="eng">3D Head Pose Estimation in Monochromatic, Low Resolution Video Sequences</dc:title>
          <dc:creator>Gründig, Martin</dc:creator>
          <dc:subject>ddc:620</dc:subject>
          <dc:description xml:lang="deu">Diese Arbeit befasst sich mit modellbasierten Bildverarbeitungsansätzen zur Detektion und Tracking der Position und Orientierung von menschlichen Köpfen bezüglich einer Kamera in allen 6 Freiheitsgraden. Durch die Kombination und Modifikation verschiedener bestehender Ansätze sowie die Entwicklung neuer Techniken wird ein automatisiertes System zur Detektion und Tracking der Kopfpose in monochromatischen Videosequenzen geringer Auflösung vorgestellt. Der vorgestellte Ansatz besteht aus einer Initialisierungsphase und einer Trackingphase. Im Zuge der Initialisierung wird die Kopfpose detektiert, ohne dass Vorwissen über das Aussehen und die Pose des Kopfes. Die Initialisierung ist begrenzt auf ein Orientierungsfenster von +/- 20° Abweichung von einer Frontalansicht. In der Trackingphase bestehen keine Restriktionen bezüglich der Kopforientierungen, es sind jedoch Näherungswerte für die Pose erforderlich. Die Leistungsfähigkeit unterschiedlicher merkmalsbasierter und texturbasierter Techniken wurde bezüglich variabler Beleuchtung, variabler Auflösung, Kopfbewegungen unterschiedlicher Geschwindigkeit und unterschiedlichen Testpersonen untersucht. Bei einer Auflösung der Köpfe von 100x60 Pixel im Bild wurde in der Initialisierung eine Detektionsrate von 79,19% bei einer False-Positive-Rate von 4,2% erzielt. Die erreichten Genauigkeiten bei Initialisierung und Tracking sind &lt;5° für Rotationen und 25mm für Translationen. Der größte Beitrag dieser Arbeit liegt im Bereich der beleuchtungs- und personeninvarianten Modellierung der Gesichtstextur unter Berücksichtigung der Gesichtssymmetrie. In diesem Zusammenhang wurden 2 neue Ansätze entwickelt. Die Erscheinung der Gesichter in den Bildern wird modelliert über ein 3D Kopfmodell in Zusammenhang mit einem Texturmodell. Unter der Annahme von lambertscher Reflexion und Gesichtssymmetrie wird sowohl analytisch als auch experimentell nachgewiesen, dass Texturdifferenzen zwischen linker und rechter Gesichtshälfte auf einer Linie (eindimensionaler Untervektorraum) im hochdimensionalen Raum der Gesichtstexturen liegen. Im Gegensatz dazu liegen die Gesichtstexturen selbst in einem dreidimensionalen Untervektorraum. Es wird somit gezeigt, dass durch die Verwendung von Texturdifferenzen die Modellierung der Textur eines variabel beleuchteten Gesichtes auf ein eindimensionales Problem reduziert werden kann. In einem ähnlichen Ansatz wird gezeigt dass ein personeninvariantes Gesichtstexturmodell erhalten werden kann wenn der Quotient zwischen linker und rechter Gesichtshälfte als Texturrepräsentation herangezogen wird. Diese Erkenntnisse sind auch für andere Anwendungen der Computer Vision von Interesse. Vor allem der Einsatz für eine beleuchtungsinvariante Gesichtserkennung erscheint viel versprechend und wäre zu untersuchen.</dc:description>
          <dc:description xml:lang="eng">This thesis investigates model based image processing approaches to detect and track the position and orientation of a human head with respect to a camera in all 6 degrees of freedom. Through the combination and modification of different existing approaches as well as the invention of new techniques a fully automated system to detect and track the head pose (position and orientation) in low resolution video sequences is being presented. The presented approach consists of an initialization stage and a tracking stage. During the initialization the head pose is detected without any information about appearance and approximate pose of the head. The initialization is restricted to an orientation window of +/- 20° deviation from a frontal view. During the tracking stage no restrictions with respect to head orientations apply but approximate values are necessary. The performance of different feature based and texture based techniques is being evaluated with respect to varying illumination, low image resolution, fast movements and varying users. The head usually covering about 100 x 60 pixel, a detection rate of 79,19% at a false positive rate of 4,2% could be achieved during the initialization. The achieved accuracy for initialization and tracking is &lt;5 .in rotation and 25mm in translation. The main contributions of this work lie in the field of illumination and person invariant modelling of face texture using face symmetry. 2 new techniques have been developed. The appearance of faces in images are modelled by a 3D head model in conjunction with a texture model. Assuming lambertian reflection and face symmetry, it is shown analytically as well as in experiments that texture differences between the left and the right half of a face under varying illumination do lie on a line (1 dimensional subspace) in the high-dimensional space of face textures, while the textures themselves lie in a 3 dimensional subspace. This shows that by using texture differences the modelling of face illumination can be reduced to a one dimensional problem. In a similar way it is shown that a person invariant face texture model can be received if the quotient between the left and the right half of the texture is used as a representation. These new findings could also be of increased interest for other applications in computer vision. Especially the use in illumination invariant face recognition seems promising and remains to be investigated.</dc:description>
          <dc:date>2005-06-28</dc:date>
          <dc:type>doctoralthesis</dc:type>
          <dc:type>doc-type:doctoralthesis</dc:type>
          <dc:format>application/pdf</dc:format>
          <dc:identifier>http://opus4.kobv.de/opus4-tuberlin/frontdoor/index/index/docId/1020</dc:identifier>
          <dc:identifier>urn:nbn:de:kobv:83-opus-10107</dc:identifier>
          <dc:identifier>http://nbn-resolving.de/urn/resolver.pl?urn:nbn:de:kobv:83-opus-10107</dc:identifier>
          <dc:identifier>http://opus4.kobv.de/opus4-tuberlin/files/1020/gruendig_martin.pdf</dc:identifier>
          <dc:language>deu</dc:language>
          <dc:rights>Deutsches Urheberrecht mit Print on Demand (u.a. für Dissertationen empfohlen)</dc:rights>
        </oai_dc:dc>
      </metadata>
    </record>
  </GetRecord>
</OAI-PMH>
