<?xml version="1.0" encoding="utf-8"?>
<?xml-stylesheet type="text/xsl" href="xsl/oai2.xsl"?><OAI-PMH xmlns="http://www.openarchives.org/OAI/2.0/" xmlns:xsi="http://www.w3.org/2001/XMLSchema-instance" xsi:schemaLocation="http://www.openarchives.org/OAI/2.0/ http://www.openarchives.org/OAI/2.0/OAI-PMH.xsd">
  <responseDate>2014-10-15T06:48:53Z</responseDate>
  <request verb="GetRecord" metadataPrefix="oai_dc" identifier="oai:kobv.de-opus4-tuberlin:1016">http://opus4.kobv.de/opus4-tuberlin/oai</request>
  <GetRecord>
    <record>
      <header>
        <identifier>oai:kobv.de-opus4-tuberlin:1016</identifier>
        <datestamp>2013-07-01</datestamp>
        <setSpec>doc-type:doctoralthesis</setSpec>
        <setSpec>bibliography:false</setSpec>
        <setSpec>ddc</setSpec>
        <setSpec>ddc:620</setSpec>
      </header>
      <metadata>
        <oai_dc:dc xmlns:oai_dc="http://www.openarchives.org/OAI/2.0/oai_dc/" xmlns:dc="http://purl.org/dc/elements/1.1/" xsi:schemaLocation="http://www.openarchives.org/OAI/2.0/oai_dc/ http://www.openarchives.org/OAI/2.0/oai_dc.xsd">
          <dc:title xml:lang="deu">Heterogene Explosionen in Gas/Flüssigkeitssystemen mit ruhender Oberfläche : charakteristische Eigenschaften des Explosionsverhaltens und Mechanismen</dc:title>
          <dc:creator>Dengel, Jörg</dc:creator>
          <dc:subject>ddc:620</dc:subject>
          <dc:description xml:lang="deu">In dieser Arbeit wurde erstmalig das Explosionsdiagramm des heterogenen Systems Diethylketon/Sauerstoff-Stickstoff in Abhängigkeit vom Gasvordruck und vom Stoffmengenanteil des Sauerstoffs erstellt. Nach den bei Raumtemperatur in einer Rohrstrecke erhaltenen Ergebnissen existieren fünf Bereiche unterschiedlichen Explosionsverhaltens: Pseudogasdeflagrationen, Pseudogasdetonationen, Oberflächendeflagrationen, Oberflächendetonation und ein schmaler Bereich in dem keine Zündung des Systems möglich war. Ein weiteres Ziel dieser Arbeit bestand darin, den Mechanismus von Oberflächenexplosionen zu untersuchen. Durch Explosionsuntersuchungen am heterogenen System Diethylketon/Sauerstoff-Stickstoff wurde dabei festgestellt, dass sich in dem Bereich, in dem Oberflächendeflagrationen entstehen, nach der Zündung eine Diffusionsflamme ausbildet, welche sich auf der Flüssigkeitsoberfläche durch das Rohr bewegt. Bei hohen Sauerstoffkonzentrationen findet eine deflagrative Verbrennung im gesamten Gasraum statt. Solche Oberflächendeflagrationen werden durch die Zerstäubung des Brennstoffes infolge von Stoßwellen mit geringer Intensität hervorgerufen. Bei niedrigen Sauerstoffkonzentrationen in der Gasphase folgt dem Diffusionsflammenstadium ein Abbrandstadium. Durch den Einsatz der laserinduzierten Fluoreszenz konnte die früher von Hofmann publizierte These, dass ein Stofftransport durch die Flammen hindurch stattfindet, für eindimensionale Oberflächenexplosionen wiederlegt werden. Experimentelle Untersuchungen am heterogenen System Methanol/Sauerstoff haben gezeigt, dass Oberflächendetonationen ebenfalls durch eine Zerstäubung des Brennstoffs als Folge der Wechselwirkung einer intensiven Gasströmung beziehungsweise der Wechselwirkung von Stoßwellen geringer Intensität mit der Fl&amp;uu ;ssigkeitsoberfläche verursacht werden. Die dadurch gebildeten Aerosole befinden sich nur in einem schmalen Bereich über der Flüssigkeitsoberfläche. Es wurde festgestellt, dass sich die Detonationsfront nur in diesem schmalen Bereich über der Flüssigkeit durch das Rohr bewegt. Berechnungen der Einwirkung einer horizontal über die Flüssigkeit laufenden Stoßwelle bestätigen dieses Modell. Oberflächendetonationen sind außerdem dadurch gekennzeichnet, dass periodische Sekundärexplosionen auftreten. Solche oszillierenden Explosionen entstehen, da die im System befindlichen Reaktanden Sauerstoff und Lösemittel nicht beim ersten Durchlauf der Detonationswelle vollständig umgesetzt werden. Die bei den Explosionsversuchen durchgeführten Druckmessungen haben darüber hinaus gezeigt, dass Detonationen im heterogenen System mit explosionsfähiger Gasphase (Pseudogasdetonationen) sicherheitstechnisch gefährlicher sind als Gasdetonationen.</dc:description>
          <dc:description xml:lang="eng">For the first time, the explosion diagram of a heterogeneous system (represented by diethylketone/oxygen-nitrogen) in dependence on the initial gas pressure and the molar fractions of oxygen and nitrogen was measured in a steel tube. Experiments in such heterogeneous systems showed at room temperature that five ranges of different explosion behaviour in a tube exist: pseudogas deflagrations, pseudogas detonations, surface deflagrations, surface detonations and a small range in which an ignition of the system was impossible. Another aim of this work was to investigate the mechanism of surface explosions. Surface deflagrations are characterised by the formation of a diffusion flame which moves along the liquid surface through the tube after ignition. Measurements performed in the system showed that a combustion occurred in the whole gas phase at a high molar fraction of the oxygen. This surface deflagration is the result of the dispersion of the fuel into aerosol particles induced by shock waves with low intensities. At low molar fractions of the oxygen in the gas phase, the diffusion flame stadium is followed by the a burnout phase. The former published thesis of a mass transfer through the flames during the diffusion flame and burnout phase was rebutted for one dimensional surface explosions (explosions in the heterogeneous systems combustible, organic liquid and gaseous oxidiser in a tube) by using laser-induced-fluorescence (LIF). Surface detonations are caused by dispersion of the liquid phase into aerosol particles as a result of the interaction of shock waves with low intensity and the liquid-surface. The aerosols are located in a small area above the liquid surface. The detonation front moves only in this small area above the liquid surface through the tube. This was shown by high-speed video recordings. Calculations of the impact of a horizontal shock wave moving atop the quid surface confirm this model. Another property of surface detonations is the occurrence of secondary explosions. Such explosions develop when oxygen and solvent are not completely converted during the first run of the detonation wave. Moreover, it was shown that explosions in heterogeneous systems including an explosive atmosphere (pseudogas explosions) are more dangerous than gas explosions.</dc:description>
          <dc:date>2005-07-18</dc:date>
          <dc:type>doctoralthesis</dc:type>
          <dc:type>doc-type:doctoralthesis</dc:type>
          <dc:format>application/pdf</dc:format>
          <dc:identifier>http://opus4.kobv.de/opus4-tuberlin/frontdoor/index/index/docId/1016</dc:identifier>
          <dc:identifier>urn:nbn:de:kobv:83-opus-10065</dc:identifier>
          <dc:identifier>http://nbn-resolving.de/urn/resolver.pl?urn:nbn:de:kobv:83-opus-10065</dc:identifier>
          <dc:identifier>http://opus4.kobv.de/opus4-tuberlin/files/1016/dengel_joerg.pdf</dc:identifier>
          <dc:language>deu</dc:language>
          <dc:rights>Deutsches Urheberrecht mit Print on Demand (u.a. für Dissertationen empfohlen)</dc:rights>
        </oai_dc:dc>
      </metadata>
    </record>
  </GetRecord>
</OAI-PMH>
