<?xml version="1.0" encoding="utf-8"?>
<?xml-stylesheet type="text/xsl" href="xsl/oai2.xsl"?><OAI-PMH xmlns="http://www.openarchives.org/OAI/2.0/" xmlns:xsi="http://www.w3.org/2001/XMLSchema-instance" xsi:schemaLocation="http://www.openarchives.org/OAI/2.0/ http://www.openarchives.org/OAI/2.0/OAI-PMH.xsd">
  <responseDate>2014-10-15T06:51:01Z</responseDate>
  <request verb="GetRecord" metadataPrefix="oai_dc" identifier="oai:kobv.de-opus4-tuberlin:1421">http://opus4.kobv.de/opus4-tuberlin/oai</request>
  <GetRecord>
    <record>
      <header>
        <identifier>oai:kobv.de-opus4-tuberlin:1421</identifier>
        <datestamp>2013-07-01</datestamp>
        <setSpec>doc-type:doctoralthesis</setSpec>
        <setSpec>bibliography:false</setSpec>
        <setSpec>ddc</setSpec>
        <setSpec>ddc:380</setSpec>
      </header>
      <metadata>
        <oai_dc:dc xmlns:oai_dc="http://www.openarchives.org/OAI/2.0/oai_dc/" xmlns:dc="http://purl.org/dc/elements/1.1/" xsi:schemaLocation="http://www.openarchives.org/OAI/2.0/oai_dc/ http://www.openarchives.org/OAI/2.0/oai_dc.xsd">
          <dc:title xml:lang="deu">Soziobiografische Entstehungsgeschichteund Weiterentwicklung der Kommunikationsstruktur eines Berufsverbandes</dc:title>
          <dc:title xml:lang="eng">Sociobiographical history of originsand further development of the communication structure of a professional association</dc:title>
          <dc:creator>Fritz, Michael</dc:creator>
          <dc:creator>Noack, Claus</dc:creator>
          <dc:subject>ddc:380</dc:subject>
          <dc:description xml:lang="deu">Die Arbeit beschreibt die historische Entwicklung der Kommunikation in der tekom, dem Berufsverband der Technischen Redakteure und Redakteurinnen im deutschsprachigen Raum. Im ersten Hauptteil wird der Berufsverband in seinem organisatorischen und internationalen Umfeld dargestellt. In 5 Entwicklungsstufen wird dann die historische Entwicklung des Verbandes von seiner Gründung im Jahre 1978 bis in die nahe Gegenwart nachgezeichnet. Dabei liegt das Augenmerk stets auf der Entwicklung der Kommunikation und auf dem Einsatz der genutzten Medien. Aus den historischen Erfahrungen mit der Entwicklung der Kommunikation im Verband werden die wichtigsten Erwartungen der Mitglieder an die Umsetzung von verbandlicher Kommunikation in das neue WebPortal der tekom abgeleitet. Im zweiten Hauptteil wird dann die technische Entwicklung der Webseite geschildert. Insbesondere wird dabei auf die notwendige technische Rahmenstruktur eingegangen, die notwendig ist, um eine dynamische Website mit verschiedenen Sprach- und Landesversionen zu betreiben.</dc:description>
          <dc:description xml:lang="eng">The paper describes the historical development of communication in tekom, the professional association for technical writers in German-speaking countries. The first part presents the association in its organisational and international environment. The historical development of the association is then traced in five stages from its founding in 1978 to the near present, always focusing on the development of tekom’s communication and its use of media. The primary expectations of its members regarding the implementation of tekom’s communication in its new Web portal are based on the historical experiences of the development of communication within the association. The second part then describes the technical development of the Web site, detailing in particular the technical framework structure necessary to run a dynamic Web site with different language and country versions.</dc:description>
          <dc:date>2007-01-15</dc:date>
          <dc:type>doctoralthesis</dc:type>
          <dc:type>doc-type:doctoralthesis</dc:type>
          <dc:format>application/msword</dc:format>
          <dc:format>application/pdf</dc:format>
          <dc:identifier>http://opus4.kobv.de/opus4-tuberlin/frontdoor/index/index/docId/1421</dc:identifier>
          <dc:identifier>urn:nbn:de:kobv:83-opus-14716</dc:identifier>
          <dc:identifier>http://nbn-resolving.de/urn/resolver.pl?urn:nbn:de:kobv:83-opus-14716</dc:identifier>
          <dc:identifier>http://opus4.kobv.de/opus4-tuberlin/files/1421/original_Diss_fritz_noack_Abgabe_1_2007.doc</dc:identifier>
          <dc:identifier>http://opus4.kobv.de/opus4-tuberlin/files/1421/fritz_noack.pdf</dc:identifier>
          <dc:language>deu</dc:language>
          <dc:rights>Deutsches Urheberrecht mit Print on Demand (u.a. für Dissertationen empfohlen)</dc:rights>
        </oai_dc:dc>
      </metadata>
    </record>
  </GetRecord>
</OAI-PMH>
