<?xml version="1.0" encoding="utf-8"?>
<?xml-stylesheet type="text/xsl" href="xsl/oai2.xsl"?><OAI-PMH xmlns="http://www.openarchives.org/OAI/2.0/" xmlns:xsi="http://www.w3.org/2001/XMLSchema-instance" xsi:schemaLocation="http://www.openarchives.org/OAI/2.0/ http://www.openarchives.org/OAI/2.0/OAI-PMH.xsd">
  <responseDate>2014-10-15T06:48:58Z</responseDate>
  <request verb="GetRecord" metadataPrefix="oai_dc" identifier="oai:kobv.de-opus4-tuberlin:1037">http://opus4.kobv.de/opus4-tuberlin/oai</request>
  <GetRecord>
    <record>
      <header>
        <identifier>oai:kobv.de-opus4-tuberlin:1037</identifier>
        <datestamp>2013-07-01</datestamp>
        <setSpec>doc-type:doctoralthesis</setSpec>
        <setSpec>bibliography:false</setSpec>
        <setSpec>ddc</setSpec>
        <setSpec>ddc:620</setSpec>
      </header>
      <metadata>
        <oai_dc:dc xmlns:oai_dc="http://www.openarchives.org/OAI/2.0/oai_dc/" xmlns:dc="http://purl.org/dc/elements/1.1/" xsi:schemaLocation="http://www.openarchives.org/OAI/2.0/oai_dc/ http://www.openarchives.org/OAI/2.0/oai_dc.xsd">
          <dc:title xml:lang="deu">Bewertung und Zuverlässigkeitsanalyse von Underfillmaterialien für die Flip-Chip-Technik</dc:title>
          <dc:creator>Rau, Ingolf</dc:creator>
          <dc:subject>ddc:620</dc:subject>
          <dc:description xml:lang="deu">In dieser Arbeit wurde ein zeitsparender Kombinationstest für Underfillmaterialien entwickelt, der aus der Lagerung eines realen Flip-Chip-Aufbaus in einem Pressure-Cooker-Gefäß bei 121 °C und 100 % relativer Luftfeuchte und einer anschließenden mechanischen Beanspruchung durch Vibration bei Raumtemperatur besteht. Durch die definierte mechanische Beanspruchung im Vibrationstest wird es möglich, die Fläche der Delaminationen als Bewertungskriterium für die Adhäsion des Underfillers an der Polyimidpassivierung des Chips zu verwenden. Um eine adäquate Testdauer im Pressure-Cooker-Gefäß abzuleiten, wurden die Feuchtigkeitskonzentrationen im Flip-Chip-Aufbau mit Hilfe einer Finite-Elemente-Simulation der Volumendiffusion berechnet. Für die Diffusion im Underfiller wurde ein erweitertes Ficksches Diffusionsmodell mit drei Parametern verwendet, welches eine zusätzliche irreversible Bindung erster Ordnung der Feuchtigkeit beschreibt. Damit kann eine lineare Feuchtigkeitsaufnahme über die Sättigungskonzentration eines rein Fickschen Ansatzes hinaus modelliert werden, wie sie bei Epoxidharzen und Polyimiden beobachtet wird. Entsprechend den Ergebnissen aus den durchgeführten Kombinationstests eignet sich diese Methode für eine Abschätzung von Mindestlagerzeiten. Die Testzeiten sollten so gewählt werden, dass Wassermolekülkonzentrationen zwischen 2,5·10^20 cm^(-3) und 10·10^20 cm^(-3) im Underfiller berechnet werden. Im anschließenden Vibrationstest wird der Flip-Chip-Aufbau mit zentraler Chipposition an den Ecken eingespannt und mit sinusförmigen Vibrationen angeregt. Dabei wird der Flip-Chip in analoger Form und Größe zu Temperaturwechseln verformt. Die Ergebnisse einer linearelastischen Finite-Elemente-Simulation zeigen, dass mit dem Vibrationstest die Scherspannungen und -dehnungen im Underfiller abgebildet werden können, welche in Temperaturwechseln aus der Differenz der Ausdehnungskoeffizienten von Leiterplatte und Chip resultieren. Bei konstanter Temperatur fehlt eine Voraussetzung für diejenigen zyklischen Zugspannungen und -dehnungen, die in Temperaturwecheltests durch die thermomechanische Fehlanpassung des Underfillers an seine benachbarten Materialien verursacht werden. Deshalb treten diese nicht während der mechanischen Vibrationsbeanspruchung auf und die Adhäsion des Underfillers im Flip-Chip-Aufbau wird unabhängig von seinen thermomechanischen Eigenschaften bewertet. Sowohl der zeitsparende Kombinationstest als auch die durchgeführten Standardzuverlässigkeitstests, Feuchtigkeitslagerung und Temperaturwechsel, sowie Kombinationen aus den Standardzuverlässigkeitstests zeigen, dass die Delamination des Underfillers vom Polyimid der primäre Versagensmechanismus des Underfillmaterials im Flip-Chip-Aufbau ist. Es besteht ein direkter Zusammenhang zwischen der Größe der Delamination und den elektrischen Ausfällen. Im Vergleich zu standardisierten Zuverlässigkeitstests, die mehrere Wochen bis Monate in Anspruch nehmen können, verkürzt der zeitsparende Kombinationstest die Evaluierungszeit auf weniger als eine Woche.</dc:description>
          <dc:date>2005-08-02</dc:date>
          <dc:type>doctoralthesis</dc:type>
          <dc:type>doc-type:doctoralthesis</dc:type>
          <dc:format>application/pdf</dc:format>
          <dc:identifier>http://opus4.kobv.de/opus4-tuberlin/frontdoor/index/index/docId/1037</dc:identifier>
          <dc:identifier>urn:nbn:de:kobv:83-opus-10269</dc:identifier>
          <dc:identifier>http://nbn-resolving.de/urn/resolver.pl?urn:nbn:de:kobv:83-opus-10269</dc:identifier>
          <dc:identifier>http://opus4.kobv.de/opus4-tuberlin/files/1037/rau_ingolf.pdf</dc:identifier>
          <dc:language>deu</dc:language>
          <dc:rights>Deutsches Urheberrecht mit Print on Demand (u.a. für Dissertationen empfohlen)</dc:rights>
        </oai_dc:dc>
      </metadata>
    </record>
  </GetRecord>
</OAI-PMH>
