<?xml version="1.0" encoding="utf-8"?>
<?xml-stylesheet type="text/xsl" href="xsl/oai2.xsl"?><OAI-PMH xmlns="http://www.openarchives.org/OAI/2.0/" xmlns:xsi="http://www.w3.org/2001/XMLSchema-instance" xsi:schemaLocation="http://www.openarchives.org/OAI/2.0/ http://www.openarchives.org/OAI/2.0/OAI-PMH.xsd">
  <responseDate>2014-10-15T06:50:28Z</responseDate>
  <request verb="GetRecord" metadataPrefix="oai_dc" identifier="oai:kobv.de-opus4-tuberlin:1297">http://opus4.kobv.de/opus4-tuberlin/oai</request>
  <GetRecord>
    <record>
      <header>
        <identifier>oai:kobv.de-opus4-tuberlin:1297</identifier>
        <datestamp>2013-07-01</datestamp>
        <setSpec>doc-type:doctoralthesis</setSpec>
        <setSpec>bibliography:false</setSpec>
        <setSpec>ddc</setSpec>
        <setSpec>ddc:650</setSpec>
      </header>
      <metadata>
        <oai_dc:dc xmlns:oai_dc="http://www.openarchives.org/OAI/2.0/oai_dc/" xmlns:dc="http://purl.org/dc/elements/1.1/" xsi:schemaLocation="http://www.openarchives.org/OAI/2.0/oai_dc/ http://www.openarchives.org/OAI/2.0/oai_dc.xsd">
          <dc:title xml:lang="deu">Telearbeit in der Unternehmensplanung. Eine empirische Untersuchung. Analysen, Wertungen, Handlungsempfehlungen. Im Brennpunkt Arbeiten zu Hause, alternierend, selbständig</dc:title>
          <dc:title xml:lang="eng">Telework in strategic planning</dc:title>
          <dc:creator>Weiland, Bernd Peter</dc:creator>
          <dc:subject>ddc:650</dc:subject>
          <dc:description xml:lang="deu">Telearbeit in der Unternehmensplanung ist ein Projekt auf der Grundlage einer empirischen Untersuchung in Deutschland. 1071 Antworten, resultierend aus Kontaktinterviews mit den Zuständigen aus einem breit gefächerten Branchenmix, liefern echte Daten. 60 Fragen, von der Kostenreduktion über die Flexibilisierung bis hin zu Leistungssteigerungen und Schulungsmassnahmen, fliessen in diese Untersuchung ein und bilden das Gerüst dieser Arbeit. Was ist Telearbeit, wer ist Telearbeiterin, wer Telearbeiter, ist Basisfrage dieses Projektes. Satelitten-. und Nachbarschaftsbüros, Telehäuser und Teleservicezentren,die „ON-SITE“ Telearbeit und das virtuelle Unternehmen werden vorgestellt. Vorliegenden Messdaten zur Wirtschaftlichkeit durchzuführender Maßnahmen, die die Einführung von Telearbeit begleiten, Messdaten zur Entlohnung, zu den rechtlichen Rahmenbedingungen und auch zur Qualifizierung involvierter Telearbeiterinnen und Telearbeiter verdeutlichen in ihrer Analyse die Sichtweise und das Handeln der Unternehmer und der Verantwortlichen im Führungsbereich der Betriebe. Die aus den Messdaten hergeleiteten Erkenntnisse werden an Hand vieler Diagramme anschaulich dargestellt und mit Handlungsempfehlungen unterlegt. Im Brennpunkt dieser Untersuchung steht die Telearbeit ZUHAUSE und ALTERNIEREND. Die Arbeit in der SELBSTÄNDIGKEIT ist die Ergänzung, die in Hinblick auf beide Konstrukte die Gratwanderung zwischen abhängiger und selbständiger Tätigkeit beleuchtet. Breiter Raum wird dem Thema Zeitmanagement eingeräumt. Am Beispiel des „Pareto Prinzips“, der „Alpenmethode“, der „ABC Analyse“, das „Eisenhower Prinzips“ und der „REFA Normkurve“ werden Arbeitsabläufe entwickelt. Ein Vergleich der aus der empirischen Untersuchung vorliegenden Anzahl der Telearbeiterinnen und Telearbeiter in Deutschland mit den Zahlen aus Hochrechnungen zum Vereinigten Königreich und Spanien macht deutlich, dass schwammige Definitionen realitätsbezogenes Zahlenwerk verhindern. Die vorliegende Arbeit zeigt, dass Telearbeit dann funktioniert, wenn involvierten Mitarbeiterinnen und Mitarbeitern vor dem Hintergrund flacher Hierarchien auf der Basis präziser und erfüllbar Zielvorgaben und vorsichtig hantierten Kontrollmechanismen mehr Selbstverantwortung und mehr Eigeninitiative zugestanden ist. TELEARBEIT ist zukunftsweisendes Emanzipationsmodell für die Arbeit von morgen.</dc:description>
          <dc:description xml:lang="eng">Telework in strategic planning is a project based on an empirical study in three European countries. Survey Methods: The survey consisted of 60 questions, ranging from cost reduction and flexibility to measures of effectiveness and increases in achievement. 1071 survey responses were received as a result of interviews with those responsible from a wide field of vocations. Analysis of these data serves as the basis of the study. Identification of what is Telework and who are Teleworkers is the goal of the research project. Satellite and neighborhood offices, “Telehouses�? (offsite employees) and Tele-service centers that are dedicated to onsite Telework and their virtual users are introduced. Previous studies on the economy and effectiveness of Telework, including a review of past assessment methods and the design of an appropriate framework, accompany the introduction. This serves to develop an analysis of the qualifications of Teleworkers’ perspectives on dealing with clients and business leaders. The research is represented in diagrams with explanatory recommendations to support the findings on Telework. A critical issue raised in the study addresses Teleworkers who work at home and on alternate schedules. Self-employment was the key that illuminated the differences between dependent and independent productiveness. On a broader level, the theme of time management emerged. Examples of Paretoprinciple,the Alpine-method, the ABC-analysis, the Eisenhower-principleand the REFA-Norm-curve work routines were developed to demonstrate work habits. A comparison with an empirical study of the existing number of Teleworkers in Germany with high numbers in the United Kingdom and Spain demonstrates that an unclear definition prevents an accurate representation of the differences between Teleworkers in these countries. The study shows that Telework is effective when employees face little hierarchy, when their work output is realistic and specified, and when control mechanisms encourage greater self-reliance and initiative. Telework is the model of emancipation in the workplace of tomorrow.</dc:description>
          <dc:date>2006-07-04</dc:date>
          <dc:type>doctoralthesis</dc:type>
          <dc:type>doc-type:doctoralthesis</dc:type>
          <dc:format>application/pdf</dc:format>
          <dc:identifier>http://opus4.kobv.de/opus4-tuberlin/frontdoor/index/index/docId/1297</dc:identifier>
          <dc:identifier>urn:nbn:de:kobv:83-opus-13042</dc:identifier>
          <dc:identifier>http://nbn-resolving.de/urn/resolver.pl?urn:nbn:de:kobv:83-opus-13042</dc:identifier>
          <dc:identifier>http://opus4.kobv.de/opus4-tuberlin/files/1297/weiland_bernd.pdf</dc:identifier>
          <dc:language>deu</dc:language>
          <dc:rights>Deutsches Urheberrecht mit Print on Demand (u.a. für Dissertationen empfohlen)</dc:rights>
        </oai_dc:dc>
      </metadata>
    </record>
  </GetRecord>
</OAI-PMH>
