<?xml version="1.0" encoding="utf-8"?>
<?xml-stylesheet type="text/xsl" href="xsl/oai2.xsl"?><OAI-PMH xmlns="http://www.openarchives.org/OAI/2.0/" xmlns:xsi="http://www.w3.org/2001/XMLSchema-instance" xsi:schemaLocation="http://www.openarchives.org/OAI/2.0/ http://www.openarchives.org/OAI/2.0/OAI-PMH.xsd">
  <responseDate>2014-10-15T06:49:55Z</responseDate>
  <request verb="GetRecord" metadataPrefix="oai_dc" identifier="oai:kobv.de-opus4-tuberlin:1180">http://opus4.kobv.de/opus4-tuberlin/oai</request>
  <GetRecord>
    <record>
      <header>
        <identifier>oai:kobv.de-opus4-tuberlin:1180</identifier>
        <datestamp>2013-07-01</datestamp>
        <setSpec>doc-type:doctoralthesis</setSpec>
        <setSpec>bibliography:false</setSpec>
        <setSpec>ddc</setSpec>
        <setSpec>ddc:330</setSpec>
      </header>
      <metadata>
        <oai_dc:dc xmlns:oai_dc="http://www.openarchives.org/OAI/2.0/oai_dc/" xmlns:dc="http://purl.org/dc/elements/1.1/" xsi:schemaLocation="http://www.openarchives.org/OAI/2.0/oai_dc/ http://www.openarchives.org/OAI/2.0/oai_dc.xsd">
          <dc:title xml:lang="deu">Darstellung und Anwendung eines Bewertungsmodells im Rahmen des Controllings unter Beachtung der IAS/IFRS</dc:title>
          <dc:title xml:lang="eng">Presentation and application of a valuation model in financial controlling with regard to IAS/IFRS</dc:title>
          <dc:creator>Volkmann, Sebastian</dc:creator>
          <dc:subject>ddc:330</dc:subject>
          <dc:description xml:lang="deu">Die zunehmende Etablierung des Shareholder Value-Gedankens in Europa, die Rechnungslegung nach IAS/IFRS in Kombination mit der Forderung nach Konvergenz des internen sowie des externen Rechnungswesens erfordern die vertiefte Kapitalmarktorientierung von Unternehmen. Entsprechend werden in dieser Arbeit Ansätze diskutiert, die wertorientierte Unternehmensführung mit Hilfe eines Bewertungsmodells zu unterstützen, um Implementierungslücken auf Ebene des Konzern- oder Geschäftsbereichscontrollings zu schließen. Als bewertungstheoretische Grundlage eines kapitalmarktorientierten Bewertungsmodells wird das Discounted Cash Flow- (DCF-)Verfahren in Form des WACC-Ansatzes herangezogen und in das Discounted Residual Income- (DRI-)Verfahren überführt, wobei im besonderen die Bedingungen der Barwertkompatibilität herausgearbeitet werden. Das Bewertungsmodell wird in Anlehnung an das führungsorganisatorische Referenzkonzept des industriellen Großkonzerns dargestellt und unter Beachtung der Ansatz-, Bilanzierungs- und Berichtspflichten nach IAS/IFRS spezifiziert. Die Integration des Bewertungsmodells in das Steuerungssystem des Unternehmens wird auf Basis von Residualgewinnen vorgenommen und vor dem Hintergrund von Geschäftsbereichsorganisationen im Kontext der Regelungen des IAS 14 fortgeführt. Eine Betonung liegt auf der bewertungs- und steuerungskonzeptionell geeigneten Abbildung von leistungsorientierten Versorgungsplänen nach IAS 19 sowie der Diskussion um die geeignete Aggregation sowie Phasendifferenzierung des Bewertungsmodells. Als Anwendungsgebiet des Bewertungsmodells wird zunächst dessen Einbindung in die Planung und Budgetierung des Unternehmens und seiner Geschäftsbereiche beschrieben. Ausgehend von den Schwächen der klassischen Budgetierung und der Darstellung jüngerer Ansätze zur Neugestaltung der Budgetierung wird das Bewertungsmodell als Instrument hervorgebracht, eine Verbindung zwischen periodischen Budgets und deren Bewertung im Sinne eines fundamental begründeten Aktienkurses herzustellen und somit eine Plausibilisierung in Hinblick auf das Oberziel der Wertsteigerung zu ermöglichen. Je nach Ableitungsweg werden die interne Bewertung (bottom-up) und die kapitalmarktbasierte Budgetierung (top-down) diskutiert, wobei die in der jüngeren Literatur geführte Diskussion um ein „Value Reporting“ aufgegriffen wird. Ein weiteres Anwendungsgebiet des Bewertungsmodells besteht in der Bestimmung von erwarteten Kapitalkosten. Ausgehend von der Diskussion um das „Equity Premium Puzzle“ werden alternative Literaturansätze zur Bestimmung erwarteter Eigenkapitalkosten auf Basis von Konsensusschätzungen von Analysten dargelegt und konzeptionell unter Verwendung des Bewertungsmodells auf die Bestimmung erwarteter operativer Kapitalkosten übertragen.</dc:description>
          <dc:description xml:lang="eng">The growing Shareholder Value orientation in Europe, the reporting requirements under IAS/IFRS and the harmonization of external reporting and internal financial accounting call for a deepening of the capital market orientation of companies. Accordingly, in this work a valuation model is presented to support value-based management and to close implementation gaps on group and business unit level. Based on the Discounted Residual Income technique the valuation model is designed to fit the organizational structure of a segmented industrial conglomerate and the requirements of recognition, measurement and reporting under IAS/IFRS. Emphasis is placed on the analysis of the IAS 14 and the IAS 19 with regard to valuation adequacy of the performance and reporting items, the aggregation of the segmented model and the sectioning of the valuation horizon. Two areas of application for the valuation model in value-based management are presented depending on the set of input parameters given. First, the model can be used in planning and budgeting to either assess the expected fundamental value based on internal plans or to derive strategic targets from capital market expectations embodied in share price and analyst profit consensus. Second, the model can be used to determine the expected cost of capital to avoid the empirical problems and restrictions of the established methods using historical data.</dc:description>
          <dc:date>2005-12-27</dc:date>
          <dc:type>doctoralthesis</dc:type>
          <dc:type>doc-type:doctoralthesis</dc:type>
          <dc:format>application/pdf</dc:format>
          <dc:identifier>http://opus4.kobv.de/opus4-tuberlin/frontdoor/index/index/docId/1180</dc:identifier>
          <dc:identifier>urn:nbn:de:kobv:83-opus-11899</dc:identifier>
          <dc:identifier>http://nbn-resolving.de/urn/resolver.pl?urn:nbn:de:kobv:83-opus-11899</dc:identifier>
          <dc:identifier>http://opus4.kobv.de/opus4-tuberlin/files/1180/volkmann_sebastian.pdf</dc:identifier>
          <dc:language>deu</dc:language>
          <dc:rights>Deutsches Urheberrecht mit Print on Demand (u.a. für Dissertationen empfohlen)</dc:rights>
        </oai_dc:dc>
      </metadata>
    </record>
  </GetRecord>
</OAI-PMH>
