<?xml version="1.0" encoding="utf-8"?>
<?xml-stylesheet type="text/xsl" href="xsl/oai2.xsl"?><OAI-PMH xmlns="http://www.openarchives.org/OAI/2.0/" xmlns:xsi="http://www.w3.org/2001/XMLSchema-instance" xsi:schemaLocation="http://www.openarchives.org/OAI/2.0/ http://www.openarchives.org/OAI/2.0/OAI-PMH.xsd">
  <responseDate>2014-10-15T06:50:30Z</responseDate>
  <request verb="GetRecord" metadataPrefix="oai_dc" identifier="oai:kobv.de-opus4-tuberlin:1303">http://opus4.kobv.de/opus4-tuberlin/oai</request>
  <GetRecord>
    <record>
      <header>
        <identifier>oai:kobv.de-opus4-tuberlin:1303</identifier>
        <datestamp>2013-07-01</datestamp>
        <setSpec>doc-type:doctoralthesis</setSpec>
        <setSpec>bibliography:false</setSpec>
        <setSpec>ddc</setSpec>
        <setSpec>ddc:530</setSpec>
      </header>
      <metadata>
        <oai_dc:dc xmlns:oai_dc="http://www.openarchives.org/OAI/2.0/oai_dc/" xmlns:dc="http://purl.org/dc/elements/1.1/" xsi:schemaLocation="http://www.openarchives.org/OAI/2.0/oai_dc/ http://www.openarchives.org/OAI/2.0/oai_dc.xsd">
          <dc:title xml:lang="eng">Noise-induced spatiotemporal dynamics in the double barrier resonant tunneling diode</dc:title>
          <dc:title xml:lang="deu">Rauschinduzierte raumzeitliche Dynamik in der resonanten Tunneldiode mit Doppelbarriere</dc:title>
          <dc:creator>Stegemann, Grischa</dc:creator>
          <dc:subject>ddc:530</dc:subject>
          <dc:description xml:lang="eng">This work is about spatiotemporal pattern formation in the double barrier resonant tunneling diode (DBRT). We investigate the temporal evolution of the voltage drop across the DBRT and the lateral current density distribution within the quantum well by means of model equations describing the dynamics of these two quantities. These model equations are a set of partial differential equations of reaction-diffusion type which we investigate analytically and also integrate numerically to simulate the dynamics of the voltage and the current density in the DBRT. Starting from the spatiotemporal dynamics in the deterministic model of the DBRT which is well studied to some extent, we investigate the dynamics under the influence of additional noise. For this purpose we fix the parameters of the model in a regime where the deterministic system rests in a stable fixed point which represents a spatially inhomogeneous density pattern of the current density, a current filament. Furthermore, in this situation the deterministic system is close to but below the Hopf bifurcation point of this stable steady state. We integrate the model equations, extended by appropriate noise terms, numerically and investigate the dependence of the resulting spatiotemporal dynamics upon the noise intensity. We show that the addition of white noise of small intensity can lead to noise induced spatially inhomogeneous oscillations which can be quite coherent in time. As the noise intensity grows the temporal correlation of these oscillations decreases whereas at the same time the spatial distribution of the current density becomes more homogeneous. Thus, while on the one hand additional noise destroys the temporal coherence of the dynamics, it enhances the spatial coherence of the current density pattern on the other hand. Further on, we investigate whether time delayed feedback can be used to influence the noise-induced spatiotemporal patterns and their temporal coherence. It turns out that the temporal regularity of the noise-induced oscillations can either be increased or decreased by the time delayed feedback loop depending on the particular choice of the feedback delay time. We can explain the effects of the delayed feedback and their dependence on the delay time by means of linear stability analysis of the spatially extended system. Additionally, in this context we study the impact of the delay term upon the deterministic dynamics in the DBRT. The latter can change significantly depending on the control strength.</dc:description>
          <dc:description xml:lang="deu">Die vorliegende Arbeit handelt von raumzeitlicher Musterbildung der Ladungsträgerdichteverteilung in der resonanten Tunneldiode mit Doppelbarriere (DBRT für engl. double barrier resonant tunneling diode). Untersucht wird die zeitliche Entwicklung der an der Diode abfallenden Spannung und die der räumlichen Verteilung der Ladungsträgerdichte anhand von Modellgleichungen, die die Dynamik dieser beiden Größen beschreiben. Dabei handelt es sich um ein Paar partieller Differentialgleichungen vom Reaktions-Diffusions-Typ, die einerseits mit analytischen Methoden untersucht werden und andererseits numerisch integriert werden, um die Dynamik von Spannung und Ladungsträgerdichte zu simulieren. Während die raumzeitliche Dynamik im deterministischen Modell der DBRT zum großen Teil schon bekannt ist, soll in dieser Arbeit der Einfluss von Rauschen auf ebendiese Dynamik untersucht werden. Dazu werden die Parameter der Modellgleichungen so gewählt, dass das deterministische System in einem stabilen Fixpunkt ruht, der einer räumlich inhomogenen Verteilung der Ladungsträgerdichte entspricht, einem Stromfilament. Zusätzlich wird der Bifurkationsparameter so eingestellt, dass sich das deterministische System in der Nähe, unterhalb der Hopf-Bifurkation dieses Fixpunktes befindet. Um entsprechende Rauschterme erweitert, werden die Modellgleichungen numerisch integriert und die resultierende Dynamik in Abhängigkeit der Rauschintensität studiert. Kleine Rauschintensität führt dabei zu zeitlich kohärenten Oszillationen um den räumlich inhomogenen Fixpunkt. Mit zunehmender Rauschintensität werden diese Oszillationen unregelmäßiger in der Zeit, gleichzeitig jedoch wird die räumliche Ladungsträgerdichteverteilung homogener. Während wachsende Rauschintensität also zeitliche Kohärenz in der Dynamik zerstört, verbessert sie auf der anderen Seite die räumliche Kohärenz der Ladungsträgerdichte. Darauf aufbauend wird der Frage nachgegangen, ob und inwieweit sich die zuvor untersuchten, rauschinduzierten, raumzeitlichen Muster und deren Kohärenz mittels zeitverzögerter Rückkopplung beeinflussen lassen. Wie sich herausstellt, lässt sich die zeitliche Regularität der rauschinduzierten Oszillationen durch geeignete Wahl der Verzögerungszeit verbessern oder auch verschlechtern. Die Abhängigkeit des Effekts der Rückkopplung von der Verzögerungszeit lässt sich mittels linearer Stabilitätsanalyse des räumlich ausgedehnten Systems analytisch erklären. Auch die Auswirkung des zeitverzögerten Kontrollterms auf die deterministische Dynamik in der DBRT wird dabei systematisch untersucht. Diese kann sich sich je nach Wahl der Kontrollstärke und wiederum der Verzögerungszeit signifikant ändern.</dc:description>
          <dc:date>2006-07-20</dc:date>
          <dc:type>doctoralthesis</dc:type>
          <dc:type>doc-type:doctoralthesis</dc:type>
          <dc:format>application/pdf</dc:format>
          <dc:identifier>http://opus4.kobv.de/opus4-tuberlin/frontdoor/index/index/docId/1303</dc:identifier>
          <dc:identifier>urn:nbn:de:kobv:83-opus-13314</dc:identifier>
          <dc:identifier>http://nbn-resolving.de/urn/resolver.pl?urn:nbn:de:kobv:83-opus-13314</dc:identifier>
          <dc:identifier>http://opus4.kobv.de/opus4-tuberlin/files/1303/stegemann_grischa.pdf</dc:identifier>
          <dc:language>eng</dc:language>
          <dc:rights>Deutsches Urheberrecht mit Print on Demand (u.a. für Dissertationen empfohlen)</dc:rights>
        </oai_dc:dc>
      </metadata>
    </record>
  </GetRecord>
</OAI-PMH>
