<?xml version="1.0" encoding="utf-8"?>
<?xml-stylesheet type="text/xsl" href="xsl/oai2.xsl"?><OAI-PMH xmlns="http://www.openarchives.org/OAI/2.0/" xmlns:xsi="http://www.w3.org/2001/XMLSchema-instance" xsi:schemaLocation="http://www.openarchives.org/OAI/2.0/ http://www.openarchives.org/OAI/2.0/OAI-PMH.xsd">
  <responseDate>2014-10-15T06:49:56Z</responseDate>
  <request verb="GetRecord" metadataPrefix="oai_dc" identifier="oai:kobv.de-opus4-tuberlin:1185">http://opus4.kobv.de/opus4-tuberlin/oai</request>
  <GetRecord>
    <record>
      <header>
        <identifier>oai:kobv.de-opus4-tuberlin:1185</identifier>
        <datestamp>2013-07-01</datestamp>
        <setSpec>doc-type:doctoralthesis</setSpec>
        <setSpec>bibliography:false</setSpec>
        <setSpec>ddc</setSpec>
        <setSpec>ddc:620</setSpec>
      </header>
      <metadata>
        <oai_dc:dc xmlns:oai_dc="http://www.openarchives.org/OAI/2.0/oai_dc/" xmlns:dc="http://purl.org/dc/elements/1.1/" xsi:schemaLocation="http://www.openarchives.org/OAI/2.0/oai_dc/ http://www.openarchives.org/OAI/2.0/oai_dc.xsd">
          <dc:title xml:lang="deu">Gewinnung und Charakterisierung von Kaseinen aus nicht verkehrsfähiger Milch für industrielle Anwendungen</dc:title>
          <dc:title xml:lang="eng">Production and characterisation of Casein from non marketable milk for industrially applications</dc:title>
          <dc:creator>Badarani, Abdulah</dc:creator>
          <dc:subject>ddc:620</dc:subject>
          <dc:description xml:lang="deu">Ziel der Arbeit ist die Entwicklung von Verfahren zur Verwertung nicht verkehrsfähiger Milch (nicht verkehrsfähige Milch präsentiert sich vor allem als hemmstoffhaltige Milch und Kolostralmilch) und Überschussmilch zur Gewinnung von Kaseinen für technische Zwecke und deren Nutzung als Wertrohstoffbasis. Die vorliegende Arbeit beinhaltet die Entwicklung von Verfahren im kleintechnischen Maßstab zur Herstellung von Lab- und Säurekasein aus NV-Milch und Charakterisierung der technischen hergestellten Kaseine durch chemische und physikalische Skalierung und Überprüfung der Eignung der gewonnenen Präparate für die Herstellung von Photoresisten. Kasein hat eine lange Geschichte der Verwendung in der Industrie als z. B. Holz- oder Papierkleber, Zuschlagstoff zu Latexfarben, Kunststoffen und Papierbeschichtungsstoff. Bedingt durch Rohstoff- und Herstellungskosten sowie Materialeigenschaften wird Kasein jedoch zunehmend aus der industriellen Verwendung außer in der Lebensmittelproduktion durch billigere und funktionellere Zusätze verdrängt. Kasein wird aus Magermilch mittels Säure oder Koagulation mittels Lab hergestellt. Beim Herstellungsprozess müssen die Komponenten Fett, Molkenproteine, Laktose und Mineralien so weit wie möglich durch das mehrmalige Waschen mit Wasser entfernt werden, da sie sonst die Qualität des Kaseins und seine Lagereigenschaften negativ beeinflussen. Durch intensive Produktionsverfahren in der Landwirtschaft, die sich besonders durch konzentrierte Haltungsverfahren und Anbautechniken auszeichnen, kommt es zu einer starken Beeinträchtigung des ökologischen Systems. Neben dem erhöhten Anfall tierischer Exkremente, die zu einer erheblichen Stickstoffbelastung der landwirtschaftlichen Nutzflächen führen, entstehen in der Milchproduktion bisher nicht berücksichtigte Mengen an Milch, die aufgrund verschiedenster Ursachen als Abfallprodukt entsorgt werden müssen. Im kleintechnischen Maßstab wurden Verfahrensentwicklungen für die Herstellung von Lab- und Säurekasein entwickelt und Versuche zur Herstellung technischer Kaseine durchgeführt. 9 Chargen wurden hergestellt von Labkasein und untersucht. Eine Gelform mit Applikationsschwierigkeiten bezüglich Löslichkeit, Aschegehalt und Trocknungsverhalten wurde hergestellt. Die Labkaseine entsprechen nicht dem Applikationsstandard von Säurekaseinen. Die Ergebnisse 8 Milchproben zeigen, dass Säurekasein der guten Qualität aus nicht verkehrsfähiger Milch produziert werden kann. Im Allgemeinen wird der Produktion Prozess schwieriger, wenn nicht verkehrsfähige Milch benutzt wird. HPLC-Untersuchungen für Ermittlung der Proteinbestandteile und der Prüfung von Löslichkeit für zwei Arten Kasein wurden gebildet. Da die elektronische Industrie vom konventionellen Farbbildschirm mit Lochmaske zum Flachbildschirm mit LEC-Technik allgemein übergegangen ist, sollen andere Anwendungsgebiete für technische Kaseine aus nicht verkehrsfähiger Milch, z. B. das Verkleben von Glasscheiben angedacht werden.</dc:description>
          <dc:description xml:lang="eng">The aim of the work is the development of procedures to utilise non marketable milk (non marketable milk presents itself particularly as inhibitor containing milk or colostrum) and surplus milk for the production of casein for technical purposes and their use as valuable raw material. The present work contains the manfacture of the technical rennet and acid caseins from non marketable milk, characterisation of chemical and physical properties and the examination of the suitability of the develped procedures for the production of photosensitive resists (technology development for rennet casein and acidification with sulphuric acid). In former times casein was used as wood or paper adhesive, aggregate to latex paint, plastics and paper coating material. Due to raw material and manufacturing costs as well as material properties casein is more and more displaced by cheaper and more functional additives. Casein is produced from skimmed milk by acidification or renneting. The components fat, whey protein, lactose and minerals negativelly affect the casein quality they have been removed during the production proess by repeated washing with water. Intensive production procedures in the agriculture, which are characterised particularly by concentrated attitude procedures and agricultural techniques, lead to a strong impairment of the ecological system. Apart from the increased accumulation of animal excremente, which lead to a substantial nitrogen load of the agricultural effective areas, huge quantities of milk in the milk production, which must be disposed due to most diverse causes as waste product. Rennet casein was produced of 9 milk samples. The rennet casein does not correspond to the application standard of acid casein which was produced using sulfuric acid. Using this procedure calcium precipitated in form of sulphate and gel formation. The results of 8 milk samples show that acid casein of good quality from non marketable milk can be produced. The yield depended on the level of casein in non marketable milk Generally the production process becomes more difficult if non marketable milk is used. HPLC-investigations for determination of protein components and examination of solubility for two types of casein were made. Since the production of the conventional color screen with aperture mask changed to the production of flat screen with LEC technology, other areas of application for technical caseins from non marketable milk, e.g. sticking together windowpanes have to be considered.</dc:description>
          <dc:date>2006-01-13</dc:date>
          <dc:type>doctoralthesis</dc:type>
          <dc:type>doc-type:doctoralthesis</dc:type>
          <dc:format>application/pdf</dc:format>
          <dc:identifier>http://opus4.kobv.de/opus4-tuberlin/frontdoor/index/index/docId/1185</dc:identifier>
          <dc:identifier>urn:nbn:de:kobv:83-opus-11931</dc:identifier>
          <dc:identifier>http://nbn-resolving.de/urn/resolver.pl?urn:nbn:de:kobv:83-opus-11931</dc:identifier>
          <dc:identifier>http://opus4.kobv.de/opus4-tuberlin/files/1185/badarani_abdulah.pdf</dc:identifier>
          <dc:language>deu</dc:language>
          <dc:rights>Deutsches Urheberrecht mit Print on Demand (u.a. für Dissertationen empfohlen)</dc:rights>
        </oai_dc:dc>
      </metadata>
    </record>
  </GetRecord>
</OAI-PMH>
