<?xml version="1.0" encoding="utf-8"?>
<?xml-stylesheet type="text/xsl" href="xsl/oai2.xsl"?><OAI-PMH xmlns="http://www.openarchives.org/OAI/2.0/" xmlns:xsi="http://www.w3.org/2001/XMLSchema-instance" xsi:schemaLocation="http://www.openarchives.org/OAI/2.0/ http://www.openarchives.org/OAI/2.0/OAI-PMH.xsd">
  <responseDate>2014-10-15T06:50:20Z</responseDate>
  <request verb="GetRecord" metadataPrefix="oai_dc" identifier="oai:kobv.de-opus4-tuberlin:1265">http://opus4.kobv.de/opus4-tuberlin/oai</request>
  <GetRecord>
    <record>
      <header>
        <identifier>oai:kobv.de-opus4-tuberlin:1265</identifier>
        <datestamp>2013-07-01</datestamp>
        <setSpec>doc-type:doctoralthesis</setSpec>
        <setSpec>bibliography:false</setSpec>
        <setSpec>ddc</setSpec>
        <setSpec>ddc:620</setSpec>
      </header>
      <metadata>
        <oai_dc:dc xmlns:oai_dc="http://www.openarchives.org/OAI/2.0/oai_dc/" xmlns:dc="http://purl.org/dc/elements/1.1/" xsi:schemaLocation="http://www.openarchives.org/OAI/2.0/oai_dc/ http://www.openarchives.org/OAI/2.0/oai_dc.xsd">
          <dc:title xml:lang="deu">Theoretische und experimentelle Überprüfung von Berechnungsgrundlagen zur Schallfeldsteuerung für die Ultraschallprüfung</dc:title>
          <dc:title xml:lang="eng">Theoretical and experimental verification of calculation fundamentals for sound field steering in ultrasonic testing</dc:title>
          <dc:creator>Rehfeldt, Thomas</dc:creator>
          <dc:subject>ddc:620</dc:subject>
          <dc:description xml:lang="deu">Die vorliegende Arbeit berichtet über Versuche, mit Näherungsalgorithmen den Zusammenhang zwischen dem konstruktiven Aufbau von Ultraschallsensoren mit piezoelektrischen Schwingern und den sich im Prüfmedium ergebenden Schalldruckverteilungen zu beschreiben. Die Näherungen sollen eine schnelle Abschätzung und Optimierung der wichtigsten Daten von Prüfköpfen für die Ultraschallprüfung ermöglichen. Mit Hilfe dieser Algorithmen können dann für ein meist durch die Fehlertiefenlage und die Bauteilkrümmung definiertes Prüfproblem die optimalen konstruktiven Prüfkopfdaten (Schwingerabmessung, Einschallwinkel, Fokussierung und Frequenz) ohne aufwendige Modellrechnungen berechnet werden. Obwohl die untersuchten Algorithmen gelegentlich in der Praxis angewendet wurden, sind diese nie systematisch hinsichtlich ihrer Gültigkeitsgrenzen untersucht worden. Dies war zum einen dadurch begründet, dass diese immer nur für spezielle Prüfprobleme entwickelt und verifiziert wurden und zum anderen darin, dass erst heute die messtechnischen und numeri-schen Werkzeuge für eine allgemeinere Untersuchung zur Verfügung stehen. Die Verifizierung der Näherungen erfolgte sowohl durch Messungen als auch mithilfe von ausreichend validierten Modellrechnungen. Bei einachsig gekrümmten Grenzflächen und Schrägeinschallung ergibt sich die Schwingerabmessung aus der Anwendung der Näherungsalgorithmen in einer Ebenen senkrecht und einer zweiten Ebene parallel zur Bauteilkrümmung. Die für sphärisch gekrümmte Kreiskolbenschwinger gültigen Näherungen sind nur für rotationssymmetrische Schallfelder gültig, was auch durch die messtechnische Überprüfung bestätigt wurde. Tritt nun eine Abweichung von der Rotationssymmetrie des Schallfeldes aufgrund einer rechteckigen Schwingergeometrie, einer gekrümmten Bauteiloberfläche oder durch Schrägeinschallung auf, so muss dies bei der Übertragung von Formeln für den klassischen Kreiskolbenschwinger beachtet werden und durch eine entsprechende Krümmung des Schwingers bzw. durch die Verwendung einer Zylinderlinse kompensiert werden. Diese Kompensation lässt sich auch durch Anwendung eines zylindrisch gekrümmten linearen Gruppenstrahlerprüfkopfes erreichen. Durch die Übertragung des Nahfeldlängen-Begriffs auf die rechteckige Schwingergeometrie und die anderen Quellen von Asymmetrie im Schallfeld gelingt es, die Anwendbarkeit von Näherungsalgorithmen auf fast alle wichtigen Prüfkopftypen auszudehnen. In der vorliegenden Arbeit wurden dazu zwei Ansätze untersucht: Im ersten Ansatz wurde die Nahfeldlänge der Kreiskolbenmembran durch eine mittlere Nahfeldlänge für die Rechteckmembran ersetzt. Im zweiten Ansatz wird entsprechend der Seitenlängen des Rechteckschwingers in den beiden Ebenen (senkrecht bzw. parallel zur Bauteilkrümmung) mit unterschiedlichen Nahfeldlängen gerechnet. Beide Ansätze liefern unterschiedlich gute Übereinstimmung zwischen den aufgrund der Näherungsalgorithmen berechneten und den gemessenen relativen Echoamplituden entlang der Schallbündelachse. Der Ansatz mit zwei Nahfeldlängen für beide Schwingerabmessungen liefert bei größeren Abweichungen von der quadratischen Schwingerform genauere Ergebnisse als der Ansatz unter Berücksichtigung einer mittleren Nahfeldlänge. Das gilt auch für bis zu 60° schräg eingekoppelte Ultraschallwellen. Dabei stimmen die Näherungsalgorithmen bei Anwendung auf Winkelprüfköpfe mit Plexiglaskeil für Transversalwellen wegen des geringeren Brechungsindex besser mit dem Ergebnis von numerischen Modellrechnungen überein als bei Verwendung von Longitudinalwellen. Die durch die Modifikation der Nahfeldlänge auf rechteckige Schwingergeometrien entstandenen Näherungsalgorithmen lassen sich innerhalb eines allgemeinem Berechnungsschemas unter Einbeziehung von numerischen Modellrechnungen auch für eine exakte Prüfkopfoptimierung durch Iteration heranziehen. Bei der Ermittlung der konstruktiven Prüfkopfdaten mit Hilfe dieses Schemas lassen sich zeitaufwendige numerische Berechnungsschritte durch Anwendung der untersuchten Näherungsalgorithmen minimieren, wodurch eine effektive Optimierung von Prüfköpfen möglich wird.</dc:description>
          <dc:description xml:lang="eng">This thesis describes the correlation between the design of ultrasonic probes for NDT (non destructive testing) purposes with piezoelectric crystals and the resulting sound field distribution by means of approximation algorithms and their verification. The approximations result in a fast estimation and optimization of the most important probe data for ultrasonic testing. This enables the calculation of optimal design data for the probe (crystal size, incidence angle, focus and frequency) without complex modeling. These algorithms can be applied to a given inspection problem defined by the position and kind of expected defects in the material of the test object and its geometry e.g. its curvature at the coupling surfaces. Although the investigated algorithms have been used before, they have never systematically been verified concerning their validity limits. On the one hand this is due to an individual development and application under mostly specific short term conditions. On the other hand modern experimental and numerical tools for an overall verification of the algorithms had not been available at the time of their first application. In the frame of this thesis the algorithms have been verified experimentally by comparing approximation calculations with measurements and theoretically by comparing approximation calculations with validated numerical models. The crystal size of an ultrasonic probe used for uniaxial curvature surfaces and inclined incidence of the sound waves can be determined by applying the approximation algorithms to two planes, one plane with perpendicular and another with parallel orientation to the curvature of the test object. The classical approximations for spherically curved circular crystals can only be applied to sound fields with rotational symmetry. This has also been confirmed experimentally. However, the sound field distribution can deviate from the case of rotational symmetry by the influence of a rectangular crystal geometry, of curved surfaces and of inclined incidence of the sound wave. These sound field deviation can be compensated by curving the crystal or using a cylindrical lens. This compensation can especially also be achieved with the help of a cylindrical curved linear phased array probe. It is possible to expand the approximation algorithms to the design of the most commonly used ultrasonic probes by transferring the near field length concept of circular crystals to the rectangular crystal geometry and other sources of rotational asymmetry in the sound field. Therefore two approaches have been investigated in this study: (i) substituting the near field length estimation of a circular crystal by an average near field length of a rectangular crystal and (ii) using different near field length estimations for each plane (perpendicular and parallel to the curvature) according to the length of the crystal in each plane. Both estimations show different agreements between the approximated and the measured relative echo amplitudes along the sound beam axis. The estimation with two near field lengths showed better results than the one with an average near field length for crystal geometries with an important deviation from the quadratic geometry. This is also true for sound waves with an incidence angle of up to 60°. For angle beam probes with wedges made of PMMA (Plexiglas) the approximation algorithms give better agreement with the numerical modeling in the case of shear waves than in that of pressure waves. This is due to the smaller refraction index of shear waves. The described approximation algorithms can be used iteratively applying numerical calculation models with stepwise modified parameters like e.g. the crystal sizes, the curvature of lenses etc. The time needed for the iterative calculation steps is minimized by the use of starting values derived with the help of the approximation algorithms. This makes the probe optimization much more efficient.</dc:description>
          <dc:date>2006-05-26</dc:date>
          <dc:type>doctoralthesis</dc:type>
          <dc:type>doc-type:doctoralthesis</dc:type>
          <dc:format>application/pdf</dc:format>
          <dc:identifier>http://opus4.kobv.de/opus4-tuberlin/frontdoor/index/index/docId/1265</dc:identifier>
          <dc:identifier>urn:nbn:de:kobv:83-opus-12798</dc:identifier>
          <dc:identifier>http://nbn-resolving.de/urn/resolver.pl?urn:nbn:de:kobv:83-opus-12798</dc:identifier>
          <dc:identifier>http://opus4.kobv.de/opus4-tuberlin/files/1265/rehfeldt_thomas.pdf</dc:identifier>
          <dc:language>deu</dc:language>
          <dc:rights>Deutsches Urheberrecht mit Print on Demand (u.a. für Dissertationen empfohlen)</dc:rights>
        </oai_dc:dc>
      </metadata>
    </record>
  </GetRecord>
</OAI-PMH>
