<?xml version="1.0" encoding="utf-8"?>
<?xml-stylesheet type="text/xsl" href="xsl/oai2.xsl"?><OAI-PMH xmlns="http://www.openarchives.org/OAI/2.0/" xmlns:xsi="http://www.w3.org/2001/XMLSchema-instance" xsi:schemaLocation="http://www.openarchives.org/OAI/2.0/ http://www.openarchives.org/OAI/2.0/OAI-PMH.xsd">
  <responseDate>2014-10-15T06:43:34Z</responseDate>
  <request verb="GetRecord" metadataPrefix="oai_dc" identifier="oai:kobv.de-opus4-tuberlin:12">http://opus4.kobv.de/opus4-tuberlin/oai</request>
  <GetRecord>
    <record>
      <header>
        <identifier>oai:kobv.de-opus4-tuberlin:12</identifier>
        <datestamp>2013-07-01</datestamp>
        <setSpec>doc-type:doctoralthesis</setSpec>
        <setSpec>bibliography:false</setSpec>
        <setSpec>ddc</setSpec>
        <setSpec>ddc:530</setSpec>
      </header>
      <metadata>
        <oai_dc:dc xmlns:oai_dc="http://www.openarchives.org/OAI/2.0/oai_dc/" xmlns:dc="http://purl.org/dc/elements/1.1/" xsi:schemaLocation="http://www.openarchives.org/OAI/2.0/oai_dc/ http://www.openarchives.org/OAI/2.0/oai_dc.xsd">
          <dc:title xml:lang="deu">Wirkungsquerschnitte und Winkelverteilungen von Photoelektronen bei der Photoionisation von Fullerenen</dc:title>
          <dc:creator>Liebsch, Thomas</dc:creator>
          <dc:subject>ddc:530</dc:subject>
          <dc:description xml:lang="deu">Der Verlauf der partiellen Wirkungsquerschnitte der Valenzphotoionisation der Fullerene C60 und C70 wurde in der Gasphase im Bereich von hf= 20 eV bis hf=125 eV gemessen. Die Wirkungsquerschnitte der obersten Molekülorbitale oszillieren in Abhängigkeit von der Photonenenergie hf. Dieser Effekt wurde vorher bereits an dünnen C60 -Filmen gefunden, die Ursache der unerwarteten Photonenenergieabhängigkeit war jedoch zunächst unklar. Soweit bekannt, sind photonenenergieabhängige Oszillationen des Wirkungsquerschnitts bei freien Atomen, Molekülen und Clustern bis dahin noch nie beobachtet worden. Es konnte gezeigt werden, daß die Periodizität der Intensitätsozillationen für die kondensierte und gasförmige Phase übereinstimmt. Die radiale Symmetrie des C60 -Clusters legt es nahe, das Phänomen auf die Ausbildung "stehender Wellen" im Potential des kugelförmigen Moleküls zurückzuführen. Die Periodizität der Oszillationen hängt von den Randbedingungen, d.h. vom Clusterradius und vom Potential ab. Die Intensitätsoszillationen des C70 -Clusters sind zwar im Vergleich zu C60 weniger stark ausgeprägt, ihre Periodizität ist dagegen nahezu gleich. Ferner wurde der Rumpfionisationswirkungsquerschnitt von C60 untersucht. Oberhalb der K-Ionisationsenergie tragen sowohl Doppelanregungen als auch eine Formresonanz zum C(1s)-Wirkungsquerschnitt bei. Der Anteil von Doppelaugerzerfällen an der Augerintensität beträgt etwa ein Drittel der Gesamtintensität. Das ist ein unerwartet hoher Anteil. Im Rahmen der Fehlergrenzen werden diese Befunde von Ionenratenmessungen (C60(+), C60(2+) und C60(3+)) anderer Autoren gestützt.</dc:description>
          <dc:date>2000-01-13</dc:date>
          <dc:type>doctoralthesis</dc:type>
          <dc:type>doc-type:doctoralthesis</dc:type>
          <dc:format>application/pdf</dc:format>
          <dc:identifier>http://opus4.kobv.de/opus4-tuberlin/frontdoor/index/index/docId/12</dc:identifier>
          <dc:identifier>urn:nbn:de:kobv:83-opus-38</dc:identifier>
          <dc:identifier>http://nbn-resolving.de/urn/resolver.pl?urn:nbn:de:kobv:83-opus-38</dc:identifier>
          <dc:identifier>http://opus4.kobv.de/opus4-tuberlin/files/12/liebsch_thomas.pdf</dc:identifier>
          <dc:language>deu</dc:language>
          <dc:rights>Deutsches Urheberrecht mit Print on Demand (u.a. für Dissertationen empfohlen)</dc:rights>
        </oai_dc:dc>
      </metadata>
    </record>
  </GetRecord>
</OAI-PMH>
