<?xml version="1.0" encoding="utf-8"?>
<?xml-stylesheet type="text/xsl" href="xsl/oai2.xsl"?><OAI-PMH xmlns="http://www.openarchives.org/OAI/2.0/" xmlns:xsi="http://www.w3.org/2001/XMLSchema-instance" xsi:schemaLocation="http://www.openarchives.org/OAI/2.0/ http://www.openarchives.org/OAI/2.0/OAI-PMH.xsd">
  <responseDate>2014-10-15T06:49:13Z</responseDate>
  <request verb="GetRecord" metadataPrefix="oai_dc" identifier="oai:kobv.de-opus4-tuberlin:1094">http://opus4.kobv.de/opus4-tuberlin/oai</request>
  <GetRecord>
    <record>
      <header>
        <identifier>oai:kobv.de-opus4-tuberlin:1094</identifier>
        <datestamp>2013-07-01</datestamp>
        <setSpec>doc-type:doctoralthesis</setSpec>
        <setSpec>bibliography:false</setSpec>
        <setSpec>ddc</setSpec>
        <setSpec>ddc:650</setSpec>
      </header>
      <metadata>
        <oai_dc:dc xmlns:oai_dc="http://www.openarchives.org/OAI/2.0/oai_dc/" xmlns:dc="http://purl.org/dc/elements/1.1/" xsi:schemaLocation="http://www.openarchives.org/OAI/2.0/oai_dc/ http://www.openarchives.org/OAI/2.0/oai_dc.xsd">
          <dc:title xml:lang="deu">Führung und Kooperation als Erfolgsfaktoren in innovativen F&amp;E-Projekten auf elektronischen Plattformen</dc:title>
          <dc:title xml:lang="eng">Leadership and cooperation as success factors in innovative R&amp;D projects on electronic platforms</dc:title>
          <dc:creator>Heinz, Ulrike</dc:creator>
          <dc:subject>ddc:650</dc:subject>
          <dc:description xml:lang="deu">Diese Studie untersucht 56 F&amp;E-Projekte, in denen jeweils mehrere Unternehmen über eine elektronische Systemplattform kooperieren. Als unabhängige Variable werden die folgenden Konstrukte der Führung und Zusammenarbeit untersucht: Zielklarheit / Zielgemeinsamkeit, Entscheidungsautonomie, Teamvertrauen, Mannschaftsgeist, offene vertikale Kommunika-tion, Güte des Informationsflusses und Häufigkeit persönlicher Kontakte. In kontingenz-theoretischer Sichtweise werden vier Projektmerkmale als Situationsaspekte berücksichtigt: Der Grad der elektronischen Prozess- und Systemintegration der kooperierenden Firmen, die Anzahl der beteiligten Unternehmen, die Anzahl der ständigen Projektmitarbeiter (Projekt-größe) sowie die Neuartigkeit der bearbeiteten Problemstellung des Projekts. Die zentrale Fragestellung lautet, in wie weit sich die Bedeutsamkeit der genannten Führungs- und Kooperationsaspekte zur Erklärung des Projekterfolgs (Produktverbesserung) abhängig von den vier genannten situativen Bedingungen (Projektmerkmalen) unterscheidet. Darüber hinaus erfolgt auch eine Untersuchung möglicher unerwünschter Nebeneffekte, die durch F&amp;E-Projektnetzwerke auf integrierten Systemplattformen verursacht werden.</dc:description>
          <dc:description xml:lang="eng">This study examines 56 R&amp;D projects, in each of which several organizations cooperate via an electronic system platform. The following constructs of leadership and cooperation are designated as independent variables: goal clarity / goal mutuality, decision autonomy, team trust, team spirit, open vertical communication, quality of information flow and frequency of personal contacts. From a contingency approach perspective, four project characteristics are considered as situational aspects (context): the degree of electronic linkage of the cooperating organizations, the number of companies involved, the number of permanent project members (project size) as well as the newness of the problem areas which the projects are working on. It is examined to what degree the relevance of the above mentioned leadership and cooperation aspects differ in regard to explaining the project success (product improvements) depending upon the four mentioned situational conditions (project characteristics). In addition possible undesired side-effects, which could be caused by R&amp;D project networks on integrated system platforms, are examined.</dc:description>
          <dc:date>2005-09-05</dc:date>
          <dc:type>doctoralthesis</dc:type>
          <dc:type>doc-type:doctoralthesis</dc:type>
          <dc:format>application/pdf</dc:format>
          <dc:identifier>http://opus4.kobv.de/opus4-tuberlin/frontdoor/index/index/docId/1094</dc:identifier>
          <dc:identifier>urn:nbn:de:kobv:83-opus-10842</dc:identifier>
          <dc:identifier>http://nbn-resolving.de/urn/resolver.pl?urn:nbn:de:kobv:83-opus-10842</dc:identifier>
          <dc:identifier>http://opus4.kobv.de/opus4-tuberlin/files/1094/heinz_ulrike.pdf</dc:identifier>
          <dc:language>deu</dc:language>
          <dc:rights>Deutsches Urheberrecht mit Print on Demand (u.a. für Dissertationen empfohlen)</dc:rights>
        </oai_dc:dc>
      </metadata>
    </record>
  </GetRecord>
</OAI-PMH>
