<?xml version="1.0" encoding="utf-8"?>
<?xml-stylesheet type="text/xsl" href="xsl/oai2.xsl"?><OAI-PMH xmlns="http://www.openarchives.org/OAI/2.0/" xmlns:xsi="http://www.w3.org/2001/XMLSchema-instance" xsi:schemaLocation="http://www.openarchives.org/OAI/2.0/ http://www.openarchives.org/OAI/2.0/OAI-PMH.xsd">
  <responseDate>2014-10-15T06:48:55Z</responseDate>
  <request verb="GetRecord" metadataPrefix="oai_dc" identifier="oai:kobv.de-opus4-tuberlin:1026">http://opus4.kobv.de/opus4-tuberlin/oai</request>
  <GetRecord>
    <record>
      <header>
        <identifier>oai:kobv.de-opus4-tuberlin:1026</identifier>
        <datestamp>2013-07-01</datestamp>
        <setSpec>doc-type:doctoralthesis</setSpec>
        <setSpec>bibliography:false</setSpec>
        <setSpec>ddc</setSpec>
        <setSpec>ddc:660</setSpec>
      </header>
      <metadata>
        <oai_dc:dc xmlns:oai_dc="http://www.openarchives.org/OAI/2.0/oai_dc/" xmlns:dc="http://purl.org/dc/elements/1.1/" xsi:schemaLocation="http://www.openarchives.org/OAI/2.0/oai_dc/ http://www.openarchives.org/OAI/2.0/oai_dc.xsd">
          <dc:title xml:lang="deu">Effekte der spezifischen Oberfläche von Li/MgO-Katalysatoren bei der oxidativen Kopplung von Methan</dc:title>
          <dc:title xml:lang="eng">Effect of the Specific Surface Area of Li/MgO Catalysts in the Oxidative Coupling of Methane</dc:title>
          <dc:creator>Kuo, Yunfei</dc:creator>
          <dc:subject>ddc:660</dc:subject>
          <dc:description xml:lang="deu">Das Li/MgO-System ist als Katalysator für die oxidative Kopplung von Methan in dieser Arbeit intensiv untersucht worden. Die Aktivität des Li/MgO-Katalysators hinsichtlich der Methanaktivierung ist auf die Dotierung mit Lithium zurückzuführen. Bereits geringe Mengen an Lithium genügt, um einen aktiven und selektiven Katalysator hervorzubringen. Bei der Herstellung und dem Testen der Li/MgO-Katalysatoren mit verschiedenen Vorläufern zeigt sich, dass sowohl Herstellungsmethoden und -bedingungen als auch Vorläufersubstanzen die Eigenschaften des Li/MgO-Katalysators entscheidend beeinflussen. Wesentliche Teilschritte bei der oxidativen Methankopplung sind die Aktivierung des Methans am Katalysator durch das Aufbrechen der C-H-Bindung, die Rekombination der dabei gebildeten Methylradikale in der Gasphase zu Ethan und die anschließende Dehydrierung des Ethans zu Ethen. Hierbei wird die heterogene Methylradikalbildung an der katalytischen Oberfläche als der geschwindigkeitsbestimmende Schritt angesehen. Aus dieser Betrachtung läßt sich ableiten, dass die Größe der spezifischen Katalysatoroberfläche eine entscheidende Rolle bei der OKM spielt: Je größer die spezifische Oberfläche, desto größer sollte auch die Katalysatoraktivität sein. Das Ziel dieser Arbeit ist, die spezifische Oberfläche des Katalysators durch Beimischen von Aktivkohle bei der Synthese zu erhöhen. Diese einfache Vorgehensweise erlaubt die Synthese von Li/MgO-Katalysatoren mit unterschiedlichen spezifischen Oberflächen, aber gleicher chemischer Zusammensetzung. Außerdem ist es dadurch erstmals gelungen, die Änderung der spezifischen Oberfläche von der Lithiumdotierung abzukoppeln. Messungen an diesen Li/MgO-Katalysatoren zeigen, dass nicht generell von einem inversen Zusammenhang zwischen spezifische Oberfläche und katalytischer Aktivität ausgegangen werden kann. Ferner konnte nachgewiesen werden, dass die konträren Literaturauffassungen hinsichtlich der Effekte der spezifischen Oberfläche auf die katalytische Aktivität bei der OKM größtenteils aus einer unterschiedlichen Versuchsführung resultieren. Für den Methanumsatz, und damit die Methylradikalbildung, wurde vielmehr ein linearer Zusammenhang zu der gesamten Katalysatoroberfläche im Reaktor, welche für die Reaktion zur Verfügung steht, gefunden. Eine adäquate Gesamtoberfläche (vielleicht besser: verweilzeitjustierte Einwaage) würde die Oxidation der C2-Komponenten zu COx unterdrücken und damit die C2-Selektivität ansteigen lassen.</dc:description>
          <dc:description xml:lang="eng">The C2 selectivity and the methane conversion rate (per unit surface area) by the oxidative coupling of methane with Li/MgO catalysts are virtually independent of the specific catalyst surface area. Most of the in earlier studies reported effects of the specific surface area on the catalytic performance in the OCM were probably influenced by the residence time and are thus not only an effect of specific surface area. However, a correlation between methane conversion and total surface area present in the reactor and an inverse correlation between catalyst density and specific surface area of the catalysts was found. The incorporation of lithium to the catalyst results in a significant loss of the specific catalyst surface area. A direct dependence of the specific surface area on Li loading is found. Addition of more lithium reduced the specific surface area accompanied by a decrease of the catalytic activity. The reduction in specific surface area is attenuated by the addition of activated charcoal to the catalyst starting preparation procedure. The added charcoal may suppress the formation of large crystals on the MgO surface due to the molten Li2CO3; instead smaller particles are formed. Thus, it is possible to synthesize Li/MgO catalysts with varing specific surface area but same chemical composition. The specific surface area of the Li/MgO catalysts increases almost linearly with the added amount of charcoal. Therefore, the catalysts activities (methane conversion, C2 yield) on a per gram basis is increased.</dc:description>
          <dc:date>2005-07-20</dc:date>
          <dc:type>doctoralthesis</dc:type>
          <dc:type>doc-type:doctoralthesis</dc:type>
          <dc:format>application/pdf</dc:format>
          <dc:identifier>http://opus4.kobv.de/opus4-tuberlin/frontdoor/index/index/docId/1026</dc:identifier>
          <dc:identifier>urn:nbn:de:kobv:83-opus-10151</dc:identifier>
          <dc:identifier>http://nbn-resolving.de/urn/resolver.pl?urn:nbn:de:kobv:83-opus-10151</dc:identifier>
          <dc:identifier>http://opus4.kobv.de/opus4-tuberlin/files/1026/kuo_yunfei.pdf</dc:identifier>
          <dc:language>deu</dc:language>
          <dc:rights>Deutsches Urheberrecht mit Print on Demand (u.a. für Dissertationen empfohlen)</dc:rights>
        </oai_dc:dc>
      </metadata>
    </record>
  </GetRecord>
</OAI-PMH>
