<?xml version="1.0" encoding="utf-8"?>
<?xml-stylesheet type="text/xsl" href="xsl/oai2.xsl"?><OAI-PMH xmlns="http://www.openarchives.org/OAI/2.0/" xmlns:xsi="http://www.w3.org/2001/XMLSchema-instance" xsi:schemaLocation="http://www.openarchives.org/OAI/2.0/ http://www.openarchives.org/OAI/2.0/OAI-PMH.xsd">
  <responseDate>2014-10-15T06:49:20Z</responseDate>
  <request verb="GetRecord" metadataPrefix="oai_dc" identifier="oai:kobv.de-opus4-tuberlin:1120">http://opus4.kobv.de/opus4-tuberlin/oai</request>
  <GetRecord>
    <record>
      <header>
        <identifier>oai:kobv.de-opus4-tuberlin:1120</identifier>
        <datestamp>2013-07-01</datestamp>
        <setSpec>doc-type:doctoralthesis</setSpec>
        <setSpec>bibliography:false</setSpec>
        <setSpec>ddc</setSpec>
        <setSpec>ddc:620</setSpec>
      </header>
      <metadata>
        <oai_dc:dc xmlns:oai_dc="http://www.openarchives.org/OAI/2.0/oai_dc/" xmlns:dc="http://purl.org/dc/elements/1.1/" xsi:schemaLocation="http://www.openarchives.org/OAI/2.0/oai_dc/ http://www.openarchives.org/OAI/2.0/oai_dc.xsd">
          <dc:title xml:lang="deu">Methoden für das Industriedesign in Virtueller Realität</dc:title>
          <dc:title xml:lang="eng">Methods for Virtual Reality Oriented Industrial Design</dc:title>
          <dc:creator>Biahmou Tchebetchou, Alain Roger</dc:creator>
          <dc:subject>ddc:620</dc:subject>
          <dc:description xml:lang="deu">Die heutzutage verfügbaren CAID-Systeme zeichnen sich durch mangelnde Benutzungsfreundlichkeit und wenig intuitive Interaktionsmethoden aus. Bei der Entwicklung von Interaktionsmetaphern ist oft keine kohärente Vorgehensweise zu beobachten. Außerdem basieren viele Anwendungen auf bereits existierenden klassischen Interaktionsgeräten wie Maus und Tastatur, wobei die Form und die Deformationsmöglichkeit des virtuellen Modellierungswerkzeuges unberücksichtigt bleiben. Des Weiteren fehlt oft die haptische Wahrnehmung rechnerinterner Modelle, welche eine zusätzliche Orientierung für den Modellbauer darstellt. Die Dissertation stellt das Konzept der formdynamischen Modellierungswerkzeuge dar, das dem Designer eine realistische Interaktion und die Nutzung von Erfahrungen aus dem konventionellen Modellbauprozess ermöglicht. Es wird ein methodisches Vorgehen für die Entwicklung von Interaktionsmetaphern in virtuellen Umgebungen und insbesondere für das CAID vorgestellt. Zur Steuerung der rechnerinternen Werkzeuge wird die Entwicklung eines spezifischen Interaktionswerkzeuges für das Industriedesign beschrieben. Außerdem werden Haptik-Rendering-Methoden entwickelt, welche die Besonderheiten des Wirkpaares „Modellierwerkzeug - Modell“ beim Virtual Clay Modelling berücksichtigen. Die Vorteile der entwickelten Ansätze werden durch deren Integration in ein Virtual Clay Modelling-System hervorgehoben.</dc:description>
          <dc:description xml:lang="eng">The nowadays available CAID systems are characterised by a lack of user friendliness and less intuitive interaction methods as well. A coherent proceeding in the process of developing interaction metaphors is missing. Besides many applications make use of already existing classical interaction devices such as mouse and keyboards, whereby the shape and the deformation ability of the virtual modelling tools remain unconsidered. Moreover a further sensory perception such as haptic is missing. Haptic interaction supports guiding users in virtual environments. The thesis describes the concept of form-dynamic modelling tools, which supports a realistic interaction for designers and takes benefit of their experiences from conventional modelling. A methodology for the development of interaction metaphors in virtual environments, which takes the particularities of CAID into account is presented. The development of a specific interaction device for controlling the virtual modelling tools is elucidated. Apart from that haptic rendering methods which take the specificities of the interacting couple “modelling tool and model�? by Virtual Clay Modelling are developed. The advantages of the developed approaches are emphasised by their integration in a Virtual Clay Modelling system.</dc:description>
          <dc:date>2005-10-25</dc:date>
          <dc:type>doctoralthesis</dc:type>
          <dc:type>doc-type:doctoralthesis</dc:type>
          <dc:format>application/pdf</dc:format>
          <dc:identifier>http://opus4.kobv.de/opus4-tuberlin/frontdoor/index/index/docId/1120</dc:identifier>
          <dc:identifier>urn:nbn:de:kobv:83-opus-11242</dc:identifier>
          <dc:identifier>http://nbn-resolving.de/urn/resolver.pl?urn:nbn:de:kobv:83-opus-11242</dc:identifier>
          <dc:identifier>http://opus4.kobv.de/opus4-tuberlin/files/1120/biahmoutchebetchou_alainroger.pdf</dc:identifier>
          <dc:language>deu</dc:language>
          <dc:rights>Deutsches Urheberrecht mit Print on Demand (u.a. für Dissertationen empfohlen)</dc:rights>
        </oai_dc:dc>
      </metadata>
    </record>
  </GetRecord>
</OAI-PMH>
