<?xml version="1.0" encoding="utf-8"?>
<?xml-stylesheet type="text/xsl" href="xsl/oai2.xsl"?><OAI-PMH xmlns="http://www.openarchives.org/OAI/2.0/" xmlns:xsi="http://www.w3.org/2001/XMLSchema-instance" xsi:schemaLocation="http://www.openarchives.org/OAI/2.0/ http://www.openarchives.org/OAI/2.0/OAI-PMH.xsd">
  <responseDate>2014-10-15T06:49:19Z</responseDate>
  <request verb="GetRecord" metadataPrefix="oai_dc" identifier="oai:kobv.de-opus4-tuberlin:1117">http://opus4.kobv.de/opus4-tuberlin/oai</request>
  <GetRecord>
    <record>
      <header>
        <identifier>oai:kobv.de-opus4-tuberlin:1117</identifier>
        <datestamp>2013-07-01</datestamp>
        <setSpec>doc-type:doctoralthesis</setSpec>
        <setSpec>bibliography:false</setSpec>
        <setSpec>ddc</setSpec>
        <setSpec>ddc:330</setSpec>
      </header>
      <metadata>
        <oai_dc:dc xmlns:oai_dc="http://www.openarchives.org/OAI/2.0/oai_dc/" xmlns:dc="http://purl.org/dc/elements/1.1/" xsi:schemaLocation="http://www.openarchives.org/OAI/2.0/oai_dc/ http://www.openarchives.org/OAI/2.0/oai_dc.xsd">
          <dc:title xml:lang="deu">Altersvorsorge: Theorie und Empirie zur Förderung freiwilligen Vorsorgesparens</dc:title>
          <dc:title xml:lang="eng">Old-age-provision: An theoretical and empirical analysis of how to promote voluntary savings for old age</dc:title>
          <dc:creator>Leinert, Johannes</dc:creator>
          <dc:subject>ddc:330</dc:subject>
          <dc:description xml:lang="deu">Die Promotion „Altersvorsorge: Theorie und Empirie zur Förderung freiwilligen Vorsorgesparens“ befasst sich mit der Frage, wie sich freiwilliges Vorsorgesparen für das Alter fördern lässt. Nach der Einleitung wird im zweiten Kapitel die Entwicklung der ökonomischen Spartheorie skizziert. Es zeigt sich, dass das Lebenszyklusmodell von allen Sparmodellen am besten geeignet ist, Vorsorgeentscheidungen zu modellieren. Es dient daher als Referenzmodell. Eine kurze Auswertung empirischer Studien zeigt allerdings, dass massive empirische Evidenz gegen das Lebenszyklusmodel vorliegt. Die Kernannahme des Lebenszyklusmodells, dass es optimal ist, durch Altersvorsorge den intertemporalen Konsumstrom zu glätten, wird in der vorliegenden Arbeit nicht in Frage gestellt. Das Abweichen von Modellvorhersagen und beobachtetem Verhalten wird vielmehr auf die Hilfsannahmen vollkommener Märkte und objektiv rational agierenden Individuen zurückgeführt, die in der Realität nicht gegeben sind. Daher schließt sich im dritten Kapitel eine Analyse an, wie sich nicht-rationales Verhalten auf das Vorsorgeverhalten auswirkt. Von besonderer Bedeutung sind dabei gegenwartsverzerrte Präferenzen („Hyperbolic Discounting“) und die daraus resultierenden Selbstkontrollprobleme. Bei vorliegen derartiger Präferenzen werden beabsichtigte Handlungen nicht in die Tat umgesetzt, sondern immer wieder auf später verschoben, wenn sie – wie die Altersvorsorge – mit sofortigen Kosten und zeitverzögertem Nutzen verbunden sind und wenn keine Selbstbindungsmechanismen eingesetzt werden. Auf dieser Grundlage wird im vierten Kapitel der gesamte Vorsorgeprozess eines Individuums theoretisch nachvollzogen. Es zeigt sich, dass freiwillige Altersvorsorge in der realen Welt ein mehrstufiger und störanfälliger Prozess ist. Zunächst muss das Individuum bereit sein, sich überhaupt mit der Vorsorgethematik zu befassen und eine mehr oder weniger detaillierte Vorsorgeplanung vorzunehmen. Die Vorsorgeplanung muss es dann tatsächlich in die Tat umsetzen. Erst wenn es auf Grundlage dieser Vorsorgeplanung beabsichtigt, zu Gunsten erstmaliger oder vermehrter Altersvorsorge seine gegenwärtigen Ausgaben einzuschränken, sind die Voraussetzungen für Vorsorgesparen erfüllt. Damit es zu tatsächlicher Vorsorgeersparnis kommt, muss das Individuum die Vorsorgeabsicht in die Tat umsetzen und einen konkreten Vorsorgevertrag abschließen. Auf jeder dieser vier Stufen kann es zu einem Abbruch des Vorsorgeprozesses kommen, wenn die jeweilige Kosten-Nutzen-Abwägung negativ ausfällt. Die Kosten-Nutzen-Abwägungen werden anschließend mittels einer Reihe von Ungleichungen theoretisch nachvollzogen. Dabei wird deutlich, dass der Vorsorgeprozess sehr kompliziert ist und dass gegenwartsverzerrte Präferenzen und subjektive Fehleinschätzungen objektiver Rahmenbedingungen eine große Rolle spielen. Im fünften Kapitel werden die Determinanten der Vorsorgeabsicht im Zwei-Perioden-Modell näher untersucht. Dabei wird gezeigt, dass bei Vorliegen von Bestandseffekten auch über die Auswirkungen von Renditeänderungen eindeutige theoretische Aussagen möglich sind, weil dann der Einkommenseffekt den Substitutionseffekt überwiegt. Aufbauend auf den theoretischen Überlegungen zum Vorsorgeprozess wird im sechsten Kapitel ein Modell zu deren empirischer Überprüfung entwickelt. Für die empirischen Analysen wird mit den Bertelsmann Stiftung Vorsorgeerhebungen 2002 und 2003 ein spezialisierter Datensatz herangezogen. Die Ergebnisse werden im sieben Kapitel dargestellt. Es zeigt, dass alle vermuteten Zusammenhänge das erwartete Vorzeichen aufweisen und auf dem 95-Prozent Niveau signifikant sind. Da die theoretischen Aussagen zum Vorsorgeprozess somit vorläufig akzeptiert werden können, werden auf dieser Grundlage im achten Kapitel Ansatzpunkte zur Förderung freiwilliger Altersvorsorge herausgearbeitet. Im neunten Kapitel werden daraus konkrete Vorschläge zur Anpassung der gesetzlichen Rahmenbedingungen in Deutschland entwickelt.</dc:description>
          <dc:description xml:lang="eng">In his dissertation, the author examines, under which conditions individuals save for old age in voluntary savings schemes. He argues that voluntary old-age provision is the result of a complicated four stages process: First, individuals need to be willing to plan for retirement, second, they need to actually engage in the planning whether or not to save, third they need to be willing to save for retirement, and fourth they need to make a choice between a variety of financial products and actually sign a savings contract. The author shows that this process can break off at any of the four stages, and examines under which conditions this will be the case. An empirical analysis supports the theoretical findings.</dc:description>
          <dc:date>2005-10-14</dc:date>
          <dc:type>doctoralthesis</dc:type>
          <dc:type>doc-type:doctoralthesis</dc:type>
          <dc:format>application/pdf</dc:format>
          <dc:format>application/pdf</dc:format>
          <dc:identifier>http://opus4.kobv.de/opus4-tuberlin/frontdoor/index/index/docId/1117</dc:identifier>
          <dc:identifier>urn:nbn:de:kobv:83-opus-10891</dc:identifier>
          <dc:identifier>http://nbn-resolving.de/urn/resolver.pl?urn:nbn:de:kobv:83-opus-10891</dc:identifier>
          <dc:identifier>http://opus4.kobv.de/opus4-tuberlin/files/1117/leinert_johannes.pdf</dc:identifier>
          <dc:identifier>http://opus4.kobv.de/opus4-tuberlin/files/1117/leinert_johannes_anhang.pdf</dc:identifier>
          <dc:language>deu</dc:language>
          <dc:rights>Deutsches Urheberrecht mit Print on Demand (u.a. für Dissertationen empfohlen)</dc:rights>
        </oai_dc:dc>
      </metadata>
    </record>
  </GetRecord>
</OAI-PMH>
