<?xml version="1.0" encoding="utf-8"?>
<?xml-stylesheet type="text/xsl" href="xsl/oai2.xsl"?><OAI-PMH xmlns="http://www.openarchives.org/OAI/2.0/" xmlns:xsi="http://www.w3.org/2001/XMLSchema-instance" xsi:schemaLocation="http://www.openarchives.org/OAI/2.0/ http://www.openarchives.org/OAI/2.0/OAI-PMH.xsd">
  <responseDate>2014-10-15T06:50:33Z</responseDate>
  <request verb="GetRecord" metadataPrefix="oai_dc" identifier="oai:kobv.de-opus4-tuberlin:1313">http://opus4.kobv.de/opus4-tuberlin/oai</request>
  <GetRecord>
    <record>
      <header>
        <identifier>oai:kobv.de-opus4-tuberlin:1313</identifier>
        <datestamp>2013-07-01</datestamp>
        <setSpec>doc-type:doctoralthesis</setSpec>
        <setSpec>bibliography:false</setSpec>
        <setSpec>ddc</setSpec>
        <setSpec>ddc:620</setSpec>
      </header>
      <metadata>
        <oai_dc:dc xmlns:oai_dc="http://www.openarchives.org/OAI/2.0/oai_dc/" xmlns:dc="http://purl.org/dc/elements/1.1/" xsi:schemaLocation="http://www.openarchives.org/OAI/2.0/oai_dc/ http://www.openarchives.org/OAI/2.0/oai_dc.xsd">
          <dc:title xml:lang="deu">Experimentelle und numerische Untersuchungen zur Dekubitusproblematik am Beispiel des Fersen-Schaumstoff-Kontaktbereiches</dc:title>
          <dc:title xml:lang="eng">Mechanical analysis of the bedsore problem exemplified by the contact area between a heel and soft foam support</dc:title>
          <dc:creator>Schrodt, Michael</dc:creator>
          <dc:subject>ddc:620</dc:subject>
          <dc:description xml:lang="deu">Das Wundliegen (Dekubitus) von Patienten verursacht jährlich Kosten in Höhe von 1-2 Milliarden Euro allein durch die verlängerte Verweildauer in Krankenhäuser. Spezielle Anti-Dekubitus-Matratzen aus weich-elastischen Schaumstoffen erfüllen zwar gewisse medizinische Qualitätsansprüche, setzen aber nicht die einen Dekubitus initiierende Druck- und Scherspannungsbeanspruchung auf Prädilektionsstellen im gewünschten Maße herab. Die vorliegende Dissertation beschäftigt sich mit der Entwicklung eines Verfahrens auf Basis der Finiten Elemente Methode (FEM) zur Simulation der Verformung kompletter Körperregionen aus Weichgewebeverbünden bei Interaktion mit einer elastischen Unterlage. Das Verfahren beinhaltet eine aus drei Blöcken bestehende Auswertekette, nämlich einer Digitalisierung der interagierenden Materialien mittels bildgebender Verfahren (CT, MRT), der Verarbeitung dieser Daten durch CAE-Technologien (3D-Rekonstruktion, Flächenrückführung) und der kontinuumsmechanischen Beschreibung inklusive numerischer Berechnung und Simulation mittels der FEM. Die mechanische Beschreibung der Weichschaumauflage sowie der humanen Weichgewebe erfolgt hierbei durch ein dreidimensionales hyperelastisches Materialgesetz (OGDEN, HILL). Die Identifikation der hierfür benötigten Materialparameter wird zum einen anhand von uniaxialen Druck- und Indenterversuchen (Schaumstoff) und zum anderen durch Anpassung von in in-vivo Experimenten ermittelten Kraft-Verformungs-Daten der Ferse (humanes Weichgewebe) durchgeführt. Durch die Simulation des Gesamtsystems kann zum ersten mal gezeigt werden, dass sich die höchste Belastung im humanen Gewebe (Druckspannung) infolge einer Weichschaumauflage direkt unterhalb des Knochens (Fersenbein) ausbildet. Diese Darstellung von Spannungen in Geweben bietet somit die Möglichkeit einer gezielten Entwicklung Druck-optimierter Auflagesysteme durch Computersimulation, welche zur einer Minderung möglicher Dekubiti führen könnte.</dc:description>
          <dc:description xml:lang="eng">Patients suffering from bed sores induce costs in the amount of 1 – 2 billions Euros yearly, only by the extended resting time in hospitals. Though special anti decubitus soft elastic foam mattresses fulfill certain medical quality requirements, they do not lower pressure and shear stress in the desired extent, initiating decubitus in regions of preferred spots. The thesis aims at the development of a procedure based on the Finite Element Method (FEM), simulating the deformation of entire body regions of soft-tissue groups interacting with an elastic support. This procedure is based on a three step analysis chain, consisting of a digitisation of the interacting human soft tissue by means of imaging methods (CT, MRI), the CAE-based analysis (3D surface reconstruction and generation) and a continuum mechanical modelling, including numerical simulation based on FEA. The mechanical properties of the human soft tissues, as well as the soft foam support are described by a 3D hyperelastic material law (Ogden and Hill). The identification of the required material parameters is performed firstly for the soft foam material on the basis of uniaxial pressure and indenter experiments; secondly for the human soft tissue on the basis of in-vivo force-displacement experiments in the heel region. The result of the stress and strain simulation of entire body system introduced by a soft foam support shows, that the maximum pressure was observed below the calcaneus heel bone. Moreover, the visualisation of stress and strain in the interior of the human soft-tissue by means of computer simulation allows the targeted development of pressure optimised soft foam supports for the first time, thus reducing the probability of decubiti.</dc:description>
          <dc:date>2006-08-10</dc:date>
          <dc:type>doctoralthesis</dc:type>
          <dc:type>doc-type:doctoralthesis</dc:type>
          <dc:format>application/pdf</dc:format>
          <dc:identifier>http://opus4.kobv.de/opus4-tuberlin/frontdoor/index/index/docId/1313</dc:identifier>
          <dc:identifier>urn:nbn:de:kobv:83-opus-13429</dc:identifier>
          <dc:identifier>http://nbn-resolving.de/urn/resolver.pl?urn:nbn:de:kobv:83-opus-13429</dc:identifier>
          <dc:identifier>http://opus4.kobv.de/opus4-tuberlin/files/1313/schrodt_michael.pdf</dc:identifier>
          <dc:language>deu</dc:language>
          <dc:rights>Deutsches Urheberrecht mit Print on Demand (u.a. für Dissertationen empfohlen)</dc:rights>
        </oai_dc:dc>
      </metadata>
    </record>
  </GetRecord>
</OAI-PMH>
