<?xml version="1.0" encoding="utf-8"?>
<?xml-stylesheet type="text/xsl" href="xsl/oai2.xsl"?><OAI-PMH xmlns="http://www.openarchives.org/OAI/2.0/" xmlns:xsi="http://www.w3.org/2001/XMLSchema-instance" xsi:schemaLocation="http://www.openarchives.org/OAI/2.0/ http://www.openarchives.org/OAI/2.0/OAI-PMH.xsd">
  <responseDate>2014-10-15T06:44:35Z</responseDate>
  <request verb="GetRecord" metadataPrefix="oai_dc" identifier="oai:kobv.de-opus4-tuberlin:108">http://opus4.kobv.de/opus4-tuberlin/oai</request>
  <GetRecord>
    <record>
      <header>
        <identifier>oai:kobv.de-opus4-tuberlin:108</identifier>
        <datestamp>2013-07-01</datestamp>
        <setSpec>doc-type:doctoralthesis</setSpec>
        <setSpec>bibliography:false</setSpec>
        <setSpec>ddc</setSpec>
        <setSpec>ddc:540</setSpec>
      </header>
      <metadata>
        <oai_dc:dc xmlns:oai_dc="http://www.openarchives.org/OAI/2.0/oai_dc/" xmlns:dc="http://purl.org/dc/elements/1.1/" xsi:schemaLocation="http://www.openarchives.org/OAI/2.0/oai_dc/ http://www.openarchives.org/OAI/2.0/oai_dc.xsd">
          <dc:title xml:lang="deu">Acylierung und physikochemische Charakterisierung von Ackerbohnen-Legumin</dc:title>
          <dc:title xml:lang="eng">Acylation and physicochemical characterisation of legumine from vicia faba</dc:title>
          <dc:creator>Knopfe, Constanze</dc:creator>
          <dc:subject>ddc:540</dc:subject>
          <dc:description xml:lang="deu">Im Rahmen der vorliegenden Arbeit wurden, zur Vertiefung der Kenntnisse über den Zu-sammenhang zwischen Struktur und Funktionalität pflanzlicher Speicherproteine, chemische Modifizierungen am Hauptspeicherprotein der Ackerbohne ("Legumin") durchgeführt. Die Wirkung einer stufenweisen Acetylierung und Succinylierung auf die Struktur dieses 11 S-Globulins mit einer relativen Molekularmasse von 350 000 g/mol wurde untersucht. Strukturveränderungen der acylierten Derivate und die Änderung ihrer physiko-chemischen Eigenschaften wurden mit Hilfe von hydrodynamischen, chromatographi-schen, spektroskopischen sowie thermodynamischen Methoden charakterisiert. Die Acylierung erfolgt vorrangig an den e-Aminogruppen der Lysinreste und nach deren weitgehender Modifizierung (&gt; 95 % N-Succinylierung; &gt; 60 % N-Acetylierung) auch an den Hydroxylgruppen enthaltenden Aminosäuren Serin, Threonin und Tyrosin. Daneben wurde nachgewiesen, daß in erschöpfend acetyliertem oder succinyliertem Legumin 50 % der Tyrosinreste acyliert vorliegen, wobei O-Succinyl-Tyrosin spontan desuccinyliert wird. Die zunehmende Succinylierung (Einfuhr negativ geladener hydrophiler Reste) führt zur stufenweisen Dissoziation des aus 6 polymorphen Untereinheiten aufgebauten Leguminmoleküls nach dem Schema: Hexamer zu Trimer und Monomer zu Monomer. Mittels analytischer Ultrazentrifugation wurden maximale Mengen der trimeren 7 S-Komponente nach 60 - 80 % Succinylierung nachgewiesen. Nach einer Blockierung von 95 % der Aminogruppen liegen ausschließlich die monomeren Untereinheiten des Legumins vor. Hingegen bewirkt die Acetylierung (Einfuhr neutraler hydrophober Reste) nur bei ho-hem Modifizierungsgraden eine teilweise Dissoziation in die monomeren Untereinheiten, während als Hauptprodukt Assoziate mit der doppelten bis sechsfachen Molekularmasse des nativen Legumins auftreten, deren Bildung im Zusammenhang mit der beträchtlich erhöhten Oberflächenhydrophobizität der acetylierten Polypeptidketten steht. UV- und fluoreszenzspektroskopische Untersuchungen weisen stärkere Veränderungen der Tertiärstruktur des Legumins nach Acetylierung als nach Succinylierung aus. Aus viskosimetrischen und mikrokalorimetrischen Messungen kann jedoch auf das Vorliegen einer kompakteren Struktur der (hoch)acetylierten Legumine geschlossen werden. Die untersuchten physikochemischen Eigenschaften 60-80 % succinylierter Leguminproben weisen auf einen strukturellen Zustand hin, der sich sowohl von der kompakten globulären Kon-formation des nativen Proteins als auch von der expandierten Struktur des erschöpfend succinylierten Legumins unterscheidet. Für derartige Modifikate werden optimale grenzflächenfunktionelle Eigenschaften diskutiert. Aus der Kombination der in hydrodynamischen Untersuchungen erhaltenen Daten konnten Informationen über die Form der acylierten Moleküle abgeleitet werden. Die Kompaktheit succinylierter Moleküle verringert sich zwischen 60 und 80 % N-Succinylierung, doch erst nach einsetzender Succinylierung der Hydroxylgruppen wird eine drastische molekulare nachgewiesen. Durch das Einführen von Acetylgruppen verringert sich die Kompaktheit des globulären Moleküls nur wenig. Es handelt sich um ein relativ kompaktes, nahezu sphärisches Molekül. Für die höheren Assoziate wurde eine annähernd globuläre Struktur mit geringer Molekülkompaktheit abgeleitet.</dc:description>
          <dc:date>2000-08-25</dc:date>
          <dc:type>doctoralthesis</dc:type>
          <dc:type>doc-type:doctoralthesis</dc:type>
          <dc:format>application/pdf</dc:format>
          <dc:identifier>http://opus4.kobv.de/opus4-tuberlin/frontdoor/index/index/docId/108</dc:identifier>
          <dc:identifier>urn:nbn:de:kobv:83-opus-1036</dc:identifier>
          <dc:identifier>http://nbn-resolving.de/urn/resolver.pl?urn:nbn:de:kobv:83-opus-1036</dc:identifier>
          <dc:identifier>http://opus4.kobv.de/opus4-tuberlin/files/108/knopfe_constanze.pdf</dc:identifier>
          <dc:language>deu</dc:language>
          <dc:rights>Deutsches Urheberrecht mit Print on Demand (u.a. für Dissertationen empfohlen)</dc:rights>
        </oai_dc:dc>
      </metadata>
    </record>
  </GetRecord>
</OAI-PMH>
