<?xml version="1.0" encoding="utf-8"?>
<?xml-stylesheet type="text/xsl" href="xsl/oai2.xsl"?><OAI-PMH xmlns="http://www.openarchives.org/OAI/2.0/" xmlns:xsi="http://www.w3.org/2001/XMLSchema-instance" xsi:schemaLocation="http://www.openarchives.org/OAI/2.0/ http://www.openarchives.org/OAI/2.0/OAI-PMH.xsd">
  <responseDate>2014-10-15T06:44:41Z</responseDate>
  <request verb="GetRecord" metadataPrefix="oai_dc" identifier="oai:kobv.de-opus4-tuberlin:134">http://opus4.kobv.de/opus4-tuberlin/oai</request>
  <GetRecord>
    <record>
      <header>
        <identifier>oai:kobv.de-opus4-tuberlin:134</identifier>
        <datestamp>2013-07-01</datestamp>
        <setSpec>doc-type:doctoralthesis</setSpec>
        <setSpec>bibliography:false</setSpec>
        <setSpec>ddc</setSpec>
        <setSpec>ddc:500</setSpec>
      </header>
      <metadata>
        <oai_dc:dc xmlns:oai_dc="http://www.openarchives.org/OAI/2.0/oai_dc/" xmlns:dc="http://purl.org/dc/elements/1.1/" xsi:schemaLocation="http://www.openarchives.org/OAI/2.0/oai_dc/ http://www.openarchives.org/OAI/2.0/oai_dc.xsd">
          <dc:title xml:lang="deu">Untersuchung der Ursachen von Aromaveränderungen an einem alkoholischen Heilkräuterdestillat während einer Reifeperiode : Identifizierung und Genese von Fehlgeruchsstoffen</dc:title>
          <dc:title xml:lang="eng">Analysis of odour improving changes to a medical, herbal formulation during a storage period</dc:title>
          <dc:creator>Lucas, Marc</dc:creator>
          <dc:subject>ddc:500</dc:subject>
          <dc:description xml:lang="deu">An einem aus offizinalen Öldrogen gewonnenen, wässrig-alkoholischen Heilkräuterdestillat wurden erstmals Ursachen von Aromaveränderungen untersucht. Dabei standen das Auftreten und das Verschwinden eines störenden, unangenehmen Geruchseindrucks während einer Reifeperiode im Zentrum des Interesses. Der Fehleindruck kann auf die Gegenwart der Fehlgeruchsstoffe Schwefelwasserstoff und Methylmercaptan zurückgeführt werden. Beide Verbindungen kommen direkt nach der Herstellung des Destillats in Konzentrationen von 10 bis 50 µg/l vor. Ihre Geruchsschwelle im Produkt liegt bei 5 µg/l. Das Auftreten beider Verbindungen kann durch thermische Abbauprozesse der im eingesetzen Pflanzenmaterial vorkommenden Aminosäuren L-Cystein und L-Methionin bei der Herstellung des Destillats erklärt werden. Es werden drei Mechanismen der Freisetzung dargestellt: Abbau in Gegenwart einer alpha-Dicarbonylverbindung (Maillard-Reaktionen), Abbau in Gegenwart einer Base (ß-Eliminierung) und der intramolekulare Abbau über Lacton-Bildung. Es wird gezeigt, dass die Konzentration der beiden Fehlgeruchsstoffe im Destillat während einer Reifeperiode abnimmt. Beide Verbindungen können zudem durch Aktivkohlefiltration, Zusätze metallischen Kupfers und Erhöhung des Wasseranteils nachhaltig aus dem Dampfraum über dem Untersuchungsobjekt entfernt werden. Das produkttypische Aroma wird durch die Verbindungen 1,8-Cineol, Linalool und Eugenol geprägt. Für eine Zunahme der Konzentration dieser als angenehm empfundenen oder anderer, den Geruch aktiv verbessernder Stoffe während der Reifung konnten keine Hinweise gefunden werden. Es wird beschrieben, wie mit Hilfe der Gaschromatographie-Olfaktometrie (GCO) und der Aromaextraktverdünnungsanalyse (AEVA) sensorisch relevante Verbindungen aus dem Vielstoffgemisch des Destillats identifiziert und Geruchszuständen zugeordnet werden. Gehaltsunterschiede dieser geruchsakti-ven Verbindungen zwischen unterschiedlichen Geruchszuständen des Heilkräuter-destillats werden instrumentell-analytisch ermittelt und dienen der Bestätigung der Geruchsstoffzuordnung. Die Vorzüge der artefaktarmen Headspace-Analyse in Kombination mit GC/MS und GCO für die Untersuchung leichtest flüchtiger Verbindungen werden gegenüber ande-ren Anreicherungstechniken und der Flüssiginjektion von Aromaextrakten dargestellt und erläutert. Es wird ein Verfahren beschrieben, mit dem sich auf der Basis der Kontaktkatalyse mit metallischem Kupfer die beiden schwefelhaltigen Fehl-geruchssubstanzen während der industriellen Fertigung aus dem Produkt entfernen lassen.</dc:description>
          <dc:description xml:lang="eng">The first ever study of the causes of changes in odour of an aqueous-alcoholic distillate obtained from dried medical ethereal herbal plants was undertaken. The study centered on the appearance and subsequent disappearance of a disturbing and unpleasant odour during a maturing process of the distillate. The odour is linked to the presence of hydrogen sulphide and methanthiol. Both compounds occur immediately after the distillation in concentrations of 10-50 µg/l. It was found that the minimum concentration at which the odour can be detected by humans is 5 µg/l (threshold) of either compound. The occurrence of the compounds can be explained by the thermic decomposition during the distillation process of the amino acids L-cysteine and L-methionine, which were found in the raw plant material. The study mentions three paths of decomposition: decomposition in the presence of an alphadicarbonyl compound, the break down in the presence of a base (ß-elimination) and the intra-molecular break down under formation of a lacton. It can be observed that the concentration of both disturbing and unpleasant odour compounds decreased during the process of maturing. In addition, both compounds could effectively be eliminated out of the headspace of the distillate by using charcoal-filters, metallic copper or higher amounts of water. The typical odour of the examined product is characterised by the compounds 1,8-Cineol, Linalool and Eugenol. During the maturing period an increase in the concentration of these or other coumpounds with a pleasant odour was shown not to occur. The study describes the use of gaschromatography-olfactometry (GCO) and aroma extract dilution analysis (AEDA) for the identification of olfactory relevant compounds in the distillate. Changes in concentration of these selected odour compounds between different olfactory states of the distillate is shown by objective, instrumental analytical methods and confirms their contribution to the odour. The advantages of headspace-sampling in the examination of volatile compounds as opposed to other techniques to increase the concentration of these compounds or to the liquid-injection of aroma extracts are described and explained. A procedure is described which removes the sulphur containing compounds with metallic copper.</dc:description>
          <dc:date>2000-12-12</dc:date>
          <dc:type>doctoralthesis</dc:type>
          <dc:type>doc-type:doctoralthesis</dc:type>
          <dc:format>application/pdf</dc:format>
          <dc:identifier>http://opus4.kobv.de/opus4-tuberlin/frontdoor/index/index/docId/134</dc:identifier>
          <dc:identifier>urn:nbn:de:kobv:83-opus-1291</dc:identifier>
          <dc:identifier>http://nbn-resolving.de/urn/resolver.pl?urn:nbn:de:kobv:83-opus-1291</dc:identifier>
          <dc:identifier>http://opus4.kobv.de/opus4-tuberlin/files/134/lucas_marc.pdf</dc:identifier>
          <dc:language>deu</dc:language>
          <dc:rights>Deutsches Urheberrecht mit Print on Demand (u.a. für Dissertationen empfohlen)</dc:rights>
        </oai_dc:dc>
      </metadata>
    </record>
  </GetRecord>
</OAI-PMH>
