<?xml version="1.0" encoding="utf-8"?>
<?xml-stylesheet type="text/xsl" href="xsl/oai2.xsl"?><OAI-PMH xmlns="http://www.openarchives.org/OAI/2.0/" xmlns:xsi="http://www.w3.org/2001/XMLSchema-instance" xsi:schemaLocation="http://www.openarchives.org/OAI/2.0/ http://www.openarchives.org/OAI/2.0/OAI-PMH.xsd">
  <responseDate>2014-10-15T06:50:44Z</responseDate>
  <request verb="GetRecord" metadataPrefix="oai_dc" identifier="oai:kobv.de-opus4-tuberlin:1357">http://opus4.kobv.de/opus4-tuberlin/oai</request>
  <GetRecord>
    <record>
      <header>
        <identifier>oai:kobv.de-opus4-tuberlin:1357</identifier>
        <datestamp>2013-07-01</datestamp>
        <setSpec>doc-type:doctoralthesis</setSpec>
        <setSpec>bibliography:false</setSpec>
        <setSpec>ddc</setSpec>
        <setSpec>ddc:570</setSpec>
      </header>
      <metadata>
        <oai_dc:dc xmlns:oai_dc="http://www.openarchives.org/OAI/2.0/oai_dc/" xmlns:dc="http://purl.org/dc/elements/1.1/" xsi:schemaLocation="http://www.openarchives.org/OAI/2.0/oai_dc/ http://www.openarchives.org/OAI/2.0/oai_dc.xsd">
          <dc:title xml:lang="deu">Mikroträgerbasierte Expansion von Primärzellen für das Tissue Engineering im Bioreaktor</dc:title>
          <dc:title xml:lang="eng">Microcarrier-based expansion of primary cells for tissue engineering in the bioreactor</dc:title>
          <dc:creator>Frauenschuh, Simone</dc:creator>
          <dc:subject>ddc:570</dc:subject>
          <dc:description xml:lang="deu">Die vorgestellte Arbeit liefert neue Erkenntnisse zur mikroträgerbasierten Expansion von primären mesenchymalen Stammzellen (MSC) und Chondrozyten im Spinnerflaschen-Bioreaktor. Diese Expansionsmethode stellt eine viel versprechende Alternative zur herkömmlichen 2-dimensionalen Monolayerkultur von Primärzellen im Rahmen des Tissue Engineering dar. Zusätzliche Vorteile verspricht die Verwendung von bioresorbierbaren Mikroträgern, welche zusammen mit den expandierten Zellen in die Transplantatherstellung eingehen können. Hierzu war es notwendig, Mikroträger aus PLGA selbst herzustellen und entsprechend ihrer Form und Oberflächenbeschaffenheit, Größe und Größenverteilung, sowie anhand ihres Degradationsverhaltens zu charakterisieren. Zur Etablierung der Methode wurden auch kommerzielle Cytodex Mikroträger verwendet. Neben der erstmaligen Isolierung von MSC mittels Mikroträgern sollte die Adhärenz und Proliferation der Zellen auf den Trägern gezeigt werden. Anschließend wurde das Differenzierungspotential der 3-dimensional expandierten Zellen in osteogene und chondrogene Richtung überprüft. Die PLGA Mikroträger konnten erfolgreich als Kugeln mit glatter Oberfläche in der gewünschten Größe von 100-200µm hergestellt werden. Das Degradationsverhalten entsprach insbesondere beim PLGA 0500 Material, welches aus einem 85:15 Verhältnis an PLA zu PGA besteht, den gewünschten Kriterien. Eine sehr gute Adhärenz der Zellen konnte bereits nach 3h auf allen Mikroträgern nachgewiesen werden, wobei Cytodex 1 die höchsten Werte erreichte. Die direkte Isolierung der in der Zellzahl limitierten MSC mit Hilfe von Mikroträgern konnte erstmals gezeigt werden. Die Zellspezies hatte wenig Einfluss auf die Adhärenz, während eine Adaption an Monolayerbedingungen eine Steigerung der adhärenten Zellen bewirkte. Eine Proliferation war für alle untersuchten Zelltypen nachweisbar, blieb jedoch hinter der Monolayerkultur zurück. Eine Optimierung der mikroträgerbasierten Methode könnte die Wachstumsraten entsprechend verbessern. Das Expansionspotential der mikroträgerbasierten Kultur war durch die gezeigte Rekolonisation frischer Carrier ohne Limitierung und stellt somit einen entscheidenden Vorteil dieser Methode dar. Das Differenzierungspotential der Zellen blieb während der 3D-Expansion erhalten. Die grundsätzliche Verwendbarkeit von resorbierbaren PLGA Mikroträgern konnte gezeigt werden. Insgesamt ist die mikroträgerbasierte Expansion von Zellen im Spinnerflaschen-Bioreaktor eine Erfolg versprechende Methode zur in vitro Vermehrung von primären Zellen.</dc:description>
          <dc:description xml:lang="eng">This work provides new insights into the microcarrier-based expansion of primary mesenchymal stem cells (MSC) and chondrocytes in a spinner flask bioreactor. This expansion method displays a promising alternative to the conventional 2-dimensional monolayer culture in the context of tissue engineering. The application of bioresorbable microcarriers, which, combined with the expanded cells, can be used for transplantation, promises additional advantages. For this reason, it was necessary to produce microcarriers from a PLGA polymer and to characterise them in terms of shape and surface structure, size and size distribution, and degradation behaviour. For implementation of the new expansion method, commercially available cytodex microcarriers were used. Next to the isolation of MSC with carriers, the adhesion and proliferation of the cells on the microcarriers was shown. Subsequently, the differentiation potential of the 3-dimensionally expanded cells was evaluated for the osteogenic and chondrogenic lineage. The PLGA microcarriers could be produced successfully as spheres with a plane surface structure in the desired size of 100-200µm diameter. The degradation behaviour was satisfying especially for the PLGA 0500 material, which consists of 85% PLA. Very good adhesion of the cells to the carriers was distinguished after 3h of incubation whereas cytodex type 1 showed the highest number of adherent cells. Additionally, the isolation of MSC via microcarriers from bone marrow could be demonstrated. Porcine and human cell types behaved the same on behalf of adhesion, whereas an additional passage caused an increase of adherent cells. Proliferation was detectable for all cell types but revealed higher generation times compared to the monolayer culture. An optimisation of the microcarrier-based method could improve the expansion rate. One advantage of this method is the unlimited expansion potential due to recolonisation of freshly added microcarriers, which could be presented clearly. The differentiation potential of the cells was maintained during the 3-dimensional expansion. The usability of biodegradable PLGA microcarriers for these purposes could be shown. Totalling the results, the microcarrier-based expansion in spinner flasks is a promising method for the in vitro progeny of primary cells.</dc:description>
          <dc:date>2006-10-18</dc:date>
          <dc:type>doctoralthesis</dc:type>
          <dc:type>doc-type:doctoralthesis</dc:type>
          <dc:format>application/pdf</dc:format>
          <dc:identifier>http://opus4.kobv.de/opus4-tuberlin/frontdoor/index/index/docId/1357</dc:identifier>
          <dc:identifier>urn:nbn:de:kobv:83-opus-13942</dc:identifier>
          <dc:identifier>http://nbn-resolving.de/urn/resolver.pl?urn:nbn:de:kobv:83-opus-13942</dc:identifier>
          <dc:identifier>http://opus4.kobv.de/opus4-tuberlin/files/1357/frauenschuh_simone.pdf</dc:identifier>
          <dc:language>deu</dc:language>
          <dc:rights>Deutsches Urheberrecht mit Print on Demand (u.a. für Dissertationen empfohlen)</dc:rights>
        </oai_dc:dc>
      </metadata>
    </record>
  </GetRecord>
</OAI-PMH>
