<?xml version="1.0" encoding="utf-8"?>
<?xml-stylesheet type="text/xsl" href="xsl/oai2.xsl"?><OAI-PMH xmlns="http://www.openarchives.org/OAI/2.0/" xmlns:xsi="http://www.w3.org/2001/XMLSchema-instance" xsi:schemaLocation="http://www.openarchives.org/OAI/2.0/ http://www.openarchives.org/OAI/2.0/OAI-PMH.xsd">
  <responseDate>2014-10-15T06:49:20Z</responseDate>
  <request verb="GetRecord" metadataPrefix="oai_dc" identifier="oai:kobv.de-opus4-tuberlin:1121">http://opus4.kobv.de/opus4-tuberlin/oai</request>
  <GetRecord>
    <record>
      <header>
        <identifier>oai:kobv.de-opus4-tuberlin:1121</identifier>
        <datestamp>2013-07-01</datestamp>
        <setSpec>doc-type:doctoralthesis</setSpec>
        <setSpec>bibliography:false</setSpec>
        <setSpec>ddc</setSpec>
        <setSpec>ddc:620</setSpec>
      </header>
      <metadata>
        <oai_dc:dc xmlns:oai_dc="http://www.openarchives.org/OAI/2.0/oai_dc/" xmlns:dc="http://purl.org/dc/elements/1.1/" xsi:schemaLocation="http://www.openarchives.org/OAI/2.0/oai_dc/ http://www.openarchives.org/OAI/2.0/oai_dc.xsd">
          <dc:title xml:lang="deu">Entwicklung einer neuen Adsorptionstechnik zur Entfernung natürlicher Organika mit granuliertem Eisenhydroxid</dc:title>
          <dc:title xml:lang="eng">A new treatment process for removal of natural organic matter by adsorption onto granular ferric hydroxide</dc:title>
          <dc:creator>Genz, Arne</dc:creator>
          <dc:subject>ddc:620</dc:subject>
          <dc:description xml:lang="deu">In der vorliegenden Arbeit wird eine neue Verfahrenskombination zur Entfernung natürlicher organischer Stoffe (NOM) aus Grundwasser untersucht. Das zweistufige Verfahren besteht aus einem Adsorptionsschritt zur Entfernung der NOM in einem Festbettfilter und aus einem Regenerationsschritt, in dem die NOM in situ von dem Adsorbens desorbiert werden, um eine nachfolgende Wiederbeladung zu ermöglichen. Als Adsorbens kommt granuliertes Eisenhydroxid (GEH), eine besonders aktive Eisenoxidmodifikation, zum Einsatz. Es werden NOM aus deutschen Grundwässern, NOM aus dem Suwannee River (SRNOM) sowie die Einzelstoffe Salicylsäure und Phosphat untersucht. Im Adsorptionsgleichgewicht werden moderate Beladungen der NOM von 10 bis 30 mg DOC pro g GEH erreicht, während der nicht adsorbierbare DOC-Anteil für sämtliche Wässer bei etwa 1,5 mg L 1 liegt. Die größeren und UV-aktiven Fulvinsäuren werden bevorzugt adsorbiert, niedermolekulare Säuren dagegen sind sehr schlecht an GEH adsorbierbar. Über kinetische Untersuchungen wird gezeigt, daß zunächst die kleinen und mittelgroßen Fulvinsäuren aufgrund ihrer höheren Diffusionsgeschwindigkeit entfernt werden. Die Abhängigkeit der Adsorption vom pH Wert und der Ionenstärke deutet auf einen dominierenden Ligandenaustausch-Mechanismus zwischen den funktionellen Gruppen der NOM und den Hydroxylgruppen der Adsorbensoberfläche. Die NOM-Adsorption erwies sich als spezifisch. Einzig Phosphat ist in der Lage, die NOM-Beladungen durch konkurrierende Adsorption herabzusetzen. Eine modellhafte Beschreibung der Adsorption mittels des Double-Layer-Modells gelingt für die Einzelstoffe Salicylsäure und Phosphat unter der Annahme mononuklearer Oberflächenkomplexe. Die Modellierung der Adsorption von SRNOM ist dagegen nur beschränkt möglich. Die besten Ergebnisse wurden unter Verwendung mehrkerniger Komplexe erreicht. Da größere SRNOM-Moleküle mehr Oberflächenplätze auf dem GEH blockieren als durch die postulierten Komplexe berücksichtigt, tritt stets eine Überschätzung der Beladung auf. SRNOM zeigen ein stark abweichendes Verhalten zu den grundwasserstämmigen NOM. Sie weisen eine extrem langsame Adsorptionskinetik auf, die in Kleinfilterversuchen zu spontanen Durchbrüchen führt. Es ist sehr wahrscheinlich, daß eine behinderte Korndiffusion der größeren SRNOM-Moleküle für diesen Effekt verantwortlich ist. Experimentell aufgenommene Durchbruchskurven von Kleinfiltern lassen sich sowohl für Salicylsäure als auch für die grundwasserstämmigen NOM unter Verwendung experimentell ermittelter Stoffübergangskoeffizienten mit dem Modell der Film-Homogenen Diffusion zufriedenstellend abbilden. Es wird zudem gezeigt, daß kleine Säulentests im Labor (Rapid Small-Scale Column Tests) eine Alternative zu der Modellierung darstellen. Eine Regeneration des GEH ist mittels NaOH und H2O2 möglich. Die optimalen Mengen und Konzentrationen wurden in Experimenten ermittelt. Ein stets auftretender Kapazitätsverlust während der Wiederbeladungen kann sowohl auf nicht desorbierbare NOM-Anteile als auch auf strukturelle Umwandlungen des Adsorbens zurückgeführt werden.</dc:description>
          <dc:description xml:lang="eng">Adsorption onto granular ferric hydroxide (GFH) was studied as a new process for NOM removal from groundwater. In the first step, the adsorbent was loaded with NOM until the maximum loading capacity was reached. In the second step, the adsorbent was regenerated in order to allow for subsequent reloading. Groundwater NOM from different regions in Germany, NOM from the Suwannee River in the USA (SRNOM) as well as salicylic acid and phosphate were investigated in terms of adsorption equilibrium, filter dynamics and regeneration. Equilibrium loadings of 10 to 30 mg DOC per g GFH are observed whereas the non-adsorbable DOC fraction amounted to 1.5 mg L-1 for all waters investigated. The larger and UV-active fractions (mainly fulvic acids) were well adsorbed while the smaller molecular fractions were poorly or not adsorbed. Kinetic studies showed that the smaller and medium sized fulvic acids are removed first because of faster diffusion in solution. A strong dependence on pH but weak dependence on ionic strength were observed. These findings point to ligand exchange as the dominant adsorption mechanism, involving the functional NOM groups and the hydroxyl groups of the adsorbent surface. NOM adsorption onto GFH was found to be very specific. Only phosphate competes effectively with NOM for adsorption sites. With regard to NOM structure, prerequisites for adsorption onto GFH are both a minimum number of functional groups and a molecular size small enough to enter the GFH pores. Adsorption of salicylic acid and phosphate can be modeled with the double layer model and by assuming mono-nuclear surface complexes. In contrast, modeling of NOM adsorption is constrained by the multi-component character of NOM. The best results were achieved by assumption of multi-nuclear binding sites. The calculated loadings are overestimated by the model since larger SRNOM molecules occupy more surface sites than incorporated by the model. SRNOM exhibits different behavior than the groundwater-derived NOM, showing very slow adsorption kinetics and spontaneous breakthrough in filter columns. Most likely, hindered intraparticle transport is responsible for these effects. NOM and salicylic acid breakthrough curves were successfully modeled by use of the homogeneous surface diffusion model and the experimentally determined mass transfer coefficients. Furthermore, rapid small-scale column tests (RSSTCs) proved to be an alternative to the modeling procedure. Regeneration of loaded GFH is possible either by use of sodium hydroxide (NaOH) or oxidatively by hydrogen peroxide (H2O2). In this study, the optimal quantities and concentrations were determined. During all regeneration studies, a loss in reloading capacity was observed. This loss is caused by both structural transformations of the adsorbent and non-desorbable fractions of the NOM.</dc:description>
          <dc:date>2005-10-26</dc:date>
          <dc:type>doctoralthesis</dc:type>
          <dc:type>doc-type:doctoralthesis</dc:type>
          <dc:format>application/pdf</dc:format>
          <dc:identifier>http://opus4.kobv.de/opus4-tuberlin/frontdoor/index/index/docId/1121</dc:identifier>
          <dc:identifier>urn:nbn:de:kobv:83-opus-11266</dc:identifier>
          <dc:identifier>http://nbn-resolving.de/urn/resolver.pl?urn:nbn:de:kobv:83-opus-11266</dc:identifier>
          <dc:identifier>http://opus4.kobv.de/opus4-tuberlin/files/1121/genz_arne.pdf</dc:identifier>
          <dc:language>deu</dc:language>
          <dc:rights>Deutsches Urheberrecht mit Print on Demand (u.a. für Dissertationen empfohlen)</dc:rights>
        </oai_dc:dc>
      </metadata>
    </record>
  </GetRecord>
</OAI-PMH>
