<?xml version="1.0" encoding="utf-8"?>
<?xml-stylesheet type="text/xsl" href="xsl/oai2.xsl"?><OAI-PMH xmlns="http://www.openarchives.org/OAI/2.0/" xmlns:xsi="http://www.w3.org/2001/XMLSchema-instance" xsi:schemaLocation="http://www.openarchives.org/OAI/2.0/ http://www.openarchives.org/OAI/2.0/OAI-PMH.xsd">
  <responseDate>2014-10-15T06:50:43Z</responseDate>
  <request verb="GetRecord" metadataPrefix="oai_dc" identifier="oai:kobv.de-opus4-tuberlin:1356">http://opus4.kobv.de/opus4-tuberlin/oai</request>
  <GetRecord>
    <record>
      <header>
        <identifier>oai:kobv.de-opus4-tuberlin:1356</identifier>
        <datestamp>2013-07-01</datestamp>
        <setSpec>doc-type:doctoralthesis</setSpec>
        <setSpec>bibliography:false</setSpec>
        <setSpec>ddc</setSpec>
        <setSpec>ddc:710</setSpec>
      </header>
      <metadata>
        <oai_dc:dc xmlns:oai_dc="http://www.openarchives.org/OAI/2.0/oai_dc/" xmlns:dc="http://purl.org/dc/elements/1.1/" xsi:schemaLocation="http://www.openarchives.org/OAI/2.0/oai_dc/ http://www.openarchives.org/OAI/2.0/oai_dc.xsd">
          <dc:title xml:lang="deu">Beitrag des Informationsmanagements für den Einsatz neuer Fernerkundungsdaten in der städtischen Planung am Beispiel der Stadtbiotoptypenkartierung mit Flugzeugscannerdaten in Berlin</dc:title>
          <dc:title xml:lang="eng">Information management for the application of new remote-sensing data in urban planning - the example of urban biotope mapping with aerial scanner data in Berlin</dc:title>
          <dc:creator>Lakes, Tobia Maike</dc:creator>
          <dc:subject>ddc:710</dc:subject>
          <dc:description xml:lang="deu">Seit einigen Jahren nimmt die Anzahl an verfügbaren Fernerkundungstechnologien stark zu. Räumlich sehr hoch auflösende Daten und differenzierte Methoden eröffnen neue Einsatzbereiche in der Landschafts- und Stadtplanung. Allerdings findet der tatsächliche Transfer dieser neuen Technologien in die Planungspraxis, d. h. die Operationalisierung, nur sehr eingeschränkt statt. In dieser Arbeit wird der operationelle Einsatz neuer Flugzeugscannerdaten am Beispiel der Stadtbiotoptypen-kartierung in Berlin analysiert. Neben dem technologisch Möglichen, werden diejenigen Einflussfaktoren untersucht, die eine fördernde oder hemmende Wirkung auf die Operationalisierung neuer Fernerkundungsdaten in der Planungspraxis ausüben. Besonders berücksichtigt werden die Auswirkungen aktueller Entwicklungen von webbasierten Geoinformationssystemen (WebGIS) auf den Umgang mit Geodaten. Sehr hoch auflösende Flugzeugscannerdaten werden visuell und teilautomatisiert (pixelbasiert) für ausgewählte Untersuchungsgebiete in Berlin interpretiert und ihre Ein-satzmöglichkeiten für die Stadtbiotoptypenkartierung diskutiert. Des Weiteren wird mit-hilfe eines Informationsmanagementansatzes der Umgang mit Fernerkundungsdaten in der Berliner Planungspraxis untersucht. Hierzu werden Literaturanalysen, eigene An-wendungen des untersuchten Berliner WebGIS FIS-Broker und problemzentrierte Ex-perteninterviews mit Vertretern aus der freien Wirtschaft, Verwaltung und Forschung eingesetzt. Die Ergebnisse zeigen die Einsatzmöglichkeiten der untersuchten Flugzeug- scannerdaten für die Stadtbiotoptypenkartierung als Alternative zur etablierten Luftbild-auswertung auf. Eine vollständig automatisierte Auswertung der Daten ist nicht möglich; eine kombinierte visuelle und pixelbasierte Klassifikation wird jedoch als eine operationelle Methode eingestuft. Am Beispiel der Flugzeugscannerdaten wird darüber hinaus deutlich, dass weniger die technologischen Möglichkeiten den operationellen Einsatz der Daten hemmen, als vielmehr andere Faktoren, nämlich finanzielle, recht-liche, personelle und organisatorische Faktoren. Des Weiteren wird am Beispiel des Berliner WebGIS FIS-Broker gezeigt, dass die gegenwärtigen Entwicklungen der WebGIS die Operationalisierung neuer Fernerkundungsdaten für Planungsprozesse unterstützen können, dies in Berlin jedoch bislang nur eingeschränkt der Fall ist. Aus der Untersuchung in Berlin kann die verallgemeinerbare Aussage geschlos-sen werden, dass technologische Probleme der verfügbaren Daten und Methoden der Fernerkundung zwar noch nicht gelöst sind, sie jedoch als wirkende Hemmfaktoren gegenüber den finanziellen, rechtlichen, personellen und organisatorischen Einfluss-faktoren in den Hintergrund treten. Mit der gegenwärtigen Initiierung einer Berliner Geodateninfrastruktur werden positive Auswirkungen auf den Einsatz neuer Fernerkun-dungsdaten erwartet. In zukünftigen Untersuchungen sollte der operationelle Einsatz auch für weitere Datensätze und Anwendungsbereiche analysiert werden.</dc:description>
          <dc:description xml:lang="eng">In recent years, the number of available remote-sensing technologies has rapidly increased. High-resolution data and varying methods open up new application fields in landscape and urban planning. However, the actual transfer of these new technologies into the planning practice - the operationalisation - is still limited. In this study, the operational application of new aerial scanner data for urban biotope-type mapping is being analysed. Apart from technological possibilities, those influencing factors are being studied, which either assist or hinder the application of new remote-sensing data in planning. A particular focus lies on the effects of recent developments of web-based geo-information-systems (WebGIS) on dealing with geodata. First of all, high-resolution aerial scanner data is being classified with a visual and partly automatic (pixel-based) approach for selected study areas within Berlin. Chances and challenges of possible application fields linked to biotope mapping are being discussed. Furthermore, the handling of remote-sensing data within the Berlin planning practice is being analysed by an information management approach. For this reason, literature review, an analysis of the Berlin WebGIS FIS-Broker and problem-oriented experts-interviews with people from the private sector, the Berlin planning administration and science are carried out. The results point out the possibilities of the studied aerial scanner data for urban biotope-type mapping as an alternative to the well-established visual interpretation of aerial photos. A fully automatic classification of the data is not possible; a combined approach of a visual and pixel-based classification can be rated as an operational method. For the studied aerial scanner data it becomes clear that not only the technological possibilities hinder the application, but rather other factors, i. e. financial, legal, personal and organisational ones. Furthermore, the example of the FIS-Broker shows that recent developments in WebGIS can support the operationalisation of remote-sensing data in planning processes. In Berlin, this can be stated only to a limited degree up to now. It can be concluded from this study that technological problems of available remote-sensing data and methods have not been completely solved yet, but their obstructing effect is smaller than the one of financial, legal, personal and organisational factors. Taking into account the recent initiation of a Berlin geodata infrastructure, positive effects on the application of remote-sensing data will be expected. In future studies the operational application should be analysed for other data sets and application fields as well.</dc:description>
          <dc:date>2006-10-18</dc:date>
          <dc:type>doctoralthesis</dc:type>
          <dc:type>doc-type:doctoralthesis</dc:type>
          <dc:format>application/pdf</dc:format>
          <dc:identifier>http://opus4.kobv.de/opus4-tuberlin/frontdoor/index/index/docId/1356</dc:identifier>
          <dc:identifier>urn:nbn:de:kobv:83-opus-13253</dc:identifier>
          <dc:identifier>http://nbn-resolving.de/urn/resolver.pl?urn:nbn:de:kobv:83-opus-13253</dc:identifier>
          <dc:identifier>http://opus4.kobv.de/opus4-tuberlin/files/1356/lakes_tobia.pdf</dc:identifier>
          <dc:language>deu</dc:language>
          <dc:rights>Deutsches Urheberrecht mit Print on Demand (u.a. für Dissertationen empfohlen)</dc:rights>
        </oai_dc:dc>
      </metadata>
    </record>
  </GetRecord>
</OAI-PMH>
