<?xml version="1.0" encoding="utf-8"?>
<?xml-stylesheet type="text/xsl" href="xsl/oai2.xsl"?><OAI-PMH xmlns="http://www.openarchives.org/OAI/2.0/" xmlns:xsi="http://www.w3.org/2001/XMLSchema-instance" xsi:schemaLocation="http://www.openarchives.org/OAI/2.0/ http://www.openarchives.org/OAI/2.0/OAI-PMH.xsd">
  <responseDate>2014-10-15T06:44:43Z</responseDate>
  <request verb="GetRecord" metadataPrefix="oai_dc" identifier="oai:kobv.de-opus4-tuberlin:143">http://opus4.kobv.de/opus4-tuberlin/oai</request>
  <GetRecord>
    <record>
      <header>
        <identifier>oai:kobv.de-opus4-tuberlin:143</identifier>
        <datestamp>2013-07-01</datestamp>
        <setSpec>doc-type:doctoralthesis</setSpec>
        <setSpec>bibliography:false</setSpec>
        <setSpec>ddc</setSpec>
        <setSpec>ddc:620</setSpec>
      </header>
      <metadata>
        <oai_dc:dc xmlns:oai_dc="http://www.openarchives.org/OAI/2.0/oai_dc/" xmlns:dc="http://purl.org/dc/elements/1.1/" xsi:schemaLocation="http://www.openarchives.org/OAI/2.0/oai_dc/ http://www.openarchives.org/OAI/2.0/oai_dc.xsd">
          <dc:title xml:lang="deu">Untersuchung einer Axialgitterschaufel mit Höchstumlenkung durch Struktur- und niederfrequente Wölbungsvariation </dc:title>
          <dc:title xml:lang="eng">Investigation of a single axil cascade blade with high flow deviation because of structure variation and time variation</dc:title>
          <dc:creator>Jarius, Marc</dc:creator>
          <dc:subject>ddc:620</dc:subject>
          <dc:description xml:lang="deu">In hydraulischen und thermischen Strömungsmaschinen werden zur Erzeugung eines Vordralls Vorleiträder mit Schaufeln variabler Staffelung eingesetzt. Diese Vorleiträder besitzen nur bei relativ kleinen Umlenkwinkeln relativ kleine Verluste und finden ihre Anwendung hauptsächlich in großen Kraftwerks-Kühl- wasserpumpen. Dieses Regelverfahren wird sowohl bei halbaxialen als auch bei axialen Kreiselpumpen eingesetzt. In diesem Projekt soll die Umströmung einer einzelnen Vorleitradschaufel mit variabler Wölbung (Klappenprofil) untersucht und Maßnahmen zur Erweiterung des Umlenkvermögens ergriffen werden. Um einen relativ großen Verstellbereich 0°...50° zu erreichen, wird eine Vorleitradschaufel aus einem dreidimensionalen axialen Gitter einer Hydraulischen Modellströmungsmaschinenstufe gelöst und in einer ebenen Strömung untersucht. Unter Anwendung der Digital- Particle-Image-Velocimetry (DPIV) ist es möglich, die stationären und instationären Geschwindigkeitsfelder einer derartigen Vorleitradschaufel zu erfassen. Das Ziel dieser Grundlagenuntersuchung ist die Kontrolle von turbulenten Scherschichtströmungen bei Höchstumlenkung der Vorleitradschaufel ohne gravierende Grenzschichtablösungen. Als aktive Beeinflussung der turbulenten Scherschicht soll eine "wobbelnde" Klappenschaufel (Frequenzbereich 5...15 Hz) eingesetzt werden. Zusätzlich wird zur passiven Kontrolle der Einfluß des Spaltstroms zwischen Vorkörper und Klappe untersucht. Die Seitenwandeffekte sind späteren Untersuchungen vorbehalten.</dc:description>
          <dc:description xml:lang="eng">For the generation of a uniform prerotational swirl staggered Inlet Guide Vanes (IGV) are used in hydraulic and thermic turbomachinery (normally in cooling water pumps). These staggered IGV show only a small range of capacity having high flow deviation without losses. On the other hand, IGV of variable camber have only small losses over a wide range of capacities. This method is well known to control mixed flow pumps and axial flow pumps. In this research project the flow at only one single IGV with low frequency variable camber is investigated. The objective is to develop a method to achieve higher flow deviation without boundary layer separation. Therefore, one IGV is separated from the 3D cascade of a hydraulic axial flow pump and investigated in a newly designed rectangular test section. For measuring the steady and unsteady flow field the Digital Particle Image Velocimetry (DPIV) is used. The main target of this fundamental research is to control the turbulent shear layer. As an active control a wobbling flap (frequency of 5...15 Hz) has been used and as passive control a gap between the fixed front part and movable flap is installed.</dc:description>
          <dc:date>2000-11-02</dc:date>
          <dc:type>doctoralthesis</dc:type>
          <dc:type>doc-type:doctoralthesis</dc:type>
          <dc:format>application/pdf</dc:format>
          <dc:identifier>http://opus4.kobv.de/opus4-tuberlin/frontdoor/index/index/docId/143</dc:identifier>
          <dc:identifier>urn:nbn:de:kobv:83-opus-1381</dc:identifier>
          <dc:identifier>http://nbn-resolving.de/urn/resolver.pl?urn:nbn:de:kobv:83-opus-1381</dc:identifier>
          <dc:identifier>http://opus4.kobv.de/opus4-tuberlin/files/143/jarius_marc.pdf</dc:identifier>
          <dc:language>deu</dc:language>
          <dc:rights>Deutsches Urheberrecht mit Print on Demand (u.a. für Dissertationen empfohlen)</dc:rights>
        </oai_dc:dc>
      </metadata>
    </record>
  </GetRecord>
</OAI-PMH>
