<?xml version="1.0" encoding="utf-8"?>
<?xml-stylesheet type="text/xsl" href="xsl/oai2.xsl"?><OAI-PMH xmlns="http://www.openarchives.org/OAI/2.0/" xmlns:xsi="http://www.w3.org/2001/XMLSchema-instance" xsi:schemaLocation="http://www.openarchives.org/OAI/2.0/ http://www.openarchives.org/OAI/2.0/OAI-PMH.xsd">
  <responseDate>2014-10-15T06:50:26Z</responseDate>
  <request verb="GetRecord" metadataPrefix="oai_dc" identifier="oai:kobv.de-opus4-tuberlin:1289">http://opus4.kobv.de/opus4-tuberlin/oai</request>
  <GetRecord>
    <record>
      <header>
        <identifier>oai:kobv.de-opus4-tuberlin:1289</identifier>
        <datestamp>2013-07-01</datestamp>
        <setSpec>doc-type:doctoralthesis</setSpec>
        <setSpec>bibliography:false</setSpec>
        <setSpec>ddc</setSpec>
        <setSpec>ddc:620</setSpec>
      </header>
      <metadata>
        <oai_dc:dc xmlns:oai_dc="http://www.openarchives.org/OAI/2.0/oai_dc/" xmlns:dc="http://purl.org/dc/elements/1.1/" xsi:schemaLocation="http://www.openarchives.org/OAI/2.0/oai_dc/ http://www.openarchives.org/OAI/2.0/oai_dc.xsd">
          <dc:title xml:lang="deu">Biomechanik und Mechanobiologie in der Regeneration osteochondraler Defekte im Kniegelenk</dc:title>
          <dc:title xml:lang="eng">Regeneration of osteochondral defects - Biomechanics and Mechano-biology</dc:title>
          <dc:creator>Kleemann, Ralf</dc:creator>
          <dc:subject>ddc:620</dc:subject>
          <dc:description xml:lang="deu">Trotz der erreichten Fortschritte in der Versorgung von traumatischen Verletzungen stellt die Therapie osteochondraler Defekte im Kniegelenk weiterhin eine klinische Herausforderung dar. Der Ansatz, den mechanischen Einfluss auf die Regeneration von Knochen und Knorpel mit einzubeziehen, soll neue Erkenntnisse über die Wechselwirkung von Mechanik und Biologie in der Regeneration osteochondraler Defekte ermöglichen. Das Ziel dieser Arbeit war, den Einfluss strukturell und mechanisch unterschiedlicher Versorgungen osteochondraler Defekte auf den Regenerationsverlauf und die mechanische Qualität des regenerierten Knorpels mit Hilfe eines speziell zu entwickelnden Materialsprüfstand im ovinen Kniegelenk zu untersuchen. Bei 48 Merinomix-Schafen wurde je Femurkondyle des linken Hinterbeins ein osteochondraler Defekt gesetzt, von denen einer versorgt und der zweite als Kontrolle leer belassen wurde. Als Referenzverfahren wurden die Defekte mit autologen Knorpel-Knochenzylindern versorgt. Zur Untersuchung des strukturellen Einflusses der subchondralen Defektfüllung auf die Regeneration wurden Spongiosacluster eingebracht und mit einer Kollagenmembran verschlossen. Zur Untersuchung des mechanischen Einflusses der subchondralen Defektfüllung auf die Regeneration wurden die Defekte mit biodegradierbaren PLGA-Scaffolds unterschiedlicher mechanischer Qualität versorgt. Post mortem wurden die visko-elastischen Knorpeleigenschaften des gesunden, transplantierten und regenerierten Gelenkknorpels mit einer speziell entwickelten, hochpräzisen Materialprüfmaschine gemessen. Ferner wurden die Präparate histologisch, histomorphometrisch und immunhistochemisch beurteilt und verglichen. Im Ergebnis zeigte sich nach autologem Transfer (Referenzverfahren) ein signifikanter Verlust in der mechanischen Kompetenz des transplantierten Knorpels. Obwohl zeitgleich degenerative, prä-arthrotische Prozesse im Knorpel und Knochen (Sklerosierung) beobachtet wurden, war dieses reparative Verfahren allen anderen Versorgungen überlegen. Die strukturell minderwertige Versorgung mit Spongiosaclustern zeigte insgesamt eine verzögerte Regeneration. Der transplantierte Knochen wurde zunächst bindegewebig ersetzt, bevor sich neuer Knochen bilden konnte. Mechanisch und histologisch war die Regeneration der Spongiosacluster vergleichbar mit der Regeneration der unversorgten Defekte. Unterschiede in der mechanischen Qualität von PLGA-Scaffolds hatten einen Einfluss auf den Verlauf, jedoch nicht auf das Ergebnis der Regeneration hinsichtlich mechanischer Kompetenz des regenerierten Knorpels. Zusammenfassend scheinen strukturell und mechanisch unterschiedliche subchondrale Versorgungen eher den Heilungsverlauf osteochondraler Defekte (i.e. Geschwindigkeit, Gewebeanteile) zu beeinflussen, als die mechanische und histologische Qualität des regenerierten Ersatzknorpels.</dc:description>
          <dc:description xml:lang="eng">Cartilage and subchondral bone are both responsible for the normal function of the knee joint by providing a very low friction articulation and load distribution. The integrity and structure of these tissues is altered by traumatic or degenerative processes. Current surgical treatments focus on the regeneration, repair or replacement of the cartilage surface whereas the restoration of bony defects on the healing of osteochondral defects has not been investigated so far. It is hypothesized that the mechanical quality of the subchondral bone plays an important role for the regeneration of osteochondral defects. Therefore, the aim of the study was to investigate the influence of mechanical conditions on the regeneration of osteochondral defects. The quality of the regenerated cartilage by means of composition and mechanical properties is influenced by the mechanical competence of the restored subchondral bone. The mechanical quality of cartilage has to be determined with a custom developed materials testing device. Osteochondral defects were created in each femoral condyle of the left knee in each of 48 mature Merino-mix sheep. The defect was filled either at the lateral or medial side randomly with one of the treatments, while the contralateral side was left empty and serves as control. As a reference, the defects were filled with osteochondral autografts. In order to investigate the influence of structural properties, the defects were treated with crushed spongiosa covered with a collagen-membrane. Finally, a hard and soft PLGA scaffold was implanted to analyse the effect of implant stiffness on osteochondral regeneration. Post mortem, healthy, regenerated and transplanted cartilage was tested using a high precision materials testing device. Further, the specimens underwent a histological, immunhistochemical and histomorphometrical analysis. The results showed that the osteochondral transplanted group was superior in the quality of the cartilage and bone to all other groups. However, degenerative pre-arthrotic changes at cartilage and bone were observed, and consequently the long-term performance of the treated area appears to be questionable. The crushed spongiosa group showed a delayed regeneration by means of incomplete filling of bone and segments of fibrous cartilage. The crushed bone was mainly replaced by connective tissue, before enchondral ossification appeared. Overall, the mechanical and histological quality of the spongiosa-cluster treated defects was comparable to the non-treated defects. Although differences in mechanical quality of PLGA scaffolds influenced the process of regeneration, they had only a small effect on the mechanical quality of regenerated cartilage. In conclusion, different structural and mechanical implant qualities influenced the velocity of regeneration and tissue distribution in osteochondral defects, while the mechanical and histological quality of the regenerated cartilage seemed to be less affected.</dc:description>
          <dc:date>2006-06-23</dc:date>
          <dc:type>doctoralthesis</dc:type>
          <dc:type>doc-type:doctoralthesis</dc:type>
          <dc:format>application/pdf</dc:format>
          <dc:identifier>http://opus4.kobv.de/opus4-tuberlin/frontdoor/index/index/docId/1289</dc:identifier>
          <dc:identifier>urn:nbn:de:kobv:83-opus-13163</dc:identifier>
          <dc:identifier>http://nbn-resolving.de/urn/resolver.pl?urn:nbn:de:kobv:83-opus-13163</dc:identifier>
          <dc:identifier>http://opus4.kobv.de/opus4-tuberlin/files/1289/kleemann_ralf.pdf</dc:identifier>
          <dc:language>deu</dc:language>
          <dc:rights>Deutsches Urheberrecht mit Print on Demand (u.a. für Dissertationen empfohlen)</dc:rights>
        </oai_dc:dc>
      </metadata>
    </record>
  </GetRecord>
</OAI-PMH>
