<?xml version="1.0" encoding="utf-8"?>
<?xml-stylesheet type="text/xsl" href="xsl/oai2.xsl"?><OAI-PMH xmlns="http://www.openarchives.org/OAI/2.0/" xmlns:xsi="http://www.w3.org/2001/XMLSchema-instance" xsi:schemaLocation="http://www.openarchives.org/OAI/2.0/ http://www.openarchives.org/OAI/2.0/OAI-PMH.xsd">
  <responseDate>2014-10-15T06:49:18Z</responseDate>
  <request verb="GetRecord" metadataPrefix="oai_dc" identifier="oai:kobv.de-opus4-tuberlin:1115">http://opus4.kobv.de/opus4-tuberlin/oai</request>
  <GetRecord>
    <record>
      <header>
        <identifier>oai:kobv.de-opus4-tuberlin:1115</identifier>
        <datestamp>2013-07-01</datestamp>
        <setSpec>doc-type:doctoralthesis</setSpec>
        <setSpec>bibliography:false</setSpec>
        <setSpec>ddc</setSpec>
        <setSpec>ddc:943</setSpec>
      </header>
      <metadata>
        <oai_dc:dc xmlns:oai_dc="http://www.openarchives.org/OAI/2.0/oai_dc/" xmlns:dc="http://purl.org/dc/elements/1.1/" xsi:schemaLocation="http://www.openarchives.org/OAI/2.0/oai_dc/ http://www.openarchives.org/OAI/2.0/oai_dc.xsd">
          <dc:title xml:lang="deu">"Rundfunkverbrechen" vor nationalsozialistischen Sondergerichten. Eine vergleichende Untersuchung der Urteilspraxis in der Reichshauptstadt Berlin und der südbadischen Provinz.</dc:title>
          <dc:title xml:lang="eng">"broadcast crimes" before National Socialist special courts.</dc:title>
          <dc:creator>Hensle, Michael</dc:creator>
          <dc:subject>ddc:943</dc:subject>
          <dc:description xml:lang="deu">Im September 1939 wird von den Nationalsozialisten mit Kriegsbeginn eine neue Verbotsverordnung geschaffen, nach der das Abhören ausländischer Sender wie auch das Verbreiten abgehörter Nachrichten als</dc:description>
          <dc:description xml:lang="eng">"broadcast crimes" before National Socialist special courts.</dc:description>
          <dc:contributor>Zentrum für Antisemitismusforschung</dc:contributor>
          <dc:date>2005-10-14</dc:date>
          <dc:type>doctoralthesis</dc:type>
          <dc:type>doc-type:doctoralthesis</dc:type>
          <dc:format>application/pdf</dc:format>
          <dc:identifier>http://opus4.kobv.de/opus4-tuberlin/frontdoor/index/index/docId/1115</dc:identifier>
          <dc:identifier>urn:nbn:de:kobv:83-opus-10742</dc:identifier>
          <dc:identifier>http://nbn-resolving.de/urn/resolver.pl?urn:nbn:de:kobv:83-opus-10742</dc:identifier>
          <dc:identifier>http://opus4.kobv.de/opus4-tuberlin/files/1115/hensle_michael.pdf</dc:identifier>
          <dc:language>deu</dc:language>
          <dc:rights>Deutsches Urheberrecht mit Print on Demand (u.a. für Dissertationen empfohlen)</dc:rights>
        </oai_dc:dc>
      </metadata>
    </record>
  </GetRecord>
</OAI-PMH>
