<?xml version="1.0" encoding="utf-8"?>
<?xml-stylesheet type="text/xsl" href="xsl/oai2.xsl"?><OAI-PMH xmlns="http://www.openarchives.org/OAI/2.0/" xmlns:xsi="http://www.w3.org/2001/XMLSchema-instance" xsi:schemaLocation="http://www.openarchives.org/OAI/2.0/ http://www.openarchives.org/OAI/2.0/OAI-PMH.xsd">
  <responseDate>2014-10-15T06:50:42Z</responseDate>
  <request verb="GetRecord" metadataPrefix="oai_dc" identifier="oai:kobv.de-opus4-tuberlin:1352">http://opus4.kobv.de/opus4-tuberlin/oai</request>
  <GetRecord>
    <record>
      <header>
        <identifier>oai:kobv.de-opus4-tuberlin:1352</identifier>
        <datestamp>2013-07-01</datestamp>
        <setSpec>doc-type:doctoralthesis</setSpec>
        <setSpec>bibliography:false</setSpec>
        <setSpec>ddc</setSpec>
        <setSpec>ddc:600</setSpec>
      </header>
      <metadata>
        <oai_dc:dc xmlns:oai_dc="http://www.openarchives.org/OAI/2.0/oai_dc/" xmlns:dc="http://purl.org/dc/elements/1.1/" xsi:schemaLocation="http://www.openarchives.org/OAI/2.0/oai_dc/ http://www.openarchives.org/OAI/2.0/oai_dc.xsd">
          <dc:title xml:lang="eng">Top-Down Analysis of High-Capacity Fiber-OpticTransmission</dc:title>
          <dc:title xml:lang="deu">Top-Down Analysis of High-Capacity Fiber-OpticTransmission</dc:title>
          <dc:creator>Louchet, Hadrien</dc:creator>
          <dc:subject>ddc:600</dc:subject>
          <dc:description xml:lang="eng">The purpose of the present work is to provide a comprehensive understanding of fiber nonlinearities in dispersion-managed WDM transmission systems. The goal is to derive universal design rules and to determine the ultimate capacity of fiber-optic transmission systems. The theoretical framework required for this top-down analysis is briefly reviewed in chapter 2. A generic approach for the characterization of fiber nonlinearities in dispersion-managed transmission systems as well as an analytical model for the assessment of nonlinearly- induced impairments in WDM systems are presented in chapter 3. Some design guidelines for the reduction of nonlinear impairments are proposed in chapter 4. Not only the transmission link design, but also the impact of information distribution in frequency and of fiber birefringence are investigated. In chapter 5, the issue of fiber nonlinearities is tackled from an "information theory" point of view: The maximal achievable capacity of fiber-optic transmission systems in presence of linear noise and fiber nonlinearities is derived and spectral efficiencies achievable with current technologies are discussed. Finally, some conclusions regarding the design of future high-capacity transmission systems are drawn in chapter 6.</dc:description>
          <dc:description xml:lang="deu">Der Schwerpunkt der vorliegenden Arbeit liegt auf der Analyse des nichtlinearen Kerr-Effekts, der das Design faseroptischer Kommunikationssysteme mit hoher Kapazität stark beeinflusst. Sowohl das Signal als auch das Design der Übertragungsstrecke (Dispersions- und Verlustkompensationsmanagement) bestimmen, wie stark sich der Kerr-Effekt auf die Leistung des Systems auswirkt. Da die mathematische Darstellung der nichtlinearen Übertragung darüber hinaus sehr komplex ist, lässt sich die Leistung eines Systems nur mithilfe numerischer Simulationen präzise vorhersagen. Da die durch die numerische Simulation erhaltene Optimierung nur für das jeweilige System gilt, lassen sich daraus keine allgemeinen Designregeln ableiten. Ziel dieser Doktorarbeit war es, mithilfe eines universellen analytischen Ansatzes allgemeingültige Aussagen zu treffen, die als Designregeln benutzt werden können. Dafür wird in dieser Doktorarbeit das Konzept der nichtlinearen Übertragungsfunktion (eng. nonlinear transfer function) eingeführt. Im ersten Kapitel werden die linearen und nichtlinearen Eigenschaften optischer Fasern vorgestellt. Im zweiten Kapitel wird die Übertragung eines optischen Signals mithilfe der neu eingeführten nichtlinearen Übertragungsfunktion dargestellt. Dabei wird die nichtlineare Diffusionsbandbreite als neue Eigenschaft dieser Übertragungsfunktion definiert. Damit können allgemeine Aussagen über die Signalausbreitung getroffen werden. Im dritten Teil werden verschiedene Strategien für die Reduzierung der nichtlinearen Störungen für Einkanal- und Wellenlängenmultiplexsysteme vorgeschlagen und verifiziert. Schließlich wird die maximal erreichbare Kapazität von faseroptischen Übertragungen unter Berücksichtigung des Kerr-Effekts hergeleitet. Es wird diskutiert, mit welchen Technologien man sich dieser theoretischen Grenze annähern kann.</dc:description>
          <dc:date>2006-10-12</dc:date>
          <dc:type>doctoralthesis</dc:type>
          <dc:type>doc-type:doctoralthesis</dc:type>
          <dc:format>application/pdf</dc:format>
          <dc:identifier>http://opus4.kobv.de/opus4-tuberlin/frontdoor/index/index/docId/1352</dc:identifier>
          <dc:identifier>urn:nbn:de:kobv:83-opus-13656</dc:identifier>
          <dc:identifier>http://nbn-resolving.de/urn/resolver.pl?urn:nbn:de:kobv:83-opus-13656</dc:identifier>
          <dc:identifier>http://opus4.kobv.de/opus4-tuberlin/files/1352/louchet_hadrien.pdf</dc:identifier>
          <dc:language>eng</dc:language>
          <dc:rights>Deutsches Urheberrecht mit Print on Demand (u.a. für Dissertationen empfohlen)</dc:rights>
        </oai_dc:dc>
      </metadata>
    </record>
  </GetRecord>
</OAI-PMH>
