<?xml version="1.0" encoding="utf-8"?>
<?xml-stylesheet type="text/xsl" href="xsl/oai2.xsl"?><OAI-PMH xmlns="http://www.openarchives.org/OAI/2.0/" xmlns:xsi="http://www.w3.org/2001/XMLSchema-instance" xsi:schemaLocation="http://www.openarchives.org/OAI/2.0/ http://www.openarchives.org/OAI/2.0/OAI-PMH.xsd">
  <responseDate>2014-10-15T06:49:07Z</responseDate>
  <request verb="GetRecord" metadataPrefix="oai_dc" identifier="oai:kobv.de-opus4-tuberlin:1066">http://opus4.kobv.de/opus4-tuberlin/oai</request>
  <GetRecord>
    <record>
      <header>
        <identifier>oai:kobv.de-opus4-tuberlin:1066</identifier>
        <datestamp>2013-07-01</datestamp>
        <setSpec>doc-type:doctoralthesis</setSpec>
        <setSpec>bibliography:false</setSpec>
        <setSpec>ddc</setSpec>
        <setSpec>ddc:540</setSpec>
      </header>
      <metadata>
        <oai_dc:dc xmlns:oai_dc="http://www.openarchives.org/OAI/2.0/oai_dc/" xmlns:dc="http://purl.org/dc/elements/1.1/" xsi:schemaLocation="http://www.openarchives.org/OAI/2.0/oai_dc/ http://www.openarchives.org/OAI/2.0/oai_dc.xsd">
          <dc:title xml:lang="deu">Die Rolle des Fettsäuresynthase Acyl-Carrier-Proteins (FAS-ACP) in der Chinoxalinantibiotika-Biosynthese</dc:title>
          <dc:creator>Schmoock, Gernot</dc:creator>
          <dc:subject>ddc:540</dc:subject>
          <dc:description xml:lang="deu">Chinoxalinantibiotika sind cyclische Octadepsipeptide, die aus zwei antiparallel angeordneten und über Esterbindungen miteinander verknüpften Chinoxalinoyl-tetrapeptidketten bestehen. Die Peptidketten sind an ihren Aminotermini mit Chinoxalin-2-carbonsäure (2QA) acyliert. Diese planaren, heteroaromatischen Seitengruppen sind für den Mechanismus der bifunktionellen Interkalation der Chinoxalinantibiotika in DNA verantwortlich. Als Inhibitoren der Transkription und der Replikation besitzen die Chinoxalin-antibiotika antimikrobielle und cytostatische Aktivität. Chinoxalinantibiotika werden von verschiedenen Streptomyces Arten, zu denen auch Streptomyces triostinicus und Streptomyces echinatus gehören, produziert. Der Aufbau der Peptidketten erfolgt in einem nichtribosomalen Mechanismus durch die Triostin Synthetasen I, II, III und IV (TrsI, II, III und IV). Die Triostin Synthetase I (TrsI) ist eine allein stehende Adenylierungs-Domäne (A-Domäne) und aktiviert die 2QA als Adenylat ohne 2QA-Bindungseigenschaft, während die Triostin Synthetasen II, III und IV typische nichtribosomale Peptidsynthetasen (NRPS) mit insgesamt vier kompletten Modulen sind, die jeweils eine Aminosäure des 2QA-Tetrapeptids durch Adenylierung aktivieren und als Thioester kovalent binden können. Die Peptidsynthetasen TrsII, III und IV sind somit höchstwahrscheinlich für den Aufbau der Tetrapeptidketten verantwortlich. Auf der Suche nach der 2QA-bindenden Proteinkomponente des Chinoxalinantibiotika-NRPS-Komplexes wurde aus Streptomyces echinatus ein ca. 9 kDa großes 2QA-bindendes Protein isoliert, welches durch die TrsI mit 2QA in ATP-abhängiger Weise acyliert wird. Die Reinigung und aminoterminale Sequenzierung des als AcpPSE bezeichneten 2QA-bindenden Proteins sowie die anschließende Klonierung seines Gens (acpPSE) ergab, dass es sich bei diesem Protein um das Acyl-Carrier-Protein (ACP) aus der Fettsäuresynthase (FAS) von S. echinatus handelt. Die heterologe Expression von acpPSE in E. coli lieferte das rekombinante AcpPSE in seiner holo-Form. Die eingehende Charakterisierung des ACPs ergab, dass es von ähnlichen allein stehenden A-Domänen (ACMSI und MKMSI aus der Actinomycin- bzw. Etamycin-Biosynthese) verwandter Chromopeptid-Biosynthesesysteme aus Streptomyceten nicht acyliert wird und ausschließlich ein Substrat für die TrsI darstellt. Aus diesen Daten konnte geschlossen werden, dass es sich bei der TrsI und des AcpPSEs höchstwahrscheinlich um das Initiationsmodul der Chinoxalinantibiotika-Biosynthese handelt, welches Chinoxalin-2-carbonsäure für die Synthese des 2QA-Tetrapeptids bereitstellt. Die Bestimmung der kinetischen Parameter KM und kcat der Acylierungsreaktion für das putative Initiationsmodul TrsI/AcpPSE und der Vergleich mit Initiationsmodulen anderer Chromopeptid-Biosynthese-systeme (Actinomycin-, Enterobactin- und Vibriobactin-Biosynthese) zeigten, dass TrsI/AcpPSE eine typische Acylierungs-Kinetik für diesen Modul-Typ aufweist. Die Umsetzung des Proteinpaares TrsI/AcpPSE mit der Triostin Synthetase II, welche die Module 2 (Serin) und 3 (Alanin) für den Aufbau der Tetrapeptidketten enthält, zeigte, dass AcpPSE spezifisch 2QA auf das an TrsII kovalent gebundene Serin unter Bildung von 2QA-Serin überträgt. Zudem war die TrsII offensichtlich in der Lage, das 2QA-L-Serine in 2QA-D-Serine durch Epimerisierung umzuwandeln. Diese Daten zeigen, dass AcpPSE eine hochspezifische Bindungsdomäne für 2QA in der Initiationsreaktion der 2QA-Peptidsynthese darstellt und hiermit zum ersten Mal die Mitwirkung eines Acyl-Carrier-Proteins der bakteriellen Fettsäuresynthase an einer nichtribosomalen Peptidsynthese gezeigt wird.</dc:description>
          <dc:date>2005-07-29</dc:date>
          <dc:type>doctoralthesis</dc:type>
          <dc:type>doc-type:doctoralthesis</dc:type>
          <dc:format>application/pdf</dc:format>
          <dc:identifier>http://opus4.kobv.de/opus4-tuberlin/frontdoor/index/index/docId/1066</dc:identifier>
          <dc:identifier>urn:nbn:de:kobv:83-opus-10503</dc:identifier>
          <dc:identifier>http://nbn-resolving.de/urn/resolver.pl?urn:nbn:de:kobv:83-opus-10503</dc:identifier>
          <dc:identifier>http://opus4.kobv.de/opus4-tuberlin/files/1066/schmoock_gernot.pdf</dc:identifier>
          <dc:language>deu</dc:language>
          <dc:rights>Deutsches Urheberrecht mit Print on Demand (u.a. für Dissertationen empfohlen)</dc:rights>
        </oai_dc:dc>
      </metadata>
    </record>
  </GetRecord>
</OAI-PMH>
