<?xml version="1.0" encoding="utf-8"?>
<?xml-stylesheet type="text/xsl" href="xsl/oai2.xsl"?><OAI-PMH xmlns="http://www.openarchives.org/OAI/2.0/" xmlns:xsi="http://www.w3.org/2001/XMLSchema-instance" xsi:schemaLocation="http://www.openarchives.org/OAI/2.0/ http://www.openarchives.org/OAI/2.0/OAI-PMH.xsd">
  <responseDate>2014-10-15T06:48:57Z</responseDate>
  <request verb="GetRecord" metadataPrefix="oai_dc" identifier="oai:kobv.de-opus4-tuberlin:1031">http://opus4.kobv.de/opus4-tuberlin/oai</request>
  <GetRecord>
    <record>
      <header>
        <identifier>oai:kobv.de-opus4-tuberlin:1031</identifier>
        <datestamp>2013-07-01</datestamp>
        <setSpec>doc-type:doctoralthesis</setSpec>
        <setSpec>bibliography:false</setSpec>
        <setSpec>ddc</setSpec>
        <setSpec>ddc:370</setSpec>
      </header>
      <metadata>
        <oai_dc:dc xmlns:oai_dc="http://www.openarchives.org/OAI/2.0/oai_dc/" xmlns:dc="http://purl.org/dc/elements/1.1/" xsi:schemaLocation="http://www.openarchives.org/OAI/2.0/oai_dc/ http://www.openarchives.org/OAI/2.0/oai_dc.xsd">
          <dc:title xml:lang="deu">Zur symbolischen und politischen Funktion des Drogenkonsums</dc:title>
          <dc:creator>Seubert, Walter</dc:creator>
          <dc:subject>ddc:370</dc:subject>
          <dc:description xml:lang="deu">Im Zentrum der kritischen Auseinandersetzung stehen die Urteile der Fachöffentlichkeit und deren überwiegend abwertende Menschenbilder von Drogenkonsumenten. Es wird aufgezeigt, dass illegalisierter Drogenkonsum zu einem Phänomen verklärt wird, weil er in seinem Wesen nicht akzeptiert und nicht verstanden werden will. Nach dem Motto: Was nicht sein darf, kann kein Bürger wirklich wollen. Dargestellt wird, dass die Illegalisierung maßgeblich für das verbreitete Unverständnis und für die negativen Folgen von Drogenkonsum verantwortlich ist. Der Gesetzgeber hat mit seiner Definitionsmacht über die Metapher Volksgesundheit einen Interventionsauftrag im Sinne einer gesundheitlichen Sorge und der Gefahrenabwendung im BtMG festgeschrieben, was die Schadenszuführung impliziert. Vorurteilslos betrachtet ist Drogenkonsum eine nachvollziehbare Handlung, die aus einer subjektiv positiven Motivation heraus geschieht, in der Hoffnung ohne großen Aufwand eine gewünschte Gefühlsstimmung zu erzielen. Häufig herbeigeführte Räusche können jedoch zu unerwünschten Resultaten führen. Grundsätzlich sind illegalisierte Räusche nicht besser oder schlechter als legale. Es wird der Beweis erbracht, dass die vermeintliche Macht der Drogen hochstilisiert wird und die weitverbreitete Behauptung über den Willensverlust tatsächlich nur eine Annahme und nicht Realität ist. Die vorhandenen Ausnahmefälle werden dramatisierend verallgemeinert. Dass bestimmte Gefahren aus gesellschaftspolitischer Sicht als gering oder im Fall von illegalisiertem Drogenkonsum als besonders groß eingestuft werden, ergibt sich aus der Prämisse des Reichtumswachstums: Gefahren, die nicht der Prosperität dienen sind unerwünscht, andere hingegen erfahren größere Toleranz. Missbilligt wird Drogenkonsum als Freizeitverhalten, weil kein wirtschaftlicher, politischer und sozialer Nutzen konformer Art gesehen wird. Zugleich wird vermutet, dass der Prosperität immenser Schaden entsteht. Zwar handelt es sich bei dem produzierten Drogenproblem nicht um einen so genannten Stellvertreterkrieg; aber Drogenkonsumenten sind Sündenböcke, insofern spezifisch negative Eigenschaften mit ihnen in Verbindung gebracht werden, unabhängig davon, ob die Etikettierungen zutreffen oder nicht. Demzufolge wird der Drogenkonsument als nützlicher Feind benutzt, um an ihm bestimmte gesellschaftsbedrohende Wertmaßstäbe (Leistung, Arbeitsethos, Ordnungskriterien etc.) zu definieren. Jede geisteswissenschaftliche Richtung hält fachspezifische Kausalmodelle vor, welche die vermeintliche Fremdbestimmtheit des Handelns von Drogenkonsumenten über Defizit- und Kompensationsmodelle erklären sollen. Die entsprechende Suchttheorien behaupten die wirkenden Determinanten erkannt zu haben, tatsächlich aber wird von der Erscheinungsebene auf Kausalitäten geschlossen und die willentliche Entscheidung bestritten. Nachgewiesen wird, dass der Rechtspositivismus zu diesen Fehlurteilen wesentlich beiträgt. So bedient die Erziehungswissenschaft mit ihrer Theorie der primären Prävention die politische Vision der Eindämmbarkeit von jugendlichen Drogenkonsum.</dc:description>
          <dc:date>2005-06-28</dc:date>
          <dc:type>doctoralthesis</dc:type>
          <dc:type>doc-type:doctoralthesis</dc:type>
          <dc:format>application/pdf</dc:format>
          <dc:identifier>http://opus4.kobv.de/opus4-tuberlin/frontdoor/index/index/docId/1031</dc:identifier>
          <dc:identifier>urn:nbn:de:kobv:83-opus-10206</dc:identifier>
          <dc:identifier>http://nbn-resolving.de/urn/resolver.pl?urn:nbn:de:kobv:83-opus-10206</dc:identifier>
          <dc:identifier>http://opus4.kobv.de/opus4-tuberlin/files/1031/seubert_walter.pdf</dc:identifier>
          <dc:language>deu</dc:language>
          <dc:rights>Deutsches Urheberrecht mit Print on Demand (u.a. für Dissertationen empfohlen)</dc:rights>
        </oai_dc:dc>
      </metadata>
    </record>
  </GetRecord>
</OAI-PMH>
