<?xml version="1.0" encoding="utf-8"?>
<?xml-stylesheet type="text/xsl" href="xsl/oai2.xsl"?><OAI-PMH xmlns="http://www.openarchives.org/OAI/2.0/" xmlns:xsi="http://www.w3.org/2001/XMLSchema-instance" xsi:schemaLocation="http://www.openarchives.org/OAI/2.0/ http://www.openarchives.org/OAI/2.0/OAI-PMH.xsd">
  <responseDate>2014-10-15T06:49:16Z</responseDate>
  <request verb="GetRecord" metadataPrefix="oai_dc" identifier="oai:kobv.de-opus4-tuberlin:1104">http://opus4.kobv.de/opus4-tuberlin/oai</request>
  <GetRecord>
    <record>
      <header>
        <identifier>oai:kobv.de-opus4-tuberlin:1104</identifier>
        <datestamp>2013-07-01</datestamp>
        <setSpec>doc-type:doctoralthesis</setSpec>
        <setSpec>bibliography:false</setSpec>
        <setSpec>ddc</setSpec>
        <setSpec>ddc:540</setSpec>
      </header>
      <metadata>
        <oai_dc:dc xmlns:oai_dc="http://www.openarchives.org/OAI/2.0/oai_dc/" xmlns:dc="http://purl.org/dc/elements/1.1/" xsi:schemaLocation="http://www.openarchives.org/OAI/2.0/oai_dc/ http://www.openarchives.org/OAI/2.0/oai_dc.xsd">
          <dc:title xml:lang="deu">Erdalkalimetallkomplexe zur Polymerisation polarer Monomere</dc:title>
          <dc:title xml:lang="eng">Alkaline-earth metal complexes for polymerisation of polar monomers</dc:title>
          <dc:creator>Steffens, Alexandra</dc:creator>
          <dc:subject>ddc:540</dc:subject>
          <dc:description xml:lang="deu">In der vorliegenden Arbeit wurden Bis(tetramethylcyclopentadienyl)-Verbindungen von Mg, Ca und Sr hinsichtlich ihrer katalytischen Aktivität in der Lösungspolymerisation polarer Monomere, insbesondere des Methylmethacrylats (MMA), untersucht. Alle Verbindungen katalysieren die Polymerisation von MMA. Bei Anwesenheit eines Aluminiumalkyls als Cokatalysator entsteht bei niedrigen Temperaturen in hohen Ausbeuten lösliches syndiotaktisches PMMA mit großer molekularer Einheitlichkeit. Die Molmasse des Polymers kann über das eingesetzte Monomer/Katalysator-Verhältnis gesteuert werden. Die Polymerisation folgt einem lebenden Mechanismus. So ist es möglich, definierte Blockcopolymere durch sequentielle Dosierung des Comonomers herzustellen. Die Temperaturstabilität des Katalysators nimmt mit der Größe des Zentralions zu. Für Sr(cp*H)2 konnten Kinetiken zwischen -50 °C und 0 °C durch Verfolgung des Umsatzes über die momentane Molmasse aufgenommen und die temperaturabhängigen Reaktionsgeschwindigkeitskonstanten bestimmt werden. Bei Katalyse mit Ca(cp*H)2 überwiegen mit zunehmender Temperatur Abbruchreaktionen. Dennoch konnten über den Molmassen-Zeit-Verlauf durch numerische Anpassung die Geschwindigkeitskonstanten für die Wachstums- und Abbruchreaktion bestimmt werden. Ohne Cokatalysator entsteht auch bei Raumtemperatur PMMA, das vernetzt und vorwiegend isotaktisch ist. Damit unterscheidet es sich deutlich von dem PMMA, das mit den gleichen Katalysatoren aber mit Cokatalysator bei niedrigen Temperaturen synthetisiert werden kann. Die Modifizierung des Katalysatorsystems gelingt durch Reaktion von Mg(cp*H)2 und Mg(nBu)2 mit Phenylacetylen oder Trimethylsilylacetylen. Die Röntgenstrukturuntersuchungen an {Mg(cp*H)(µ-CCPh)(THF)}2 zeigen einen C-verbrückten dimeren Komplex, während Mg(cp*H)(CCSiMe3)(THF)2 monomer kristallisiert. Eine weitere heteroleptische Verbindung, {Mg(N(SiMe3)2)(µ-CCSiMe3)(THF)}2, kristallisiert dimer über Kohlenstoffatome verbrückt. Hier wird ein Abknicken der Acetylidligangen beobachtet, das auf eine zusätzlich pi-Wechselwirkung mit dem Metall hinweist. Diese Struktur konnte auch anhand von DFT-Berechnungen bestätigt werden. Der Austausch eines cp*H-Ligangen gegen einen Acetylidliganden zieht allerdings keine Verbesserung der katalytischen Aktivität nach sich, vielmehr gehen die Molmassenkontrolle und die hohe molekulare Einheitlichkeit des resultierenden PMMAs verloren.</dc:description>
          <dc:description xml:lang="eng">In this work tetramethylcyclopentadienyl compounds of Mg, Ca and Sr were investigated regarding the catalytic activity of the polymerisation of polar monomer such as methyl methacrylate. The polymerisation of MMA in solution is catalyzed by all examined compounds. In presence of aluminiumalkyl as cocatalyst, syndiotactic narrow distributed PMMA are synthesized in high yields. The monomer/catalyst ratio controlls the molar mass of the polymer. The polymerisation follows a living mechanism. Though it is possible to produce blockcopolymers by sequentiel dosage of the comonomer. The temperature stability increases with increasing size of the central ion. In a range between -50 °C and 0 °C, reaction rate constants of polymerisation catalyzed by Sr(cp*H)2 could be determined by retracing the conversion as function of the momentanous molar mass. During Ca(cp*H)2 catalyzed polymerisations termination reactions preponderate with increasing temperature. Nevertheless, propagation and termination constants could be determined by numerical fitting of the time depending molar mass evolution. In absence of any cocatalyst, crosslinked isotactic PMMA is produced at room temperature. It differs distinctly from PMMA formed using the same catalyst in the presence of cocatalysts at low temperature. The catalyst system can be modifyed by reaction of Mg(cp*H)2 and Mg(nBu)2 with phenylacetylen or trimethylsilylacetylen. Xray-structure analyzes of {Mg(cp*H)(µ-CCPh)(THF)}2 reveal a C-bridged dimer whilst Mg(cp*H)(CCSiMe3)(THF)2 crystallizes as a monomer. The heteroleptic compound {Mg(N(SiMe3)2)(µ-CCSiMe3)(THF)}2 is a C-bridged dimer with bend acetylenligands. The bending of the ligands indicates an additional pi-interaction with the metal. These structures were also confirmed by DFT calculations. The exchange of a cp*H-ligand against an acetylen ligand does not improve the catalytic activity. In fact, it results in loosing control over molecular mass and polydiserpersity of the final product.</dc:description>
          <dc:date>2005-09-23</dc:date>
          <dc:type>doctoralthesis</dc:type>
          <dc:type>doc-type:doctoralthesis</dc:type>
          <dc:format>application/pdf</dc:format>
          <dc:identifier>http://opus4.kobv.de/opus4-tuberlin/frontdoor/index/index/docId/1104</dc:identifier>
          <dc:identifier>urn:nbn:de:kobv:83-opus-11097</dc:identifier>
          <dc:identifier>http://nbn-resolving.de/urn/resolver.pl?urn:nbn:de:kobv:83-opus-11097</dc:identifier>
          <dc:identifier>http://opus4.kobv.de/opus4-tuberlin/files/1104/steffens_alexandra.pdf</dc:identifier>
          <dc:language>deu</dc:language>
          <dc:rights>Deutsches Urheberrecht mit Print on Demand (u.a. für Dissertationen empfohlen)</dc:rights>
        </oai_dc:dc>
      </metadata>
    </record>
  </GetRecord>
</OAI-PMH>
