<?xml version="1.0" encoding="utf-8"?>
<?xml-stylesheet type="text/xsl" href="xsl/oai2.xsl"?><OAI-PMH xmlns="http://www.openarchives.org/OAI/2.0/" xmlns:xsi="http://www.w3.org/2001/XMLSchema-instance" xsi:schemaLocation="http://www.openarchives.org/OAI/2.0/ http://www.openarchives.org/OAI/2.0/OAI-PMH.xsd">
  <responseDate>2014-10-15T06:50:50Z</responseDate>
  <request verb="GetRecord" metadataPrefix="oai_dc" identifier="oai:kobv.de-opus4-tuberlin:1385">http://opus4.kobv.de/opus4-tuberlin/oai</request>
  <GetRecord>
    <record>
      <header>
        <identifier>oai:kobv.de-opus4-tuberlin:1385</identifier>
        <datestamp>2013-07-01</datestamp>
        <setSpec>doc-type:doctoralthesis</setSpec>
        <setSpec>bibliography:false</setSpec>
        <setSpec>ddc</setSpec>
        <setSpec>ddc:000</setSpec>
      </header>
      <metadata>
        <oai_dc:dc xmlns:oai_dc="http://www.openarchives.org/OAI/2.0/oai_dc/" xmlns:dc="http://purl.org/dc/elements/1.1/" xsi:schemaLocation="http://www.openarchives.org/OAI/2.0/oai_dc/ http://www.openarchives.org/OAI/2.0/oai_dc.xsd">
          <dc:title xml:lang="deu">Evaluierung der technischen und wirtschaftlichen Umsetzbarkeit eines neuartigen Verfahrenskonzepts zur Herstellung von Proteinprodukten aus Sojabohnen</dc:title>
          <dc:title xml:lang="eng">Technologic and economic evaluation for the realisation of a novel process design for the production of proteinproducts from soybeans</dc:title>
          <dc:creator>Seiler, Markus</dc:creator>
          <dc:subject>ddc:000</dc:subject>
          <dc:description xml:lang="deu">Die Sojabohne ist der weltweit bedeutsamste Rohstoff zur Herstellung von Proteinprodukten, Öl und Futtermittel. Die Herstellung der Proteinprodukte erfolgt im Anschluss an die mit Hexan durchgeführte Ölextraktion, die annähernd quantitativ verläuft (Restölgehalt &lt; 2%). Dann besteht die Voraussetzung aus dem entölten Rückstand in wässriger Phase ohne Emulsionsbildung Proteinprodukte herstellen zu können. Es hat in der Vergangenheit bereits vielfache Versuche gegeben, dass toxikologisch und ökologisch bedenkliche Hexan durch andere Extraktionsmittel auszutauschen. Keines der alternativen Verfahren konnte sich gegenüber dem kostengünstigen und effizienten Verfahren der Hexanextraktion durchsetzen. Die Ausrichtung der Ölmühlen auf die Ölextraktion bedingt es auch, dass im Allgemeinen Betrieb der Ölmühlen die für die Proteinproduktherstellung erforderlichen thermischen Prozess¬bedingungen nur unzureichend berücksichtigt werden können. Ein neuartiger Ansatz zur Gewinnung der Ölfraktion besteht in dem Friolex-Verfahren, bei dem eine wässrig-alkoholische Lösung zur Vermeidung der Emulsionsbildung eingesetzt wird. Darauf aufbauend sollte ein neuartiges Verfahren entwickelt werden, welches einerseits eine Ölabtrennung in dem für die Proteinproduktherstellung erforderlichen Restölgehalt ermöglicht und andererseits einer Löslichkeit des Proteins von &gt; 80% erhält, um die anschließende Proteinproduktherstellung zu ermöglichen. Damit wäre die Voraussetzung geschaffen, die Wertschöpfung der Sojabohnenverarbeitung auf die Proteinproduktherstellung abzustellen. Aus dieser Forderung wurde die Aufgabenstellung hergeleitet, ein zu diesem Zweck im Pilotmaßstab entwickeltes neuartiges Verfahren zur Sojaproteinproduktherstellung in ein prozesstechnisches Konzept umzusetzen und für dieses eine erste Abschätzung für die Wirtschaftlichkeit des Verfahrens durchzuführen. Es konnte gezeigt werden, dass eine Umsetzung des Verfahrens in den prozesstechnischen Maßstab möglich ist. Eine Umsetzung sollte jedoch über eine kontinuierlich arbeitende Pilotanlage erfolgen, weil erst darüber die noch fehlenden Prozessdaten für einen kontinuierlich arbeitenden Betrieb endgültig abgeklärt werden können. Die auf der Grundlage der beiden durchgeführten Pilotversuche erhaltenen Ergebnisse, die nur teilweise kontinuierlich verliefen, wurden für die Kostenabschätzung des Verfahrens herangezogen. Aus der Kostenabschätzung geht hervor, dass das Verfahren unter der Voraussetzung geeigneter Randbedingungen realisierbar ist.</dc:description>
          <dc:description xml:lang="eng">Soybeans are the most significant raw material for the production of protein products, edible oil and anmial feed stock. The production of the protein products follows subsequentely the oil extraction using hexane as solvent. The oil extraction is being executed with a nearly quantitive result (residual oil content &lt; 2%). Under this condition the protein extraction can becarried out avoiding the formation of emulsions. In the past multiple attempts were carried out to apply alternative solvents instead of the use of the toxicologic and ecologic objectionable hexane. None of the alternatives could achieve acceptance due to economic and efficiency reasons. The major objective for the operation of an oil mill on oil extraction, that the recognition for the mild thermal operating conditions for the subsequent protein isolation is inadequately respected. A novel approach for the Oil separation is presented with the Friolex-process, where an aqueous alcohol solution is applied to avoids the formation of emulsions. Based on this principle a novel process should be developed having a low residual oil content and a residual protein solubility &gt; 80%. Under these conditions the creation of value could be focussed on the production of the protein products. On account of the conditions the target for the research work was affiliated in the realisation of a pilote operation based on an existing lab scale, out which the obtained results should be used for a first feasibilty evaluation of the novel process. It could be shown, that the conversion into a pilote scale is in principle possible, however a scale up should be realised based on a continiuosly operated pilote plant. Only the process data obtained from such a plant will supply the missing process data of a batch operation. The results obtained from even partially continiously opertaed pilote operations, were taken into account for the feasibility evaluation. Based on the comparisoon of the cost estimation it could be shown that the novel process will be under certain conditions econocally feasible.</dc:description>
          <dc:date>2006-12-13</dc:date>
          <dc:type>doctoralthesis</dc:type>
          <dc:type>doc-type:doctoralthesis</dc:type>
          <dc:format>application/pdf</dc:format>
          <dc:identifier>http://opus4.kobv.de/opus4-tuberlin/frontdoor/index/index/docId/1385</dc:identifier>
          <dc:identifier>urn:nbn:de:kobv:83-opus-14460</dc:identifier>
          <dc:identifier>http://nbn-resolving.de/urn/resolver.pl?urn:nbn:de:kobv:83-opus-14460</dc:identifier>
          <dc:identifier>http://opus4.kobv.de/opus4-tuberlin/files/1385/seiler_markus.pdf</dc:identifier>
          <dc:language>deu</dc:language>
          <dc:rights>Deutsches Urheberrecht mit Print on Demand (u.a. für Dissertationen empfohlen)</dc:rights>
        </oai_dc:dc>
      </metadata>
    </record>
  </GetRecord>
</OAI-PMH>
