<?xml version="1.0" encoding="utf-8"?>
<?xml-stylesheet type="text/xsl" href="xsl/oai2.xsl"?><OAI-PMH xmlns="http://www.openarchives.org/OAI/2.0/" xmlns:xsi="http://www.w3.org/2001/XMLSchema-instance" xsi:schemaLocation="http://www.openarchives.org/OAI/2.0/ http://www.openarchives.org/OAI/2.0/OAI-PMH.xsd">
  <responseDate>2014-10-15T06:50:58Z</responseDate>
  <request verb="GetRecord" metadataPrefix="oai_dc" identifier="oai:kobv.de-opus4-tuberlin:1409">http://opus4.kobv.de/opus4-tuberlin/oai</request>
  <GetRecord>
    <record>
      <header>
        <identifier>oai:kobv.de-opus4-tuberlin:1409</identifier>
        <datestamp>2013-07-01</datestamp>
        <setSpec>doc-type:doctoralthesis</setSpec>
        <setSpec>bibliography:false</setSpec>
        <setSpec>ddc</setSpec>
        <setSpec>ddc:530</setSpec>
      </header>
      <metadata>
        <oai_dc:dc xmlns:oai_dc="http://www.openarchives.org/OAI/2.0/oai_dc/" xmlns:dc="http://purl.org/dc/elements/1.1/" xsi:schemaLocation="http://www.openarchives.org/OAI/2.0/oai_dc/ http://www.openarchives.org/OAI/2.0/oai_dc.xsd">
          <dc:title xml:lang="eng">Beam Halo in High-Intensity Hadron Linacs</dc:title>
          <dc:title xml:lang="deu">Strahlhalo in hochintensiven Hadronenlinacs</dc:title>
          <dc:creator>Gerigk, Frank</dc:creator>
          <dc:subject>ddc:530</dc:subject>
          <dc:description xml:lang="eng">This document aims to cover the most relevant mechanisms for the development of beam halo in high-intensity hadron linacs. The introduction will outline the various applications of high-intensity linacs and it will explain why, in the case of the CERN Superconducting Proton Linac (SPL) study a linac was chosen to provide a high-power beam, rather than a different kind of accelerator. The basic equations, needed for the understanding of halo development will be derived and employed to study the effects of initial and distributed mismatch on high-current beams. The basic concepts of the particle-core model, envelope modes, parametric resonances, the free-energy approach, and the idea of core-core resonances will be introduced and extended to study beams in realistic linac lattices. The approach taken is to study the behavior of beams not only in simplified theoretical focusing structures but to highlight the beam dynamics in realistic accelerators. All effects which are described and derived with simplified analytic models, are tested in realistic lattices and are thus related to observable effects in linear accelerators. This approach involves the use of high-performance particle tracking codes, which are needed to simulate the behavior of the outermost particles in distributions of up to 100 million macro particles. In the end a set of design rules will be established and their impact on the design of a typical high-intensity machine, the CERN SPL, will be shown. The examples given in this document refer to two different design evolutions of the SPL study: the first conceptual design report (SPL I) and the second conceptual design report (SPL II).</dc:description>
          <dc:description xml:lang="deu">Das Ziel dieser Arbeit ist, die relevantesten Mechanismen der Haloentwicklung für Teilchenstrahlen in Hochintensitätslinearbeschleunigern zu behandeln. In der Einleitung werden die vielfältigen Anwendungen dieser Linearbeschleuniger (kurz: Linac) vorgestellt. Es wird weiterhin erklärt warum im Falle der CERN Studie zur Konstruktion eines supraleitenden Protonenlinacs (SPL) ein Linac gewählt wurde um einen hochintensiven Protonenstrahl zu liefern, anstatt eines anderen Beschleunigertyps. Anschließend werden die grundlegenden Gleichungen abgeleitet, welche zum Verständnis der Haloentwicklung benötigt werden. Diese Gleichungen werden dann benutzt um den Einfluss von anfänglicher und statistisch verteilter Strahlfehlanpassung auf hochintensive Teilchenstrahlen zu untersuchen. Grundlegende Konzepte wie: das Teilchen-Kern Modell (particle-core model), Enveloppenmoden, parametrische Resonanzen, der "freie Energie" Ansatz und die Idee der Kern-Kern Resonanzen werden eingeführt und erweitert um Teilchenstrahlen in realistischen Fokussierungskanälen zu studieren. Eine Grundidee dieser Arbeit ist, das Strahlverhalten nicht nur in vereinfachten theoretischen Fokussierungsstrukturen zu beschreiben, sondern die Strahldynamik in realistischen Beschleunigern zu untersuchen. Alle Effekte welche mit vereinfachten analytischen Modellen abgeleiten werden, werden so mit beobachtbaren Effekten in Linearbeschleunigern in Zusammenhang gebracht. Dieser Ansatz bringt es mit sich, dass leistungsfähige Simulationsprogramme benutzt werden um die Trajektorien der äußersten Randteilchen einer Verteilung zu verfolgen, welche aus bis zu 100 Millionen Makropartikeln besteht. Gegen Ende der Arbeit wird eine Reihe von Regeln aufgestellt und es wird aufgezeigt, welchen Einfluss diese Regeln auf das Design eines typischen Linacs für hochintensive Teilchenstrahlen (den CERN SPL) hat. Die Beispiele in dieser Arbeit beziehen sich auf zwei Entwicklungsstadien dieses Linearbeschleunigers: den ersten konzeptionellen Designreport (SPL I) und den zweiten revidierten Report (SPL II).</dc:description>
          <dc:date>2007-01-05</dc:date>
          <dc:type>doctoralthesis</dc:type>
          <dc:type>doc-type:doctoralthesis</dc:type>
          <dc:format>application/pdf</dc:format>
          <dc:identifier>http://opus4.kobv.de/opus4-tuberlin/frontdoor/index/index/docId/1409</dc:identifier>
          <dc:identifier>urn:nbn:de:kobv:83-opus-14664</dc:identifier>
          <dc:identifier>http://nbn-resolving.de/urn/resolver.pl?urn:nbn:de:kobv:83-opus-14664</dc:identifier>
          <dc:identifier>http://opus4.kobv.de/opus4-tuberlin/files/1409/gerigk_frank.pdf</dc:identifier>
          <dc:language>eng</dc:language>
          <dc:rights>Deutsches Urheberrecht mit Print on Demand (u.a. für Dissertationen empfohlen)</dc:rights>
        </oai_dc:dc>
      </metadata>
    </record>
  </GetRecord>
</OAI-PMH>
