<?xml version="1.0" encoding="utf-8"?>
<?xml-stylesheet type="text/xsl" href="xsl/oai2.xsl"?><OAI-PMH xmlns="http://www.openarchives.org/OAI/2.0/" xmlns:xsi="http://www.w3.org/2001/XMLSchema-instance" xsi:schemaLocation="http://www.openarchives.org/OAI/2.0/ http://www.openarchives.org/OAI/2.0/OAI-PMH.xsd">
  <responseDate>2014-10-15T06:49:09Z</responseDate>
  <request verb="GetRecord" metadataPrefix="oai_dc" identifier="oai:kobv.de-opus4-tuberlin:1074">http://opus4.kobv.de/opus4-tuberlin/oai</request>
  <GetRecord>
    <record>
      <header>
        <identifier>oai:kobv.de-opus4-tuberlin:1074</identifier>
        <datestamp>2013-07-01</datestamp>
        <setSpec>doc-type:habilitation</setSpec>
        <setSpec>bibliography:false</setSpec>
        <setSpec>ddc</setSpec>
        <setSpec>ddc:620</setSpec>
      </header>
      <metadata>
        <oai_dc:dc xmlns:oai_dc="http://www.openarchives.org/OAI/2.0/oai_dc/" xmlns:dc="http://purl.org/dc/elements/1.1/" xsi:schemaLocation="http://www.openarchives.org/OAI/2.0/oai_dc/ http://www.openarchives.org/OAI/2.0/oai_dc.xsd">
          <dc:title xml:lang="deu">Ausgleichungsrechnung und raumbezogene Informationssysteme</dc:title>
          <dc:title xml:lang="eng">Adjustment Techniques and Spatial Information Systems</dc:title>
          <dc:creator>Gielsdorf, Frank</dc:creator>
          <dc:subject>ddc:620</dc:subject>
          <dc:description xml:lang="deu">In fast allen GIS oder CAD-Systemen werden Geometrieparameter als fest determinierte Größen betrachtet. Doch diese Herangehensweise reflektiert die Wirklichkeit nur aus dem Blickwinkel der Konstruktion. In einem Rekonstruktionsprozess ist es hingegen erforderlich, inhomogene redundante Geometriedaten zu einem einheitlichen und widerspruchsfreien Ergebnis zu integrieren. Ein Werkzeug, dieses Ziel zu erreichen ist die Ausgleichungsrechnung, welche auf der Methode der kleinsten Quadrate basiert. Die Arbeit beschäftigt sich mit der Abbildung topologischer und geometrischer Informationen in Datenmodellen raumbezogener Informationssysteme. Es wird gezeigt, wie sich die Anzahl der notwendigen Geometrieparameter signifikant verringern lässt, was eine Grundvoraussetzung für die Anwendbarkeit der Ausgleichungsrechnung ist. Ein Ansatz wird vorgeschlagen, welcher geometrische Messwerte als Primärdaten behandelt. Diese Messwerte sind Zufallsvariablen und im Allgemeinen redundant. Eindeutige Geometrieparameter, meistens Koordinaten, werden als Sicht auf diese Primärdaten betrachtet, welche durch Anwendung der Ausgleichungsrechnung aus diesen generiert wird. Standarddatenmodelle werden hinsichtlich ihrer Eignung für diesen Ansatz untersucht. Die Möglichkeiten des vorgeschlagenen Verfahrens werden anhand von Beispielen aus den Bereichen Geometriefortführung in GIS und Erfassung von 3D Gebäudegeometrie demonstriert.</dc:description>
          <dc:description xml:lang="eng">In almost all GIS or CAD systems geometrical parameters are seen as determined values. But this approach reflects just a construction point of view. In a reconstruction process it is necessary to integrate inhomogeneous redundant geometrical data to a unique result. This aim can be achieved by using adjustment techniques based on the least squares method. The paper deals with the mapping of topological and geometrical information in data models of spatial information systems. It is shown how the number of geometrical parameters can be significantly reduced as a prerequisite for adjustment calculations. An approach is proposed in which geometric measurements are stored as persistent primary data. Those measurements always represent redundant random variables. Unique geometric parameters, usually coordinates, are seen as view at these primary data and are generated by applying adjustment techniques. Standard data models are investigated with respect to their suitability to this approach. The capabilities of the proposed procedure are shown using the examples of geometrical updating in GIS and of surveying of 3D building structures.</dc:description>
          <dc:date>2005-08-11</dc:date>
          <dc:type>doctoralthesis</dc:type>
          <dc:type>doc-type:doctoralthesis</dc:type>
          <dc:format>application/pdf</dc:format>
          <dc:identifier>http://opus4.kobv.de/opus4-tuberlin/frontdoor/index/index/docId/1074</dc:identifier>
          <dc:identifier>urn:nbn:de:kobv:83-opus-10589</dc:identifier>
          <dc:identifier>http://nbn-resolving.de/urn/resolver.pl?urn:nbn:de:kobv:83-opus-10589</dc:identifier>
          <dc:identifier>http://opus4.kobv.de/opus4-tuberlin/files/1074/gielsdorf_frank.pdf</dc:identifier>
          <dc:language>deu</dc:language>
          <dc:rights>Deutsches Urheberrecht mit Print on Demand (u.a. für Dissertationen empfohlen)</dc:rights>
        </oai_dc:dc>
      </metadata>
    </record>
  </GetRecord>
</OAI-PMH>
