<?xml version="1.0" encoding="utf-8"?>
<?xml-stylesheet type="text/xsl" href="xsl/oai2.xsl"?><OAI-PMH xmlns="http://www.openarchives.org/OAI/2.0/" xmlns:xsi="http://www.w3.org/2001/XMLSchema-instance" xsi:schemaLocation="http://www.openarchives.org/OAI/2.0/ http://www.openarchives.org/OAI/2.0/OAI-PMH.xsd">
  <responseDate>2014-10-15T06:44:42Z</responseDate>
  <request verb="GetRecord" metadataPrefix="oai_dc" identifier="oai:kobv.de-opus4-tuberlin:138">http://opus4.kobv.de/opus4-tuberlin/oai</request>
  <GetRecord>
    <record>
      <header>
        <identifier>oai:kobv.de-opus4-tuberlin:138</identifier>
        <datestamp>2013-07-01</datestamp>
        <setSpec>doc-type:doctoralthesis</setSpec>
        <setSpec>bibliography:false</setSpec>
        <setSpec>ddc</setSpec>
        <setSpec>ddc:510</setSpec>
      </header>
      <metadata>
        <oai_dc:dc xmlns:oai_dc="http://www.openarchives.org/OAI/2.0/oai_dc/" xmlns:dc="http://purl.org/dc/elements/1.1/" xsi:schemaLocation="http://www.openarchives.org/OAI/2.0/oai_dc/ http://www.openarchives.org/OAI/2.0/oai_dc.xsd">
          <dc:title xml:lang="deu">Algorithmische Methoden der konformen Abbildungen auf fraktale Gebiete</dc:title>
          <dc:creator>Kraetzer, Philipp</dc:creator>
          <dc:subject>ddc:510</dc:subject>
          <dc:description xml:lang="eng">This doctoral thesis consists of two parts. The main subject of the first three chapters is the integral means spectrum of a conformal function f mapping the unit disc onto any bounded domain of the complex plain. The integral means spectrum of f is defined by          betaf(p) = limsup log (int |f'(z)|p |dz|) / -log(1-r) with a limes for r going to 1 and the integral for |z|=r. It measures the average growth of the derivative of f aproaching the boundary. The course of the universal integral means spectrum B(p) defined as the supremum of betaf over all bounded univalent functions is not entirely known. The author conjectured in [Complex Variables 31 (1996)] that B(p) = p2/4 for |p| &lt; 2. The first three chapters introduce conformal maps constructed by using complex dynamics, the theory of lacunary series as well as geometric fractals as given by the snowflake. These functions are considered to have fast growing integral means. Numerical results are presented. The objective is to obtain lower bounds for the conjectured course of the universal integral means spectrum. Best results are achieved with functions having an image domain bounded by the Julia set of a quadratic polynomial. The fourth chapter deals with an other issue. We consider the trajectories of quadratic differentials and first give some well known results of their local behaviour. After that we develop an algorithm to compute precisely the trajectories for rational quadratic differentials. The regularisation of a quadratic differential near poles and zeroes of the function plays a key role in the algorithm. We consider some special cases related to function theoretic applications concerning extremal domains and present the graphic results of computer calculations.</dc:description>
          <dc:date>2000-03-13</dc:date>
          <dc:type>doctoralthesis</dc:type>
          <dc:type>doc-type:doctoralthesis</dc:type>
          <dc:format>application/pdf</dc:format>
          <dc:identifier>http://opus4.kobv.de/opus4-tuberlin/frontdoor/index/index/docId/138</dc:identifier>
          <dc:identifier>urn:nbn:de:kobv:83-opus-1332</dc:identifier>
          <dc:identifier>http://nbn-resolving.de/urn/resolver.pl?urn:nbn:de:kobv:83-opus-1332</dc:identifier>
          <dc:identifier>http://opus4.kobv.de/opus4-tuberlin/files/138/kraetzer_philipp.pdf</dc:identifier>
          <dc:language>deu</dc:language>
          <dc:rights>Deutsches Urheberrecht mit Print on Demand (u.a. für Dissertationen empfohlen)</dc:rights>
        </oai_dc:dc>
      </metadata>
    </record>
  </GetRecord>
</OAI-PMH>
