<?xml version="1.0" encoding="utf-8"?>
<?xml-stylesheet type="text/xsl" href="xsl/oai2.xsl"?><OAI-PMH xmlns="http://www.openarchives.org/OAI/2.0/" xmlns:xsi="http://www.w3.org/2001/XMLSchema-instance" xsi:schemaLocation="http://www.openarchives.org/OAI/2.0/ http://www.openarchives.org/OAI/2.0/OAI-PMH.xsd">
  <responseDate>2014-10-15T06:44:39Z</responseDate>
  <request verb="GetRecord" metadataPrefix="oai_dc" identifier="oai:kobv.de-opus4-tuberlin:124">http://opus4.kobv.de/opus4-tuberlin/oai</request>
  <GetRecord>
    <record>
      <header>
        <identifier>oai:kobv.de-opus4-tuberlin:124</identifier>
        <datestamp>2013-07-01</datestamp>
        <setSpec>doc-type:doctoralthesis</setSpec>
        <setSpec>bibliography:false</setSpec>
        <setSpec>ddc</setSpec>
        <setSpec>ddc:530</setSpec>
      </header>
      <metadata>
        <oai_dc:dc xmlns:oai_dc="http://www.openarchives.org/OAI/2.0/oai_dc/" xmlns:dc="http://purl.org/dc/elements/1.1/" xsi:schemaLocation="http://www.openarchives.org/OAI/2.0/oai_dc/ http://www.openarchives.org/OAI/2.0/oai_dc.xsd">
          <dc:title xml:lang="deu">Struktur und Reaktivität durch Laserverdampfung erzeugter Cluster</dc:title>
          <dc:title xml:lang="eng">Structure and reactivity of clusters produced by laser vaporation</dc:title>
          <dc:creator>Lenski, Christian</dc:creator>
          <dc:subject>ddc:530</dc:subject>
          <dc:description xml:lang="deu">Ziel der vorliegenden Arbeit ist es, Informationen zur Struktur und Reaktivität von Clustern zu gewinnen. Hierzu wurden mittels Laserverdampfung Kohlenstoffcluster, Siliziumcluster sowie verschiedene Metallcluster erzeugt und deren Clusterverteilungen untersucht. Im Fall von Kohlenstoff wurde so die aus der Literatur bekannte Ketten-, Ring- und Fullerenbildung bestätigt und C28 konnte durch Reaktivitätsmessungen mit SF6 als erster im Massenspektrum beobachtbarer, geschlossener Polyeder identifiziert werden. Zur Beschreibung der unterschiedlichen Reaktivität der Fullerene gerader bzw. ungerader Atomanzahl mit SF6 wurde ein Modell entwickelt. Durch die Beobachtung von C36 als besonders reaktionsträger Spezies neben C60 konnte der sogenannte "fullerene" als bevorzugter Wachstumsmechanismus für Fullerene mit weniger als 60 Atomen identifiziert werden. Zur Beschreibung der Struktur sehr viel größerer Kohlenstoffcluster wurden zwei Wachstumsmodelle entworfen, die 90% der gesamten Clusterverteilung wiedergeben. Für Siliziumcluster konnte mit der Methode der logarithmischen Normalverteilung ein Übergangsbereich der Clusterstruktur zwischen 30 und 40 Siliziumatomen verifiziert werden, wie er auch von Jarrold und Bower beobachtet wird. Für Cluster mit genau 7 Siliziumatomen wurde ein charakteristisches Intensitätsmaximum bei einer Si7O entsprechenden Clustermasse beobachtet. Die auf DFT-Rechnungen beruhenden Strukturmodelle kleiner Siliziumcluster legen die Vermutung nahe, daß es sich bei dem Intensitätsmaximum um eine Art "endohedralen" Siliziumcluster mit einem Sauerstoffatom in seiner Mitte handelt. Hierzu wurden drei mögliche Strukturmodelle beschrieben und die energetisch günstigste Form ermittelt. Die Untersuchungen an Aluminium, Niob und Tantal zeigen, daß diese Metalle sehr reaktiv sind und alle Oxide bilden. Alle drei Metallspektren lassen sich durch zwei logarithmische Normalverteilungen anfitten. Der Übergang von einer Verteilung zur nächsten wurde als Übergang vom flüssigen zum festen Zustand gedeutet. Während man für Aluminium einen raschen Strukturwechsel zwischen 17 und 24 Clusteratomen findet, tritt der Übergang bei den Metallen der Gruppe VA aufgrund der Beteiligung der Elektronen in der offenen d-Schale früher auf. Niob weist diesen Strukturwechsel zwischen 2 und 8 Clusteratomen, Tantal bei etwa drei Atomen auf. Eine erhöhte Intensität im Clusterspektrum bei 15 Clusteratomen wurde für Niob und Tantal als ein Hinweis auf eine der Festkörperstruktur entsprechende bcc-Clusterstruktur betrachtet.</dc:description>
          <dc:date>2000-06-09</dc:date>
          <dc:type>doctoralthesis</dc:type>
          <dc:type>doc-type:doctoralthesis</dc:type>
          <dc:format>application/pdf</dc:format>
          <dc:identifier>http://opus4.kobv.de/opus4-tuberlin/frontdoor/index/index/docId/124</dc:identifier>
          <dc:identifier>urn:nbn:de:kobv:83-opus-1193</dc:identifier>
          <dc:identifier>http://nbn-resolving.de/urn/resolver.pl?urn:nbn:de:kobv:83-opus-1193</dc:identifier>
          <dc:identifier>http://opus4.kobv.de/opus4-tuberlin/files/124/lenski_christian.pdf</dc:identifier>
          <dc:language>deu</dc:language>
          <dc:rights>Deutsches Urheberrecht mit Print on Demand (u.a. für Dissertationen empfohlen)</dc:rights>
        </oai_dc:dc>
      </metadata>
    </record>
  </GetRecord>
</OAI-PMH>
