<?xml version="1.0" encoding="utf-8"?>
<?xml-stylesheet type="text/xsl" href="xsl/oai2.xsl"?><OAI-PMH xmlns="http://www.openarchives.org/OAI/2.0/" xmlns:xsi="http://www.w3.org/2001/XMLSchema-instance" xsi:schemaLocation="http://www.openarchives.org/OAI/2.0/ http://www.openarchives.org/OAI/2.0/OAI-PMH.xsd">
  <responseDate>2014-10-15T06:50:40Z</responseDate>
  <request verb="GetRecord" metadataPrefix="oai_dc" identifier="oai:kobv.de-opus4-tuberlin:1344">http://opus4.kobv.de/opus4-tuberlin/oai</request>
  <GetRecord>
    <record>
      <header>
        <identifier>oai:kobv.de-opus4-tuberlin:1344</identifier>
        <datestamp>2013-07-01</datestamp>
        <setSpec>doc-type:doctoralthesis</setSpec>
        <setSpec>bibliography:false</setSpec>
        <setSpec>ddc</setSpec>
        <setSpec>ddc:720</setSpec>
      </header>
      <metadata>
        <oai_dc:dc xmlns:oai_dc="http://www.openarchives.org/OAI/2.0/oai_dc/" xmlns:dc="http://purl.org/dc/elements/1.1/" xsi:schemaLocation="http://www.openarchives.org/OAI/2.0/oai_dc/ http://www.openarchives.org/OAI/2.0/oai_dc.xsd">
          <dc:title xml:lang="deu">Der Apollontempel von Didyma - Analyse einer pythagoreisch-platonischen Entwurfskonzeption</dc:title>
          <dc:title xml:lang="eng">The Didyma Temple of Apollo - Harmonic Theory in Greek Architecture</dc:title>
          <dc:creator>Birnbaum, Jens</dc:creator>
          <dc:subject>ddc:720</dc:subject>
          <dc:description xml:lang="deu">Der durch seinen guten Erhaltungszustand weitgehend rekonstruierbare Apollontempel von Didyma hat eine prominente Forschungsgeschichte, dennoch konnten seine Maßverhältnisse bislang nicht geklärt werden. Mit dieser Arbeit soll nun die Frage nach dem Proportionsgefüge des Tempels auf anderem Wege beantwortet werden. Ausgangspunkt dafür war eine Maßanalyse im metrischen System, in der sich für alle wichtigen Rechteckdimensionen des Grundrisses rationale Zahlenverhältnisse feststellen ließen. Gemeinsam ist diesen Verhältnissen, dass sie der pythagoreischen Skala entstammen und sich damit alle in musikalische Intervalle übersetzen lassen. Trägt man die auf diese Weise im Grundriss gefundenen harmonikalen Zahlenverhältnisse auf Platons Timaios-Tonleiter an, so ergibt sich eine klare Hierarchie. Die Reihenfolge in der die Intervalle auf der Tonleiter von oben nach unten stehen, entspricht dabei konsequent der Reihenfolge in der die Räume des Tempels erschlossen werden. Aus dieser Beobachtung ergibt sich eine klar umrissene Fragestellung. Wurde die Timaios-Tonleiter und folglich auch ihr philosophischer Kontext dem Tempel als Entwurfskonzeption zugrunde gelegt? Die entscheidende Quelle für die Beantwortung dieser Frage kann nur das Gebäude selbst sein, weshalb der Tempel einer umfassenden Entwurfsanalyse unterzogen wurde. Für eine solche Untersuchung bieten sich in Didyma auf Grund der dichten Befundlage hervorragende Voraussetzungen. Ein wesentliches Ergebnis der Bauanalyse ist die Bestätigung des antiken Baumaßes des Tempels, welches in logischen Zusammenhang mit dem geometrischen Konzept des Grundrisses gebracht werden konnte. Der Entwurfsprozess des Tempels lässt sich auf diese Weise lückenlos nachvollziehen, darüber hinaus lassen sich alle rationalen Rechteckverhältnisse der vermuteten Konzeption auch im Fußmaßsystem nachweisen. Das harmonikale Thema des Grundrisses ist auch in den Proportionen der einzelnen Bauglieder nachvollziehbar und wurde im Entwurf mit größter Konsequenz bis ins Detail geführt. Die in der Fragestellung vermutete Konzeption des Grundrisses nach der Timaios-Tonleiter von Platon kann durch die Analyse des Tempels klar bestätigt werden, womit dem Tempel ein zentrales Element platonischer Kosmologie zugrunde liegt. Bemerkenswert und über den bisherigen Forschungsstand hinausweisend ist, dass die nachweisbaren Zahlenverhältnisse ein so konsequentes System zeigen, dass eine Interpretation der Zahlen im Zusammenhang mit der pythagoreisch-platonischen Zahlenlehre bis ins Detail möglich ist. Die Einordnung dieses Phänomens in seinen philosophischen, musiktheoretischen und architektonischen Kontext vor dem Hintergrund antiker Schriftquellen ist neben der Bauforschung ein wesentlicher Aspekt dieser Arbeit. Das Entwurfskonzept des Didymaions wirft in seiner Stringenz ein völlig neues Licht auf den späten griechischen Tempelbau. Die noch immer verbreitete Einordnung hellenistischer Architektur als Dekadenzform der Klassik lässt sich vor diesem Hintergrund nicht aufrechterhalten. Vielmehr ist in dem Apollontempel von Didyma der vergeistigte Höhepunkt einer langen und fruchtbaren Entwicklung zu sehen.</dc:description>
          <dc:description xml:lang="eng">The third Temple of Apollo in Didyma (western Turkey), a monumental structure of the Hellenistic age, is said to be one of the best preserved and understood of all buildings of antiquity. Due to its well-preserved state the temple has been the focus of a long and prominent line of research. Yet the temple’s system of measurement remains still unknown and its geometrical conception hasn’t been brought into a satisfying relation to any ancient foot measure. With a new approach this thesis could solve the problem of the temple’s proportional structure. After analysing the proportions of the temple a ratio for all important rectangles of the Floor Plan can be ascertained. Common to all these proportions is their origin in the Pythagorean scale, i.e. all of them can be translated into musical intervals. Entering those harmonic ratios up in Plato’s Timaios-Scale, results in a clear hierarchy. The order in which the intervals descend on the scale consistently corresponds with the sequence of the different rooms of the temple. As well the significance of these ratios in the mysticism of numbers supports this theory. The focus of this thesis was direct research on the site with the methods of building-archaeology, to verify the geometric composition of the building, in sight of the inexactness of the building process. Furthermore, the philosophic and musical aspects of numbers as analysed in other disciplines was brought into context. Although a sophisticated symbolism of numbers in Greek architecture was frequently suggested in research, there has never been any direct proof as Greek architectural theory has been lost. Therefore Didyma presents the unique possibility to prove this relationship directly through the building, as the concept of a harmonic conception is conclusive on multiple levels. Nevertheless, this thesis does not follow the romanticised notion that the architect aimed at directly transforming music into architecture. The temple was planned along the lines of geometry based on numbers. In the moment though, numbers are understood as something more than mere mathematic objects, music is the key to the understanding of the philosophy of harmonic theory.</dc:description>
          <dc:date>2006-09-28</dc:date>
          <dc:type>doctoralthesis</dc:type>
          <dc:type>doc-type:doctoralthesis</dc:type>
          <dc:format>application/pdf</dc:format>
          <dc:format>application/pdf</dc:format>
          <dc:identifier>http://opus4.kobv.de/opus4-tuberlin/frontdoor/index/index/docId/1344</dc:identifier>
          <dc:identifier>urn:nbn:de:kobv:83-opus-13606</dc:identifier>
          <dc:identifier>http://nbn-resolving.de/urn/resolver.pl?urn:nbn:de:kobv:83-opus-13606</dc:identifier>
          <dc:identifier>http://opus4.kobv.de/opus4-tuberlin/files/1344/birnbaum_jens.pdf</dc:identifier>
          <dc:identifier>http://opus4.kobv.de/opus4-tuberlin/files/1344/birnbaum_jens_abb.pdf</dc:identifier>
          <dc:language>deu</dc:language>
          <dc:rights>Deutsches Urheberrecht mit Print on Demand (u.a. für Dissertationen empfohlen)</dc:rights>
        </oai_dc:dc>
      </metadata>
    </record>
  </GetRecord>
</OAI-PMH>
