<?xml version="1.0" encoding="utf-8"?>
<?xml-stylesheet type="text/xsl" href="xsl/oai2.xsl"?><OAI-PMH xmlns="http://www.openarchives.org/OAI/2.0/" xmlns:xsi="http://www.w3.org/2001/XMLSchema-instance" xsi:schemaLocation="http://www.openarchives.org/OAI/2.0/ http://www.openarchives.org/OAI/2.0/OAI-PMH.xsd">
  <responseDate>2014-10-15T06:50:21Z</responseDate>
  <request verb="GetRecord" metadataPrefix="oai_dc" identifier="oai:kobv.de-opus4-tuberlin:1267">http://opus4.kobv.de/opus4-tuberlin/oai</request>
  <GetRecord>
    <record>
      <header>
        <identifier>oai:kobv.de-opus4-tuberlin:1267</identifier>
        <datestamp>2013-07-01</datestamp>
        <setSpec>doc-type:doctoralthesis</setSpec>
        <setSpec>bibliography:false</setSpec>
        <setSpec>ddc</setSpec>
        <setSpec>ddc:510</setSpec>
      </header>
      <metadata>
        <oai_dc:dc xmlns:oai_dc="http://www.openarchives.org/OAI/2.0/oai_dc/" xmlns:dc="http://purl.org/dc/elements/1.1/" xsi:schemaLocation="http://www.openarchives.org/OAI/2.0/oai_dc/ http://www.openarchives.org/OAI/2.0/oai_dc.xsd">
          <dc:title xml:lang="eng">Numerical Solution of Quasi-Linear Differential-Algebraic Equations and Industrial Simulation of Multibody Systems</dc:title>
          <dc:title xml:lang="deu">Numerische Lösung von quasi-linearen differentiell-algebraischen Gleichungen und industrielle Simulation von Mehrkörpersystemen</dc:title>
          <dc:creator>Steinbrecher, Andreas</dc:creator>
          <dc:subject>ddc:510</dc:subject>
          <dc:description xml:lang="eng">In this thesis we discuss the numerical integration of general quasi-linear differential-algebraic equations (DAEs) in view of the numerical simulation of multibody systems. Based on the obtained results we develop and implement two new numerical algorithms for the numerical integration of general equations of motion as they appear in industrial applications. This thesis is focused on three topics as elucidated in the following. The first topic involves the consideration of quasi-linear DAEs in their most general form which may be underdetermined or overdetermined. Their leading matrix and the right-hand side depend on the state as well as on a given control function. As a base for the analytical considerations we develop an iterative procedure which enables us to investigate the quasi-linear DAE. This procedure is only based on relevant equations and their derivatives. This fact reduces the effort significantly in comparison with the use of other analysis concepts. This procedure allows the determination of characteristic properties of a quasi-linear DAE, in particular, the maximal constraint level which corresponds to the differentiation index in case of regular DAEs. Furthermore, based on this procedure, a regularization technique for general quasi-linear DAEs is developed. This regularization technique yields an equivalent DAE which is suited for a robust numerical integration because of its favorable properties. Based on implicit Runge-Kutta methods we develop a discretization technique which connects in an efficient and simple way the developed regularization technique with the solution of the occuring linear algebraic systems. The investigation of general equations of motion for general mechanical multibody systems is the second topic of this thesis. The obtained results with respect to general quasi-linear DAEs will be applied to the equations of motion by maximal exploitation of their structure. By use of the procedure the characteristic properties of the equations of motion will be determined and the existence and the uniqueness of a solution will be discussed. Furthermore, a simple and efficient regularization technique adapted to the equations of motion will be developed. This serves as a base for an efficient and robust numerical integration of the equations of motion. The third topic in this thesis is the development and the implementation of two new integration algorithms for the numerical integration of equations of motion in their general form as discussed previously. These algorithms are based on the combination of the regularization and discretization technique discussed above and exploit the structure of the equations of motion. Therefore, they allow an efficient and robust numerical integration. Hidden constraints as well as possible solution invariants are respected. Concluding, the efficiency and robustness of both algorithms applied to several examples are demonstrated in comparison to other commonly used numerical algorithms.</dc:description>
          <dc:description xml:lang="deu">In dieser Dissertationsschrift wird die numerische Integration von allgemeinen quasi-linearen differentiell-algebraischen Gleichungen (DAEs) hinsichtlich der numerischen Simulation von Mehrkörpersystemen untersucht. Basierend auf den Resultaten wurden zwei neue Algorithmen zur numerischen Integration allgemeiner Bewegungsgleichungen, wie sie in der industriellen Simulation vorherrschen, entwickelt und implementiert. Im Vordergrund dieser Arbeit stehen insbesondere drei Schwerpunkte,die nachfolgend erläutert werden. Der erste Schwerpunkt liegt in der Untersuchung quasi-linearer DAEs in ihrer allgemeinsten Form. Diese können sowohl über- als auch unterbestimmt sein und ihre führende Matrix und rechte Seite hängen dabei sowohl vom Zustand als auch von einer vorgegebenen Steuerfunktion ab. Als Grundlage der Untersuchung wird eine iterativ arbeitende Prozedur entwickelt, die eine Analyse der DAE ausschließlich basierend auf relevanten Gleichungen sowie deren Ableitungen erlaubt. Hierdurch ist der Aufwand gegenüber anderen Analysekonzepten deutlich reduziert. Diese Prozedur ermöglicht die Bestimmung grundlegender Eigenschaften quasi-linearer DAEs, insbesondere des maximalen Zwanglevels, was bei regulären DAEs dem Differentiationsindex gleich kommt. Basierend auf dieser Prozedur wird eine Regularisierungsmethode für allgemeine quasi-lineare DAEs entwickelt, die auf eine äquivalente DAE führt, welche aufgrund ihrer vorteilhaften Eigenschaften als Basis einer robusten numerischen Integration sehr geeignet ist. Basierend auf impliziten Runge-Kutta-Methoden wird ein Diskretisierungsverfahren entwickelt, welches in effizienter und einfacher Weise die Regularisierung der DAE und das Lösen der entstehenden linearen Systeme miteinander verbindet. Die Untersuchung allgemeiner Bewegungsgleichungen für allgemeine mechanische Mehrkörpersysteme bildet den zweiten Schwerpunkt. Die Ergebnisse vorhergegangener Untersuchungen hinsichtlich allgemeiner quasi-linearer DAEs werden auf die Bewegungsgleichungen unter größtmöglicher Ausnutzung von Strukturen der Bewegungsgleichungen angewandt. Mit Hilfe der Prozedur werden die grundlegenden Eigenschaften der Bewegungsgleichungen bestimmt und die Existenz und Eindeutigkeit von Lösungen untersucht. Zudem wird eine Regularisierung erarbeitet, die in einfacher und effizienter Weise durchführbar ist und als Grundlage einer effizienten und robusten numerischen Integration dient. Ausgehend von den Resultaten der Untersuchung der Bewegungsgleichungen werden als dritter Schwerpunkt zwei neue Integrationsalgorithmen entwickelt, welche die Integration allgemeiner, in industriellen Anwendungen vorherrschender Bewegungsgleichungen ermöglichen. Dabei wird, aufbauend auf einer Kombination aus entwickelter Regularisierungstechnik und Diskretisierung, unter Ausnutzung der vorherrschenden Struktur eine sowohl robuste als auch effiziente Integration ermöglicht. Versteckte Zwangsbedingungen wurden dabei ebenso berücksichtigt wie eventuelle Lösungsinvarianten. Abschließend wird die Effizienz und Robustheit dieser numerischen Algorithmen anhand mehrerer Anwendungsbeispiele demonstriert und mit herkömmlichen numerischen Algorithmen verglichen.</dc:description>
          <dc:date>2006-05-26</dc:date>
          <dc:type>doctoralthesis</dc:type>
          <dc:type>doc-type:doctoralthesis</dc:type>
          <dc:format>application/pdf</dc:format>
          <dc:identifier>http://opus4.kobv.de/opus4-tuberlin/frontdoor/index/index/docId/1267</dc:identifier>
          <dc:identifier>urn:nbn:de:kobv:83-opus-12916</dc:identifier>
          <dc:identifier>http://nbn-resolving.de/urn/resolver.pl?urn:nbn:de:kobv:83-opus-12916</dc:identifier>
          <dc:identifier>http://opus4.kobv.de/opus4-tuberlin/files/1267/steinbrecher_andreas.pdf</dc:identifier>
          <dc:language>eng</dc:language>
          <dc:rights>Deutsches Urheberrecht mit Print on Demand (u.a. für Dissertationen empfohlen)</dc:rights>
        </oai_dc:dc>
      </metadata>
    </record>
  </GetRecord>
</OAI-PMH>
