<?xml version="1.0" encoding="utf-8"?>
<?xml-stylesheet type="text/xsl" href="xsl/oai2.xsl"?><OAI-PMH xmlns="http://www.openarchives.org/OAI/2.0/" xmlns:xsi="http://www.w3.org/2001/XMLSchema-instance" xsi:schemaLocation="http://www.openarchives.org/OAI/2.0/ http://www.openarchives.org/OAI/2.0/OAI-PMH.xsd">
  <responseDate>2014-10-15T06:50:53Z</responseDate>
  <request verb="GetRecord" metadataPrefix="oai_dc" identifier="oai:kobv.de-opus4-tuberlin:1395">http://opus4.kobv.de/opus4-tuberlin/oai</request>
  <GetRecord>
    <record>
      <header>
        <identifier>oai:kobv.de-opus4-tuberlin:1395</identifier>
        <datestamp>2013-07-01</datestamp>
        <setSpec>doc-type:doctoralthesis</setSpec>
        <setSpec>bibliography:false</setSpec>
        <setSpec>ddc</setSpec>
        <setSpec>ddc:620</setSpec>
      </header>
      <metadata>
        <oai_dc:dc xmlns:oai_dc="http://www.openarchives.org/OAI/2.0/oai_dc/" xmlns:dc="http://purl.org/dc/elements/1.1/" xsi:schemaLocation="http://www.openarchives.org/OAI/2.0/oai_dc/ http://www.openarchives.org/OAI/2.0/oai_dc.xsd">
          <dc:title xml:lang="eng">On The Visualization of Time-varying complex Electromagnetic Field lines in 3D and 4D Fashions</dc:title>
          <dc:title xml:lang="deu">Visualisierung zeitveränderliche komplizierter el. mag. Feldlinien in 3D und 4D</dc:title>
          <dc:creator>Abu El-Khair, Ibrahim</dc:creator>
          <dc:subject>ddc:620</dc:subject>
          <dc:description xml:lang="eng">The existence of at least one surface of symmetry ensures the closure of the field lines to form closed loops. Using the field line as mean of a visualization has proven to be the best way for our perception to configure the concept of fields. Either the visualization depicts one instant, taken at one desired time, or depicts the field lines development and propagation over an interval of time. Tracing a field line point for point is conducted by using a numerical approach for solving first order differential equations.</dc:description>
          <dc:description xml:lang="deu">Die Existenz mindestens einer Symmetriefläche sichert, dass sich die Linien in Form von Schleifen schließen. Solche geschlossenen Linien haben sich als die beste Möglichkeit zur Wahrnehmung von Feldern erwiesen. Entweder wird ein bestimmter Zeitpunkt dargestellt (3D) oder man stellt die Entwicklung und Wanderung in einem Zeitintervall dar (4D). Zur Verfolgung des Linienverlaufs werden numerische Verfahren zur Lösung der Differential- gleichungen benutzt.</dc:description>
          <dc:date>2006-12-20</dc:date>
          <dc:type>doctoralthesis</dc:type>
          <dc:type>doc-type:doctoralthesis</dc:type>
          <dc:format>application/pdf</dc:format>
          <dc:identifier>http://opus4.kobv.de/opus4-tuberlin/frontdoor/index/index/docId/1395</dc:identifier>
          <dc:identifier>urn:nbn:de:kobv:83-opus-14441</dc:identifier>
          <dc:identifier>http://nbn-resolving.de/urn/resolver.pl?urn:nbn:de:kobv:83-opus-14441</dc:identifier>
          <dc:identifier>http://opus4.kobv.de/opus4-tuberlin/files/1395/abuelkhair_ibrahim.pdf</dc:identifier>
          <dc:language>eng</dc:language>
          <dc:rights>Deutsches Urheberrecht mit Print on Demand (u.a. für Dissertationen empfohlen)</dc:rights>
        </oai_dc:dc>
      </metadata>
    </record>
  </GetRecord>
</OAI-PMH>
