<?xml version="1.0" encoding="utf-8"?>
<?xml-stylesheet type="text/xsl" href="xsl/oai2.xsl"?><OAI-PMH xmlns="http://www.openarchives.org/OAI/2.0/" xmlns:xsi="http://www.w3.org/2001/XMLSchema-instance" xsi:schemaLocation="http://www.openarchives.org/OAI/2.0/ http://www.openarchives.org/OAI/2.0/OAI-PMH.xsd">
  <responseDate>2014-10-15T06:50:00Z</responseDate>
  <request verb="GetRecord" metadataPrefix="oai_dc" identifier="oai:kobv.de-opus4-tuberlin:1198">http://opus4.kobv.de/opus4-tuberlin/oai</request>
  <GetRecord>
    <record>
      <header>
        <identifier>oai:kobv.de-opus4-tuberlin:1198</identifier>
        <datestamp>2013-07-01</datestamp>
        <setSpec>doc-type:doctoralthesis</setSpec>
        <setSpec>bibliography:false</setSpec>
        <setSpec>ddc</setSpec>
        <setSpec>ddc:310</setSpec>
      </header>
      <metadata>
        <oai_dc:dc xmlns:oai_dc="http://www.openarchives.org/OAI/2.0/oai_dc/" xmlns:dc="http://purl.org/dc/elements/1.1/" xsi:schemaLocation="http://www.openarchives.org/OAI/2.0/oai_dc/ http://www.openarchives.org/OAI/2.0/oai_dc.xsd">
          <dc:title xml:lang="eng">Mortality due to External Causes of Death in the Russian Federation: Spatial Aspects and Explanatory Models</dc:title>
          <dc:title xml:lang="deu">Mortalität infolge von äußeren Todesursachen in der Russischen Föderation: räumliche Aspekte und Erklärungsmodelle</dc:title>
          <dc:creator>Andreeva, Elena</dc:creator>
          <dc:subject>ddc:310</dc:subject>
          <dc:description xml:lang="eng">A sharp demographic crisis with a very large increase in mortality rates has accompanied the socio-economic transition in the former Soviet Union countries. There are transition-specific patterns of mortality with a considerable role belonging to the external causes of death. The dissertation has focussed on the most important causes of death within the corresponding chapter of ICD-10 – suicides, homicides and accidental poisonings by alcohol. The overarching research aim was to clarify their macro-level aetiology in the regions of Russia. In support of this aim, new conceptual frameworks have been elaborated for a comprehensive analysis of stress- and marginalisation-related mortality. These theoretical models have been tested with a panel data analysis. The given multivariate analysis included annual data (1990-2001) – mostly derived from official statistical sources – for 77 administrative areas of the Russian Federation. As for the fatal accidental poisonings by alcohol, this is the first empirical paper on their determinants in the regions of Russia. The study revealed a significant impact of marginalisation-related processes on alcohol poisoning mortality. Another set of main findings refers to the crucial importance of economic coping strategies of the population for the prevention of suicide and homicide deaths. Furthermore, the study assessed the effect of hyperinflation on regional suicide death rates, which has never been reported before. For homicide mortality, there was a significant hazardous impact of higher living and production costs in climatically disadvantaged areas, accelerated by inflation. The behavioural patterns of escape or excessive readiness to risks were assumed to be crucial for the manifestation of suicide and homicide. It was possible to identify some significant aggregate-level equivalents for these behavioural patterns and to confirm the hypothesis with regional panel data. In sum, these findings can be important for the elaboration of effective policies aimed at mortality reduction in transition countries.</dc:description>
          <dc:description xml:lang="deu">In den Ländern der ehemaligen Sowjetunion ging der sozioökonomische Wandel mit einem dramatischen Anstieg der Sterblichkeit einher. Während der Umbruchszeit spielten äußere Ursachen von Mortalität eine bedeutsame Rolle in der Entwicklung der Sterblichkeitstrends. Die Dissertation befasste sich mit den wichtigsten Todesursachen aus dementsprechenden ICD-10-Kapitel: Selbsttötung, Tötung und akzidentelle Vergiftung durch Alkohol. Die Arbeit verfolgte das vorrangige Ziel, die Ätiologie dieser Todesursachen in den Regionen Russlands auf der aggregierten Ebene zu erforschen. Dazu wurden neue theoretische Konzepte entwickelt, um eine umfassende Analyse der Sterblichkeit infolge von Stress und Marginalisierung zu ermöglichen. Diese theoretischen Modelle wurden mit Hilfe einer Paneldatenanalyse getestet. Die multivariate Analyse beruhte auf jährlichen Daten (1990-2001) aus amtlichen statistischen Quellen für 77 Gebietseinheiten der Russischen Föderation. Für akzidentelle Vergiftungen durch Alkohol wurde zum ersten Mal eine empirische Untersuchung der Mortalitätsdeterminanten in den Regionen Russlands durchgeführt. Die Studie hat einen signifikanten Einfluss der Marginalisierungsprozesse auf die Sterblichkeit infolge von Alkoholvergiftungen festgestellt. Die weiteren Ergebnisse bestätigten die ausschlaggebende Bedeutung der ökonomischen Coping-Strategien der Bevölkerung für die Prävention der hohen Suizid- und Mordraten. Bemerkenswert sind auch die Befunde der ungünstigen Auswirkung der Hyperinflation auf die Suizidraten. Dieser Effekt wurde bis jetzt noch nicht beschrieben. In klimatisch benachteiligten Regionen wurden die Produktions- und Lebenskosten durch die Inflation noch stärker beeinflusst. Diese Wechselwirkung der Inflation und schlechten klimatischen Bedingungen führte zu signifikant höheren Mordraten. Das vermeidende Verhalten bzw. eine exzessive Risikobereitschaft wurden als wichtige Risikofaktoren für Suizid und Mord hypothetisiert. Durch eine Approximation dieser Verhaltensformen auf der aggregierten Ebene mit regionalen Paneldaten wurde die Annahme bestätigt. Aufgrund der Studienergebnisse können effektive Maßnahmen zur Senkung der Sterblichkeit in Transformationsländern empfohlen werden.</dc:description>
          <dc:date>2006-02-06</dc:date>
          <dc:type>doctoralthesis</dc:type>
          <dc:type>doc-type:doctoralthesis</dc:type>
          <dc:format>application/pdf</dc:format>
          <dc:identifier>http://opus4.kobv.de/opus4-tuberlin/frontdoor/index/index/docId/1198</dc:identifier>
          <dc:identifier>urn:nbn:de:kobv:83-opus-12135</dc:identifier>
          <dc:identifier>http://nbn-resolving.de/urn/resolver.pl?urn:nbn:de:kobv:83-opus-12135</dc:identifier>
          <dc:identifier>http://opus4.kobv.de/opus4-tuberlin/files/1198/andreeva_elena.pdf</dc:identifier>
          <dc:language>eng</dc:language>
          <dc:rights>Deutsches Urheberrecht mit Print on Demand (u.a. für Dissertationen empfohlen)</dc:rights>
        </oai_dc:dc>
      </metadata>
    </record>
  </GetRecord>
</OAI-PMH>
