<?xml version="1.0" encoding="utf-8"?>
<?xml-stylesheet type="text/xsl" href="xsl/oai2.xsl"?><OAI-PMH xmlns="http://www.openarchives.org/OAI/2.0/" xmlns:xsi="http://www.w3.org/2001/XMLSchema-instance" xsi:schemaLocation="http://www.openarchives.org/OAI/2.0/ http://www.openarchives.org/OAI/2.0/OAI-PMH.xsd">
  <responseDate>2014-10-15T06:49:13Z</responseDate>
  <request verb="GetRecord" metadataPrefix="oai_dc" identifier="oai:kobv.de-opus4-tuberlin:1093">http://opus4.kobv.de/opus4-tuberlin/oai</request>
  <GetRecord>
    <record>
      <header>
        <identifier>oai:kobv.de-opus4-tuberlin:1093</identifier>
        <datestamp>2013-07-01</datestamp>
        <setSpec>doc-type:doctoralthesis</setSpec>
        <setSpec>bibliography:false</setSpec>
        <setSpec>ddc</setSpec>
        <setSpec>ddc:620</setSpec>
      </header>
      <metadata>
        <oai_dc:dc xmlns:oai_dc="http://www.openarchives.org/OAI/2.0/oai_dc/" xmlns:dc="http://purl.org/dc/elements/1.1/" xsi:schemaLocation="http://www.openarchives.org/OAI/2.0/oai_dc/ http://www.openarchives.org/OAI/2.0/oai_dc.xsd">
          <dc:title xml:lang="deu">Eine Methode zur vollständigen Bestimmug der Eigenzustände reeller symmetrischer Profilmatrizen</dc:title>
          <dc:title xml:lang="eng">The computation of eigenstates of real symmetric profile matrices</dc:title>
          <dc:creator>Ruess, Martin</dc:creator>
          <dc:subject>ddc:620</dc:subject>
          <dc:description xml:lang="deu">Die Bearbeitung von Ingenieuraufgaben erfordert häufig die Bestimmung einer größeren Anzahl von Eigenwerten und Eigenvektoren großer symmetrischer Profilmatrizen. Schwingungs- und Stabilitätsuntersuchungen an Bauwerken und Tragkonstruktionen gehören zu den klassischen Aufgabenbereichen im Bauwesen, die als Teil der Aufgabenstellung die Lösung einer allgemeinen oder speziellen Eigenwertaufgabe beinhalten. Die Inverse Matrixiteration ist ein neues, profilerhaltendes Verfahren zur Lösung der speziellen Eigenwertaufgabe großer symmetrischer Profilmatrizen. Das Verfahren basiert auf dem QR-Algorithmus zur Bestimmung der Eigenzustände vollbesetzter Matrizen. Durch eine Reihe von Erweiterungen wurde eine Methode entwickelt, die sich durch ein hohes Maß an Flexibilität und Zuverlässigkeit hinsichtlich des Berechnungsablaufs und hinsichtlich der Eigenschaften der Lösung auszeichnet. Die Methode bestimmt eine beliebige Anzahl Eigenwerte und Eigenvektoren unabhängig voneinander. Die Eigenwerte konvergieren schrittweise und in sortierter Reihenfolge, beginnend mit dem betragskleinsten Eigenwert. Dies ermöglicht den effektiven Einsatz einer Spektralverschiebung zur Bestimmung von Eigenwerten in beliebigen Bereichen des Eigenwertspektrums der Aufgabe. Durch eine kontinuierliche Deflation der Matrix wird die Dimension der Aufgabe stetig reduziert. Der numerische Aufwand des Verfahrens nimmt mit zunehmender Anzahl bestimmter Eigenwerte kontinuierlich ab. Das Verfahren bestimmt betragsgleiche Eigenwerte mit gleichen und unterschiedlichen Vorzeichen und Cluster schlecht getrennter Eigenwerte mit hoher Genauigkeit und Zuverlässigkeit. Eine wesentliche Verbesserung des Konvergenzverlaufs der Iteration wurde durch eine wiederholte Prekonditionierung der Matrix und die Jacobi-Randkorrektur erreicht. Beide Methoden sind profilerhaltend und werden lokal zur Vermeidung einer Stagnation der Konvergenz eingesetzt. Das entwickelte Verfahren wurde in einer objektorientierten Entwicklungsumgebung implementiert. Für die Umsetzung und Untersuchung des neu entwickelten Verfahrens und der Vergleichsverfahren wurde ein Softwarepaket entwickelt und implementiert, das gestützt auf die Finite-Element-Methode als Untersuchungs- und Entwicklungsumgebung zur Bearbeitung numerischer Problemstellungen dient. Zur Beurteilung und Einordnung der Inversen Matrixiteration wurden zwei Vergleichsverfahren implementiert, die den Entwicklungsstand der Methoden zur Lösung der reellen, symmetrischen Eigenwertaufgabe widerspiegeln. Untersucht wurde der numerische Aufwand der Verfahren, der Speicherbedarf, das Konvergenzverhalten, sowie die Zuverlässigkeit und Genauigkeit der Berechnungsergebnisse. Mit dem Vergleich der Verfahren wird die Inverse Matrixiteration bewertet und eingeordnet. Die Genauigkeit und Zuverlässigkeit der Ergebnisse bei der Eigenwert- und Eigenvektorbestimmung rechtfertigen einen teilweise erhöhten numerischen Aufwand. Für das neu entwickelte Verfahren wurde mit der Untersuchung des Schwingungsverhaltens von Bauwerken ein Anwendungsfall beispielhaft dokumentiert.</dc:description>
          <dc:description xml:lang="eng">Eigenvalue problems are common in engineering tasks. In particular the prediction of structural stability and dynamic behavior are important aspects in engineering that lead to eigenvalue problems for which a set of successive eigenvalues and eigenvectors must be determined. The Inverse Matrixiteration is a new method for the solution of the standard eigenvalue problem with large symmetric profile matrices. The method is based on the well-known QR-method for dense matrices. With several extensions a new, flexible and reliable method was developed that is highly suited for the independent computation of any set of eigenvalues and eigenvectors of profile matrices. The method retains the profile structure of the matrix. The eigenvalues converge stepwise in sorted order, starting with the eigenvalue of smallest modulus. An effective spectral shift strategy in combination with deflation of computed eigenstates allows a selective computation of eigenstates in any part of the complete eigenvalue spectrum. The dimension of the eigenvalue problem decreases stepwise, thus reducing the numerical effort of the computation. The rate of convergence increases continuously. Eigenvalues of equal sign or clustered eigenvalues are often determined in the same iteration cycle. A repeated preconditioning process in combination with Jacobi rotations in the parts of strongest convergence of the matrix lead to a significant improvement of the global convergence behavior. Both developments retain the profile structure of the matrix. A suitable algorithm is developed and implemented in an object-oriented Finite-Element-Application for the analysis of structural problems in engineering tasks. Several examples demonstrate the flexibility and reliability of the new method. Two state-of-the-art solution methods are documented and implemented to compare the efficiency of the Inverse Matrixiteration. Different criteria including the numerical effort and the storage requirements as well as the reliability and the accuracy of the computation are introduced for a classification of the new method. The strength of the Inverse Matrixiteration lies in the computation of any subset of eigenstates of very large matrices with profile structure. The numerically stable and very reliable computation of selected eigenvectors justify a slightly higher numerical effort. The advantageous use of the new method is illustrated with a detailed example for the dynamic analysis of structures in Civil Engineering.</dc:description>
          <dc:date>2005-09-05</dc:date>
          <dc:type>doctoralthesis</dc:type>
          <dc:type>doc-type:doctoralthesis</dc:type>
          <dc:format>application/pdf</dc:format>
          <dc:identifier>http://opus4.kobv.de/opus4-tuberlin/frontdoor/index/index/docId/1093</dc:identifier>
          <dc:identifier>urn:nbn:de:kobv:83-opus-10885</dc:identifier>
          <dc:identifier>http://nbn-resolving.de/urn/resolver.pl?urn:nbn:de:kobv:83-opus-10885</dc:identifier>
          <dc:identifier>http://opus4.kobv.de/opus4-tuberlin/files/1093/ruess_martin.PDF</dc:identifier>
          <dc:language>deu</dc:language>
          <dc:rights>Deutsches Urheberrecht mit Print on Demand (u.a. für Dissertationen empfohlen)</dc:rights>
        </oai_dc:dc>
      </metadata>
    </record>
  </GetRecord>
</OAI-PMH>
