<?xml version="1.0" encoding="utf-8"?>
<?xml-stylesheet type="text/xsl" href="xsl/oai2.xsl"?><OAI-PMH xmlns="http://www.openarchives.org/OAI/2.0/" xmlns:xsi="http://www.w3.org/2001/XMLSchema-instance" xsi:schemaLocation="http://www.openarchives.org/OAI/2.0/ http://www.openarchives.org/OAI/2.0/OAI-PMH.xsd">
  <responseDate>2014-10-15T06:51:06Z</responseDate>
  <request verb="GetRecord" metadataPrefix="oai_dc" identifier="oai:kobv.de-opus4-tuberlin:1441">http://opus4.kobv.de/opus4-tuberlin/oai</request>
  <GetRecord>
    <record>
      <header>
        <identifier>oai:kobv.de-opus4-tuberlin:1441</identifier>
        <datestamp>2013-07-01</datestamp>
        <setSpec>doc-type:doctoralthesis</setSpec>
        <setSpec>bibliography:false</setSpec>
        <setSpec>ddc</setSpec>
        <setSpec>ddc:570</setSpec>
      </header>
      <metadata>
        <oai_dc:dc xmlns:oai_dc="http://www.openarchives.org/OAI/2.0/oai_dc/" xmlns:dc="http://purl.org/dc/elements/1.1/" xsi:schemaLocation="http://www.openarchives.org/OAI/2.0/oai_dc/ http://www.openarchives.org/OAI/2.0/oai_dc.xsd">
          <dc:title xml:lang="deu">Die Rolle von TRPV4 bei der endothelialen Vasoregulation und der arteriellen Hypertonie</dc:title>
          <dc:title xml:lang="eng">The role of TRPV4 in endothelial vaoregulation and arteriel hypertension</dc:title>
          <dc:creator>Heinau, Philipp</dc:creator>
          <dc:subject>ddc:570</dc:subject>
          <dc:description xml:lang="deu">Das Endothel gilt als hochspezialisiertes Zellsystem, welches über die Ca2+-abhängige Freisetzung vasokonstriktiv bzw. vasodilatatorisch wirksamer Autakoide den Gefäßtonus an die jeweiligen hämodynamischen Gegebenheiten anpasst und eine adäquaten Blutversorgung von Organen und Geweben aufrechterhält. Im Endothel erfolgt die Regulation der intrazellulären Ca2+-Mobilisierung u.a. über Ca2+-permeable Kationenkanäle, die einen Ca2+-Einstrom aus dem Extrazellulärraum ermöglichen. Eine molekularbiologische Charakterisierung der den Ca2+-Einstrom mediierenden Kanäle im Endothel ist bislang nur unzureichend. Im Rahmen dieser Arbeit gelang es, die funktionale Bedeutung des nicht-selektiven, kalziumpermeablen Kationenkanals TRPV4 unter Verwendung vaskulär-biologischer, elektrophysiologischer und molekularbiologischer Untersuchungsmethoden im Endothel der Ratte aufzuklären. Mit der in-situ Patch-Clamp-Methode, multiplex-Einzelzell-RT-PCR und Ca2+-sensitiver Floureszenzmikroskopie konnten endotheliale TRPV4 im nativen Endothel der Ratte identifiziert und charakterisiert werden. Pharmakologische Stimulation von TRPV4 mittels des selektiven Agonisten 4aPDD führte an nativen Endothelzellen der Ratte zu einem signifikanten Kalziumeinstrom und in Experimente an isoliert perfundierten Arterien zu einer Endothel-abhängigen Vasodilatation, welche durch den selektiven TRPV-Blocker Ruthenium Red (RuR) inhibiert werden konnte. Weiterhin konnte eine Aktivierung von TRPV4 durch verschiedene chemische und physikalische Stimuli, wie niedrigen pH-Wert, moderate Hitze und hypoosmotische Zellschwellung, ausgelöst werden. Erhöhung der Wandschubspannung führte in den untersuchten Gefäßen ebenfalls zu einer TRPV4-vermittelten Vasodilatation, was auf eine mechanosensitive Funktion des Kanals im vaskulären System hinweist. Weiterführenden Untersuchungen am Hypertoniemodell zeigten eine verminderte TRPV4-Funktion und Expression unter pathophysiologischen Bedingungen. Insgesamt konnte in dieser Studie gezeigt werden, dass der Ionenkanal TRPV4 den bei der endothelialen Mechanotransduktion wichtigen intrazellulären Kalziumeinstrom ermöglicht und somit die Vasoreaktion auf hämodynamische Veränderungen regulieren kann. Anhand der Untersuchungen am Hypertoniemodell kann davon ausgegangen werden, dass TRPV4 eine Bedeutung in der mit dem Krankheitsbild der Hypertonie einhergehenden endothelialen Dysfunktion zukommt.</dc:description>
          <dc:description xml:lang="eng">Ca2+-influx in response to mechanical or humoral stimulation plays a significant role in a variety of endothelial functions and especially in the Ca2+-dependent synthesis of endothelial vasodilators such as nitric oxide or the endothelium-derived hyperpolarizing factor (EDHF). Several members of the “transient receptor potential�? (TRP)-superfamily of cation channels have been identified in endothelium of humans and other species and may provide Ca2+-influx pathways. However the functional role of TRPV4 in the endothelium is not clear. In this study, function and expression of TRPV4 channels in rat carotid artery (CA) were characterized by employing in-situ patch-clamp techniques and single-cell-RT-PCR analysis, measurements of Ca2+-influx through TRPV4, and conducted pressure-myograph experiments in CA and small-sized A. gracilis to test vasodilatory responses after pharmacological activation of the channel by 4αPDD and after increasing wall shear stress (WSS). In pressure-myograph experiments, it was investigated how TRPV4 contributes to endothelium-dependent vasodilatation. Endothelial TRPV4 was activated by the selective TRPV4-opener 4α-phorbol-12,13-didecanoate (4αPDD), low pH, moderate warmth, and mechanically by hypotonic cell swelling. Activation of TRPV4 by 4αPDD increased intracellular [Ca2+]i significantly above basal levels. In pressure-myograph experiments intraluminal application of 4αPDD caused a robust vasodilatation which was strictly endothelium-dependent and was suppressed by the TRPV4-inhibitor ruthenium red. Regarding the physiological stimulus for endothelial TRPV4 activation, it was found that wall shear stress (WSS)-induced vasodilatation was similiarly blocked by RuR and that TRPV4 expression and function is absent in experimental hypertension. In conclusion, Ca2+-entry through endothelial TRPV4 channels triggers NO-dependent vasodilatation in rat endothelium. TRPV4 channel may thus play a pivotal role in endothelial mechanosensing of hemodynamic forces and in progression of arterial hypertension.</dc:description>
          <dc:date>2007-02-16</dc:date>
          <dc:type>doctoralthesis</dc:type>
          <dc:type>doc-type:doctoralthesis</dc:type>
          <dc:format>application/pdf</dc:format>
          <dc:identifier>http://opus4.kobv.de/opus4-tuberlin/frontdoor/index/index/docId/1441</dc:identifier>
          <dc:identifier>urn:nbn:de:kobv:83-opus-14781</dc:identifier>
          <dc:identifier>http://nbn-resolving.de/urn/resolver.pl?urn:nbn:de:kobv:83-opus-14781</dc:identifier>
          <dc:identifier>http://opus4.kobv.de/opus4-tuberlin/files/1441/heinau_philipp.pdf</dc:identifier>
          <dc:language>deu</dc:language>
          <dc:rights>Deutsches Urheberrecht mit Print on Demand (u.a. für Dissertationen empfohlen)</dc:rights>
        </oai_dc:dc>
      </metadata>
    </record>
  </GetRecord>
</OAI-PMH>
