<?xml version="1.0" encoding="utf-8"?>
<?xml-stylesheet type="text/xsl" href="xsl/oai2.xsl"?><OAI-PMH xmlns="http://www.openarchives.org/OAI/2.0/" xmlns:xsi="http://www.w3.org/2001/XMLSchema-instance" xsi:schemaLocation="http://www.openarchives.org/OAI/2.0/ http://www.openarchives.org/OAI/2.0/OAI-PMH.xsd">
  <responseDate>2014-10-15T06:50:12Z</responseDate>
  <request verb="GetRecord" metadataPrefix="oai_dc" identifier="oai:kobv.de-opus4-tuberlin:1234">http://opus4.kobv.de/opus4-tuberlin/oai</request>
  <GetRecord>
    <record>
      <header>
        <identifier>oai:kobv.de-opus4-tuberlin:1234</identifier>
        <datestamp>2013-07-01</datestamp>
        <setSpec>doc-type:doctoralthesis</setSpec>
        <setSpec>bibliography:false</setSpec>
        <setSpec>ddc</setSpec>
        <setSpec>ddc:620</setSpec>
      </header>
      <metadata>
        <oai_dc:dc xmlns:oai_dc="http://www.openarchives.org/OAI/2.0/oai_dc/" xmlns:dc="http://purl.org/dc/elements/1.1/" xsi:schemaLocation="http://www.openarchives.org/OAI/2.0/oai_dc/ http://www.openarchives.org/OAI/2.0/oai_dc.xsd">
          <dc:title xml:lang="deu">Integritätsprüfung von Holz mit dem zerstörungsfreien Ultraschallechoverfahren</dc:title>
          <dc:title xml:lang="eng">Testing the integrity of wood with the non destructive ultrasound echo technique</dc:title>
          <dc:creator>Hasenstab, Andreas Georg Maximilian</dc:creator>
          <dc:subject>ddc:620</dc:subject>
          <dc:description xml:lang="deu">Schadstellen im Inneren von Holzbauteilen (z. B. Innenfäule) oder baulich unzugängliche Oberflächenfäule, stellen ein besonderes Problem dar, da diese von außen schlecht erkannt werden können und bei einer ausgeprägten Schädigung zu einem plötzlichen Versagen des Bauteils führen können. Ziel der vorliegenden Arbeit war es, eine Messapparatur zu entwickeln und damit zu untersuchen, ob und unter welchen Bedingungen Ultraschallechoverfahren an Holzbauteilen möglich sind. Weiter sollte untersucht werden, welche Schäden und Minderdicken mit Ultraschallecho von nur einer zugänglichen Seite aus geortet werden können. Ergebnis war, dass die Ultraschallecho-Technik an Holz mit Longitudinal- und Transversalwellen möglich ist. Es gelang erstmals, die Geschwindigkeiten in Holz für alle Polarisations- und Ausbreitungsrichtungen mit Niederfrequenzultraschall zu bestimmen. Für die Ankopplung der Longitudinalwellenprüfköpfe G 0,2 GC (Mittenfrequenz 100 kHz) waren an glatten Oberflächen Koppelmittel wie Ultraschall-Gel, an rauhen Oberflächen Vaseline erforderlich. Dieses Verfahren erwies sich für kleinere Bauteile mit Dicken unter 10 cm als besser geeignet. Für die Ankopplung der Punktkontaktprüfköpfe TD20 der Transversalwellen (Mittenfrequenz 55 kHz) werden keine Koppelmittel benötigt. Da hiermit auch Bauteile mit größeren Dicken untersucht werden können, eigneten sich die Transversalwellen für viele praktische Messungen besser als die Longitudinalwellen. Minderdicken, Aussparungen, Versätze, Holzdübel und große Äste können meist als direktes Echo detektiert werden, alle restlichen Störungen, wie z. B. Fäulnisschäden oder Insektenbefall, durch eine Abschattung des Rückwandechos. Mit der an einer zugänglichen Stelle aus Schallweg und Schalllaufzeit bestimmten Schallgeschwindigkeit kann das Echo an einer Minderdicke oder Aussparung eindeutig einer Tiefenlage zugeordnet werden. Um die Störungen, die eine Abschattung der Rückwand verursachen, zu verifizieren, wurde die Durchstrahlung mit Röntgen als zerstörungsfreies Referenzverfahren herangezogen. Die Kombination von digitaler Radiographie und mobiler Blitzröhre wurde angewendet. Der direkte Vergleich zwischen der Ultraschallecho-Technik und der Durchstrahlung mit Röntgen zeigte eine tendenziell gleichsinnige Schadensortung. Die Ultraschallechomethode war empfindlicher und war deshalb in der Schadensfrüherkennung (z. B. Fäule) den Röntgenverfahren sogar überlegen. Eine Kombination beider Verfahren ergab, dass eine mögliche Fehldeutung bei Schäden sehr stark reduziert werden konnte. Eine weitere sinnvolle Verfahrenskombination ist eine schnelle Untersuchung großer Bereiche mit dem Ultraschallechoverfahren und eine genaue Überprüfung an auffälligen Punkten mit der zerstörungsarmen Bohrwiderstandsmethode. Mit der Ultraschallechomethode können von nur einer zugänglichen Bauteilseite aus, auch frühe Schäden schnell und ohne Strahlenbelastung zerstörungsfrei geortet werden. Somit steht für die zerstörungsfreie Prüfung von Holz ein neues Prüfverfahren zur Verfügung.</dc:description>
          <dc:description xml:lang="eng">Wooden construction components bear serious problems, if they hold inner damage (e.g. interior rot) or damage of its surfaces at inaccessible locations. These failures are difficult to recognize from the outside, and might cause sudden malfunction of the structure. The aim of this work was to develop suitable measurement devices and to carry out investigations under which conditions ultrasonic echo technique can be successfully applied to wooden construction components. A further objective was to examine what kind of damage can be located with ultrasonic echo technique applied from only one accessible surface and if areas of reduced thickness can be determined. The investigations have shown that ultrasonic echo technique can be used at wooden constructions with longitudinal and transverse waves. For the first time, it was also possible to determine the different speeds of sound in wood for all polarizations and directions with low-frequency ultrasound. The coupling of the planar longitudinal wave probes (center frequency 100 kHz) required coupling media such as ultrasonic gel and Vaseline. This technique was better suited for smaller specimen with a thickness of less than 10 cm. No coupling media is necessary for the coupling of the transverse wave point contact probes (center frequency 55 kHz). With these probes also structures with larger dimensions could be examined. The use of transverse waves is better suited for several applications and many measurements have been carried out using the TD20 probes.. The tests took place from one accessible side using pulse echo technique. Areas of reduced thickness can often be detected by receiving a direct echo, all other damage, e.g. rot, is indicated by shadowing the echo of the back wall. The sound velocity is calculated from the sound path and the transit time of the signal at an accessible part of the component. The echo impulse received from areas with reduced thickness or cavities can thus be related to a specific depth in the material. As the reason for the shadowing of the back wall echo is often not known, radiography with x-rays was used as a further non-destructive testing method and as second NDT method in special cases (reference method). A combination of digital radiography and mobile flash tube was also used and optimized for tests on wooden construction components and trees. The direct comparison between ultrasound technique and x-ray showed a trend towards similar detecting of defects. The ultrasound technique was more sensible for early damage detection. The combination of ultrasonic echo technique and radiography led to a very substantial reduction of possible misinterpretations of damage. Another example for the combination of methods was a fast investigation of large areas with ultrasonic echo technique, followed by an exact investigation at selected points with the minor destructive drilling resistance method. The research showed that ultrasonic echo applied from an accessible component side (only) permits the direct localisation of areas of reduced thickness, cavities, wooden pegs and large branches. Other damages such as rot or insect attack can be located indirectly by shadowing of the back wall echo. Thus a new testing method is available now for the non-destructive testing of wooden components.</dc:description>
          <dc:date>2006-03-29</dc:date>
          <dc:type>doctoralthesis</dc:type>
          <dc:type>doc-type:doctoralthesis</dc:type>
          <dc:format>application/pdf</dc:format>
          <dc:identifier>http://opus4.kobv.de/opus4-tuberlin/frontdoor/index/index/docId/1234</dc:identifier>
          <dc:identifier>urn:nbn:de:kobv:83-opus-12389</dc:identifier>
          <dc:identifier>http://nbn-resolving.de/urn/resolver.pl?urn:nbn:de:kobv:83-opus-12389</dc:identifier>
          <dc:identifier>http://opus4.kobv.de/opus4-tuberlin/files/1234/hasenstab_andreas.pdf</dc:identifier>
          <dc:language>deu</dc:language>
          <dc:rights>Deutsches Urheberrecht mit Print on Demand (u.a. für Dissertationen empfohlen)</dc:rights>
        </oai_dc:dc>
      </metadata>
    </record>
  </GetRecord>
</OAI-PMH>
