<?xml version="1.0" encoding="utf-8"?>
<?xml-stylesheet type="text/xsl" href="xsl/oai2.xsl"?><OAI-PMH xmlns="http://www.openarchives.org/OAI/2.0/" xmlns:xsi="http://www.w3.org/2001/XMLSchema-instance" xsi:schemaLocation="http://www.openarchives.org/OAI/2.0/ http://www.openarchives.org/OAI/2.0/OAI-PMH.xsd">
  <responseDate>2014-10-15T06:50:11Z</responseDate>
  <request verb="GetRecord" metadataPrefix="oai_dc" identifier="oai:kobv.de-opus4-tuberlin:1229">http://opus4.kobv.de/opus4-tuberlin/oai</request>
  <GetRecord>
    <record>
      <header>
        <identifier>oai:kobv.de-opus4-tuberlin:1229</identifier>
        <datestamp>2013-07-01</datestamp>
        <setSpec>doc-type:doctoralthesis</setSpec>
        <setSpec>bibliography:false</setSpec>
        <setSpec>ddc</setSpec>
        <setSpec>ddc:620</setSpec>
      </header>
      <metadata>
        <oai_dc:dc xmlns:oai_dc="http://www.openarchives.org/OAI/2.0/oai_dc/" xmlns:dc="http://purl.org/dc/elements/1.1/" xsi:schemaLocation="http://www.openarchives.org/OAI/2.0/oai_dc/ http://www.openarchives.org/OAI/2.0/oai_dc.xsd">
          <dc:title xml:lang="deu">Mechanische Modifizierung prallgemahlener und windgesichteter Mehle unterschiedlicher Weizensorten</dc:title>
          <dc:title xml:lang="eng">Mechanical modification of impact grinded and air classified flours of different wheat varieties</dc:title>
          <dc:creator>Ivanova, Petya</dc:creator>
          <dc:subject>ddc:620</dc:subject>
          <dc:description xml:lang="deu">Durch Prallen und Windsichten können die technologischen Eigenschaften der Wei-zenmehle beeinflusst werden. Anhand von sortenreinen Walzenmehlen aus Weizen unterschiedlicher Kornhärte und unterschiedlichen Proteingehalt sind mit der Sichtermühle Prall- und Sichtversuche vorgenommen worden. Da die Kornhärte eines Weizens von der Verkittung der Stärkekörner in der Proteinmatrix abhängt, zerkleinern sich Mehle aus hartem Weizen bei der Vermahlung schlechter als solche aus weichem Weizen. Durch Prallen von Weizenmehl der Type 550 in der Sichtermühle mit hoher Intensität kann eine wesentlich höhere kinetische Energie in das Gut eingetragen werden als mit der Walzenzerkleinerung. Das führt zu einem intensiven Zerkleinerungsgrad und hohen Feingutanteil. Bei einer zweistufigen Prallzerkleinerung ermöglicht dieser hohe Energieeintrag eine weitere Erhöhung des Feingutanteils der Mehle und eine Angleichung der Strukturauflösung der Mehlkörper zwischen harten und weichen Weizen. Darüber hinaus werden die Stärke- und Gluten-Eigenschaften der Weizenmehle modifiziert. Durch die der Windsichtung vorgeschaltete Prallvermahlung verändern sich die Anteile in den einzelnen Fraktionen und die Korngrößenverteilungen. Die Trennung der Prallmehle in verschiedene Fraktionen führt zu einer Inhaltstoffverschiebung und daraus resultierend zu abweichenden Funktionseigenschaften der Mehlfraktionen. Insgesamt zeigten die Untersuchungsergebnisse, dass die mechanische Modifizierung von Walzenmehlen durch Prallzerkleinerung mit weitestgehender Strukturauflösung des Mehlkörpers in Protein und Stärke und nachfolgender Windsichtung in verschiedene Fraktionen die ursprüngliche Qualität der Mehle verändert, auch wenn die Mehleigenschaften eines Weizens im hohen Grade von der Weizensorte abhängen. Durch die gewonnenen Erkenntnisse können die in der Sorte verankerten technologisch-funktionellen Eigenschaften so eingestellt werden, dass entsprechende Mahlerzeugnisse erweiterte Anforderungen erfüllen.</dc:description>
          <dc:description xml:lang="eng">Impact milling and air classification affect the technological properties of wheat flours. On the basis of pure variety wheat flours from wheats with different grain hardness and different protein contents impact milling and sifting experiments with classifier mill were conducted. Because grain hardness of wheat depends on the connection of starch granules in the protein matrix, flours from hard wheat varieties disintegrate during the grinding poorer compared with soft wheats. Impact disintegration of wheat flour of type 550 in the classifier mill with high intensity can considerably transfer higher kinetic energy in the milling product compared with roller milling. That causes intensive crushing grade and high fine proportion of flours. Twice impact milling enables this high energy input and an increase of the fine part of the flours and adaptation of the structure disintegration of the flour grain between hard and soft wheat. Furthermore the starch- and gluten- properties of the wheat flours are modified. Impact grinding preceding the air classification changes the proportions in the separate fractions and the particle size distributions. The separation of the impact flours in different fractions causes displacement of content composition and varying functional properties of the flour fractions. In total the investigation results demonstrate that the mechanical modification of wheat flours by impact grinding with a widely structure disintegration of flour components in protein and starch and following air classification in different fractions changes the natural quality of the flours even if the flour properties of wheat highly depends on the wheat variety. With the gained experiences the variety depending technological and functional properties can be influenced in such a way that adequate milling products meet further requirements.</dc:description>
          <dc:date>2006-03-17</dc:date>
          <dc:type>doctoralthesis</dc:type>
          <dc:type>doc-type:doctoralthesis</dc:type>
          <dc:format>application/pdf</dc:format>
          <dc:identifier>http://opus4.kobv.de/opus4-tuberlin/frontdoor/index/index/docId/1229</dc:identifier>
          <dc:identifier>urn:nbn:de:kobv:83-opus-12310</dc:identifier>
          <dc:identifier>http://nbn-resolving.de/urn/resolver.pl?urn:nbn:de:kobv:83-opus-12310</dc:identifier>
          <dc:identifier>http://opus4.kobv.de/opus4-tuberlin/files/1229/ivanova_petya.pdf</dc:identifier>
          <dc:language>deu</dc:language>
          <dc:rights>Deutsches Urheberrecht mit Print on Demand (u.a. für Dissertationen empfohlen)</dc:rights>
        </oai_dc:dc>
      </metadata>
    </record>
  </GetRecord>
</OAI-PMH>
