<?xml version="1.0" encoding="utf-8"?>
<?xml-stylesheet type="text/xsl" href="xsl/oai2.xsl"?><OAI-PMH xmlns="http://www.openarchives.org/OAI/2.0/" xmlns:xsi="http://www.w3.org/2001/XMLSchema-instance" xsi:schemaLocation="http://www.openarchives.org/OAI/2.0/ http://www.openarchives.org/OAI/2.0/OAI-PMH.xsd">
  <responseDate>2014-10-15T06:49:27Z</responseDate>
  <request verb="GetRecord" metadataPrefix="oai_dc" identifier="oai:kobv.de-opus4-tuberlin:1148">http://opus4.kobv.de/opus4-tuberlin/oai</request>
  <GetRecord>
    <record>
      <header>
        <identifier>oai:kobv.de-opus4-tuberlin:1148</identifier>
        <datestamp>2013-07-01</datestamp>
        <setSpec>doc-type:doctoralthesis</setSpec>
        <setSpec>bibliography:false</setSpec>
        <setSpec>ddc</setSpec>
        <setSpec>ddc:620</setSpec>
      </header>
      <metadata>
        <oai_dc:dc xmlns:oai_dc="http://www.openarchives.org/OAI/2.0/oai_dc/" xmlns:dc="http://purl.org/dc/elements/1.1/" xsi:schemaLocation="http://www.openarchives.org/OAI/2.0/oai_dc/ http://www.openarchives.org/OAI/2.0/oai_dc.xsd">
          <dc:title xml:lang="deu">Neue Erkenntnisse zur Simulation der Reibkorrosionsvorgänge in torsionsbeanspruchten Welle-Nabe-Verbindungen</dc:title>
          <dc:title xml:lang="eng">New Investigations about the simulation of fretting fatigue in torsional stressed shrink fitted shafts</dc:title>
          <dc:creator>Hartmann, Ulrich</dc:creator>
          <dc:subject>ddc:620</dc:subject>
          <dc:description xml:lang="deu">In der industriellen Praxis ist Bauteilversagen, welches durch Reibkorrosion initiiert wird, seit langem bekannt. Die große Gefahr reibkorrosionsbedingter Schäden be-steht darin, daß diese erst nach sehr hohen Lastwechselzahlen auftreten. Bisherige Auslegungsrichtlinien verfolgen deshalb primär das Ziel, Reibkorrosion zu vermeiden. Dadurch wird eine optimale Bauteilausnutzung häufig nicht erreicht. Das an der TU-Berlin entwickelte Wirkzonenkonzept stellt einen ersten Ansatz dar, das durch Reibkorrosionsvorgänge geänderte Tragverhalten der Verbindung zu er-fassen und einer Festigkeitsberechnung zugänglich zu machen. Aufbauend auf die-sem Konzept wird in dieser Arbeit der Einfluß der Bauteilgröße, der äußeren Last und des anfänglich wirksamen Übermaßes auf die Reibdauerbeanspruchung untersucht. Unter Zugrundelegung des Wirkzonenkonzepts wird das Verschleiß- und Schädi-gungsverhalten geometrisch ähnlicher, aber unterschiedlich großer Querpreßverbin-dungen simuliert. Anhand von Messungen der Verschleißabtrags- und der Schlupftie-fe sowie der zeitlichen Änderung des Schlupfes an Querpreßverbindungen wurde eine hohe Berechnungsgüte nachgewiesen. Die Berechnungsergebnisse zeigen, daß das versagenskritische Reibschubspan-nungsniveau innerhalb der betrachteten Bauteilgrößen und äußeren Lasten für die gewählten Werkstoffe stets erreicht wird. Demnach ist beim Vorhandensein von Reibkorrosion im betrachteten Durchmesserbereich keine echte Dauerfestigkeit zu erwarten. Der Zeitpunkt des Erreichens hängt allerdings stark von der Bauteilgröße und der äußeren Last ab und führt bei sehr kleinen Verbindungen dazu, daß das versagenskritische Reibschubspannungsniveau im Betrieb meist nicht erreicht wird. Dies führt zum Vorschlag, eine „Technische Dauerfestigkeit“ mit einer Ecklastspiel-zahl von etwa 108 Lastwechseln einzuführen. Bauteilgröße, äußere Lasten und anfänglich wirksames Übermaß haben entschei-denden Einfluß auf die Lastwechselzahl bis zum Erreichen der max. Beanspruchung. Durch geschickte Wahl dieser Größen kann vermieden werden, daß das kritische Niveau der Reibschubspannungen im Betrieb erreicht wird.</dc:description>
          <dc:description xml:lang="eng">Failure of machine elements caused by fretting fatigue is well known. In industrial design fretting fatigues is very risky because its occurrence is often observed after a huge period of live cycles. This is the reason why many technical regulations try to avoid fretting fatigue by hard restrictions. Under these restrictions it is hardly possible to become a good exploitation of machine elements. The “Wirkzonenkonzept�?, which is developed at the Technical University of Berlin, tries to seize the changed wear behaviour to make it transparent for calculation. Based on this concept the influence of size, load and oversize is investigated in this thesis. Comparison between simulation and own experiments shows a good correspondence. The results of simulation show that the stress level which causes crack initials is always achieved. So it seems that no fatigue strength can exist when fretting fatigue is present. The number of life cycles until the crack initial starts depends from size, load and oversize. Small shrink fitted shafts often do not achieve the stress level which causes crack initials. For this it is suggested to bring in the item “Technical fatigue strength�? with the fatigue strength number of approximately 108 cycles. By clever handling the items size, load and oversize it is possible to avoid the stress level which causes crack initials during operation time.</dc:description>
          <dc:date>2005-11-28</dc:date>
          <dc:type>doctoralthesis</dc:type>
          <dc:type>doc-type:doctoralthesis</dc:type>
          <dc:format>application/pdf</dc:format>
          <dc:identifier>http://opus4.kobv.de/opus4-tuberlin/frontdoor/index/index/docId/1148</dc:identifier>
          <dc:identifier>urn:nbn:de:kobv:83-opus-11532</dc:identifier>
          <dc:identifier>http://nbn-resolving.de/urn/resolver.pl?urn:nbn:de:kobv:83-opus-11532</dc:identifier>
          <dc:identifier>http://opus4.kobv.de/opus4-tuberlin/files/1148/hartmann_ulrich.pdf</dc:identifier>
          <dc:language>deu</dc:language>
          <dc:rights>Deutsches Urheberrecht mit Print on Demand (u.a. für Dissertationen empfohlen)</dc:rights>
        </oai_dc:dc>
      </metadata>
    </record>
  </GetRecord>
</OAI-PMH>
