<?xml version="1.0" encoding="utf-8"?>
<?xml-stylesheet type="text/xsl" href="xsl/oai2.xsl"?><OAI-PMH xmlns="http://www.openarchives.org/OAI/2.0/" xmlns:xsi="http://www.w3.org/2001/XMLSchema-instance" xsi:schemaLocation="http://www.openarchives.org/OAI/2.0/ http://www.openarchives.org/OAI/2.0/OAI-PMH.xsd">
  <responseDate>2014-10-15T06:50:22Z</responseDate>
  <request verb="GetRecord" metadataPrefix="oai_dc" identifier="oai:kobv.de-opus4-tuberlin:1273">http://opus4.kobv.de/opus4-tuberlin/oai</request>
  <GetRecord>
    <record>
      <header>
        <identifier>oai:kobv.de-opus4-tuberlin:1273</identifier>
        <datestamp>2013-07-01</datestamp>
        <setSpec>doc-type:doctoralthesis</setSpec>
        <setSpec>bibliography:false</setSpec>
        <setSpec>ddc</setSpec>
        <setSpec>ddc:540</setSpec>
      </header>
      <metadata>
        <oai_dc:dc xmlns:oai_dc="http://www.openarchives.org/OAI/2.0/oai_dc/" xmlns:dc="http://purl.org/dc/elements/1.1/" xsi:schemaLocation="http://www.openarchives.org/OAI/2.0/oai_dc/ http://www.openarchives.org/OAI/2.0/oai_dc.xsd">
          <dc:title xml:lang="deu">Synthese von Naturstoffen durch Olefinkreuzmetathese und Cyclisierungsreaktion</dc:title>
          <dc:title xml:lang="eng">Synthesis of Natural Products via sequential Olefin Cross Metathesis - Cyclisation</dc:title>
          <dc:creator>Gebauer, Julian</dc:creator>
          <dc:subject>ddc:540</dc:subject>
          <dc:description xml:lang="deu">Das Synthesepotential der Olefinkreuzmetathese (CM) konnte in den letzten Jahren durch die Entwicklung definierter Ruthenium-Katalysatoren mit einem N-heterocyclischen Carben- und chelatisierenden o-Isopropoxybenzylidenliganden, die sich durch eine außergewöhnliche Chemo- und Diastereoselektivität in Kupplungsreaktionen zwischen elektronisch neutralen und elektronenarmen Alkenen auszeichnen, erheblich gesteigert werden. Im ersten Teil der vorliegenden Arbeit wurde die effizient durch den Hoveyda-Blechert-Katalysator katalysierte, hochselektive CM zwischen Alkenylaminen und α,β-ungesättigten Carbonylverbindungen in Kombination mit einer reduktiven Cyclisierung zum modularen Aufbau von N-Heterocyclen genutzt. Nach methodischen Arbeiten zur diastereoselektiven Synthese von substituierten Pipecolinsäure- und Prolinol-Derivaten, konnte das große Potential dieser Strategie anschließend erfolgreich in der Totalsynthese einiger Naturstoffe unter Beweis gestellt werden. Neben dem aus neotropischen Fröschen der Gattung Dendrobatidae isolierten, neurotoxischen Indolizidin 209D, ließen sich auf diese Weise auch zwei natürlich vorkommende Piperidine synthetisieren. Während (–)-Pinidinol, ein biologisch aktives Alkaloid aus der nordamerikanischen Fichte Picea engelmannii, effizient in 6 Stufen ausgehend von käuflichem (S)-4-Penten-2-ol aufgebaut wurde, konnte das aus der gelben Wasserlilie Nuphar japonica isolierte, sesquiterpenoide Piperidin-Alkaloid (–)-Nupharamin in einer 9-stufigen Chiral-Pool Synthese aus (–)-Isopinocampheol zugänglich gemacht werden. Im zweiten Teil der vorliegenden Arbeit wurde eine neuartige chemo- und stereoselektive CM von langkettigen Hydroxy- und Aminoalkenen mit einem Vinyldioxolenon gefolgt von einer thermischen Makrocyclisierung zum Aufbau von Makroliden genutzt. Methodische Arbeiten zeigten, dass monomere γ,δ-ungesättigte-β-Ketolactone ab einer Ringgröße von 16 zugänglich sind, wohingegen die Synthese azaanaloger Verbindungen nur ausgehend von gesättigten Cyclisierungsvorläufern gelang. Eine asymmetrische Dihydroxylierung der CM-generierten Doppelbindung ermöglichte anschließend die effiziente Totalsynthese des aus dem Pilz Penicillium turbatum isolierten, 16-gliedrigen Makrolid-Antibiotikums (–)-A26771B in 11 Stufen aus (R)-Methyloxiran. In einer auf derselben Strategie basierenden Studie wurde abschließend ein kurzer und effizienter Zugang zum 18-gliedrigen Flechten-Makrolid (+)-Aspicilin via Ringerweiterung eines 17-gliedrigen β-Ketolacton-Intermediats aufgezeigt.</dc:description>
          <dc:description xml:lang="eng">Thanks to developement of well-defined ruthenium catalysts with varied reactivities and remarkable selectivities the synthetic potential of olefin cross metathesis (CM) could be considerably increased. In the first part of the dissertation, a highly selective CM between alkenyl amines and α,β-unsaturated carbonyls, efficiently catalysed by the Hoveyda-Blechert-catalyst, followed by a reductive cyclisation was introduced as key step towards the synthesis of substituted N-heterocycles. After model studies on the diastereoselective preparation of pipecolic acid and prolinol derivatives, this tandem strategy was successfully applied to the total synthesis of the neurotoxic indolizidine 209D and two naturally occurring piperidine alkaloids. While (–)-pinidinol, a biologically active component of Picea engelmannii, could be obtained in only 6 steps from commercially available (S)-4-penten-2-ol, the sesquiterpene piperidine alkaloid (–)-nupharamine, from Nuphar japonica, was approached through a nine step chiral-pool synthesis utilising (–)-isopinocampheol as the only source of chirality. The second part of the work describes a novel CM of a conjugated vinyl dioxolenone with long-chain hydroxy- and amino alkenes which in combination with a thermal macrocyclisation was used as key step towards the synthesis of macrolides. Whereas substituted monomeric γ,δ-unsaturated-β-keto lactones with a ring size ≥ 16 showed to be easily accessible, the synthesis of corresponding lactames did only succeed when starting from saturated cyclisation precursors. Finally, an additional asymmetric dihydroxylation of the CM generated double bond resulted in an efficient total synthesis of the 16 membered macrolide antibiotic (–)-A26771B, from Penicillium turbatum, which was obtained in 11 steps from commercially (R)-methyl oxirane. Based on the same strategy, a closing project enabled easy access to the macrocyclic ring system of the lichen metabolite (+)-aspicilin via ring expansion of a 17 membered β-keto lactone intermediate.</dc:description>
          <dc:date>2006-06-14</dc:date>
          <dc:type>doctoralthesis</dc:type>
          <dc:type>doc-type:doctoralthesis</dc:type>
          <dc:format>application/pdf</dc:format>
          <dc:identifier>http://opus4.kobv.de/opus4-tuberlin/frontdoor/index/index/docId/1273</dc:identifier>
          <dc:identifier>urn:nbn:de:kobv:83-opus-13072</dc:identifier>
          <dc:identifier>http://nbn-resolving.de/urn/resolver.pl?urn:nbn:de:kobv:83-opus-13072</dc:identifier>
          <dc:identifier>http://opus4.kobv.de/opus4-tuberlin/files/1273/gebauer_julian.pdf</dc:identifier>
          <dc:language>deu</dc:language>
          <dc:rights>Deutsches Urheberrecht mit Print on Demand (u.a. für Dissertationen empfohlen)</dc:rights>
        </oai_dc:dc>
      </metadata>
    </record>
  </GetRecord>
</OAI-PMH>
