<?xml version="1.0" encoding="utf-8"?>
<?xml-stylesheet type="text/xsl" href="xsl/oai2.xsl"?><OAI-PMH xmlns="http://www.openarchives.org/OAI/2.0/" xmlns:xsi="http://www.w3.org/2001/XMLSchema-instance" xsi:schemaLocation="http://www.openarchives.org/OAI/2.0/ http://www.openarchives.org/OAI/2.0/OAI-PMH.xsd">
  <responseDate>2014-10-15T06:49:24Z</responseDate>
  <request verb="GetRecord" metadataPrefix="oai_dc" identifier="oai:kobv.de-opus4-tuberlin:1137">http://opus4.kobv.de/opus4-tuberlin/oai</request>
  <GetRecord>
    <record>
      <header>
        <identifier>oai:kobv.de-opus4-tuberlin:1137</identifier>
        <datestamp>2013-07-01</datestamp>
        <setSpec>doc-type:doctoralthesis</setSpec>
        <setSpec>bibliography:false</setSpec>
        <setSpec>ddc</setSpec>
        <setSpec>ddc:620</setSpec>
      </header>
      <metadata>
        <oai_dc:dc xmlns:oai_dc="http://www.openarchives.org/OAI/2.0/oai_dc/" xmlns:dc="http://purl.org/dc/elements/1.1/" xsi:schemaLocation="http://www.openarchives.org/OAI/2.0/oai_dc/ http://www.openarchives.org/OAI/2.0/oai_dc.xsd">
          <dc:title xml:lang="deu">Algorithmen zur On-Board-Diagnose von Fahrwerksschäden an Schienenfahrzeugen</dc:title>
          <dc:title xml:lang="eng">Algorithm for on-board diagnosis of bogie faults of railway vehicles</dc:title>
          <dc:creator>Guo, Yong</dc:creator>
          <dc:subject>ddc:620</dc:subject>
          <dc:description xml:lang="deu">Mit der Erhöhung der Fahrtgeschwindigkeit auf der Schiene gewinnt grundsätzlich auch der Sicherheits- und Instandhaltungsaspekt immer mehr an Bedeutung. Schienenfahrzeuge werden heutzutage noch überwiegend konventionell instandgehalten, d.h. in der Regel nach vorgegebenen zeit- oder laufleistungsabhängigen Fristen kontrolliert und ggf. instandgesetzt. Trotz bereits erheblicher Erhöhung des Anteils an zustandsorientierten Instandhaltungsmethoden – insbesondere im Hochgeschwindigkeitsverkehr – fehlt bis heute eine umfassende kontinuierliche On-Board-Diagnose mechanisch stark beanspruchter Fahrwerkskomponenten, welche eine geeignete Basis für die Einsparung von Instandhaltungskosten darstellt. Ziel der vorliegenden Arbeit ist die Algorithmenentwicklung für eine On-Board-Diagnose von Schäden an sicherheitsrelevanten Fahrwerkskomponenten sowie eine schnelle Entgleisungs-detektion. Im Rahmen der Arbeit werden zunächst die statistischen Eigenschaften der Beschleunigungsdaten bis hin auf ihre Modellierbarkeit untersucht. Anschließend werden geeignete Diagnoseverfahren für Radsatz und Radsatzlager, Schlingerdämper sowie Radsatzführungsbuchse erläutert. Umfangreiche Messungen an intakten und gezielt geschädigten Fahrwerkskomponenten belegen die Eignung der Diagnoseverfahren. Abschließend wird das Thema Entgleisungsdetektion kurz behandelt und ein Lösungsansatz vorgestellt. Die Ergebnisse der vorliegenden Arbeit reihen sich in die bisherigen positiven Entwicklungsergebnisse der DB AG in Sachen On-Board-Fahrwerksdiagnose ein und zeigen gleichfalls, dass mit geeigneten online fähigen Algorithmen, gepaart mit moderner Mess- und Rechentechnik, eine Systemrealisierung prinzipiell möglich ist. Mit wenigen Sensoren pro Fahrwerk können die Beschleunigungsdaten an den markanten Punkten während der Zugfahrt kontinuierlich erfasst werden. Durch Einsatz spezieller Algorithmen, welche auf einem On-Board-Rechner zu implementieren sind, kann ein auftretender Fehler zeitnah und sicher detektiert werden.</dc:description>
          <dc:description xml:lang="eng">Main focus of this thesis is the development of algorithms for on-board fault diagnosis of some safety relevant bogie components and derailment detection. First of all, the statistical characteristics of the recorded acceleration data and their feasibility for building mathematical models are studied. Subsequently some diagnosis algorithms for wheel set, wheel set bearing, anti-rolling damper and wheel set guiding sleeves are introduced. Voluminous field measurements with both faultless and faulty bogie components give evidence of the suitability of the proposed diagnose techniques. The positive results show that the realisation of an on-board diagnosis system for high speed trains is in principle possible. Using a few sensors per bogie, the acceleration data of some distinctive positions can be measured continuously. With the help of the dedicated diagnosis algorithms, certain faults of bogie components can be detected quickly and reliably.</dc:description>
          <dc:date>2005-11-08</dc:date>
          <dc:type>doctoralthesis</dc:type>
          <dc:type>doc-type:doctoralthesis</dc:type>
          <dc:format>application/pdf</dc:format>
          <dc:identifier>http://opus4.kobv.de/opus4-tuberlin/frontdoor/index/index/docId/1137</dc:identifier>
          <dc:identifier>urn:nbn:de:kobv:83-opus-11204</dc:identifier>
          <dc:identifier>http://nbn-resolving.de/urn/resolver.pl?urn:nbn:de:kobv:83-opus-11204</dc:identifier>
          <dc:identifier>http://opus4.kobv.de/opus4-tuberlin/files/1137/guo_yong.pdf</dc:identifier>
          <dc:language>deu</dc:language>
          <dc:rights>Deutsches Urheberrecht mit Print on Demand (u.a. für Dissertationen empfohlen)</dc:rights>
        </oai_dc:dc>
      </metadata>
    </record>
  </GetRecord>
</OAI-PMH>
