<?xml version="1.0" encoding="utf-8"?>
<?xml-stylesheet type="text/xsl" href="xsl/oai2.xsl"?><OAI-PMH xmlns="http://www.openarchives.org/OAI/2.0/" xmlns:xsi="http://www.w3.org/2001/XMLSchema-instance" xsi:schemaLocation="http://www.openarchives.org/OAI/2.0/ http://www.openarchives.org/OAI/2.0/OAI-PMH.xsd">
  <responseDate>2014-10-15T06:48:56Z</responseDate>
  <request verb="GetRecord" metadataPrefix="oai_dc" identifier="oai:kobv.de-opus4-tuberlin:1029">http://opus4.kobv.de/opus4-tuberlin/oai</request>
  <GetRecord>
    <record>
      <header>
        <identifier>oai:kobv.de-opus4-tuberlin:1029</identifier>
        <datestamp>2014-08-21</datestamp>
        <setSpec>doc-type:doctoralthesis</setSpec>
        <setSpec>bibliography:false</setSpec>
        <setSpec>ddc</setSpec>
        <setSpec>ddc:350</setSpec>
      </header>
      <metadata>
        <oai_dc:dc xmlns:oai_dc="http://www.openarchives.org/OAI/2.0/oai_dc/" xmlns:dc="http://purl.org/dc/elements/1.1/" xsi:schemaLocation="http://www.openarchives.org/OAI/2.0/oai_dc/ http://www.openarchives.org/OAI/2.0/oai_dc.xsd">
          <dc:title xml:lang="deu">Eine Metropole und ihre Gewässer: institutionelle Strukturen des Umweltmanagements und der Wasserwirtschaft in einer metropolitanen Region ("Região Metropolitana") Brasiliens</dc:title>
          <dc:creator>Lázaro da Silva Filho, José Carlos</dc:creator>
          <dc:subject>ddc:350</dc:subject>
          <dc:description xml:lang="deu">Brasilien erlebte zwischen 1950 und 2000 einen sehr starken Zuwachs der städtischen Bevölkerung, der sich vorrangig auf relativ wenige Verdichtungsräume konzentrierte. Manche Städte hatten gar keine Stadtentwicklungspläne, andere hatten zwar Pläne verabschiedet, konnten aber nicht der ungeahnten Zunahme folgen oder hatten kein politisches Interesse daran, auf die informellen (und armen) Teile der Stadt zu achten, in denen sich das Bevölkerungswachstum vor allem abspielte. Eine der zwölf metropolitanen Regionen Brasiliens befindet sich im südlichsten Bundesland Rio Grande do Sul (RS): Porto Alegre, die Hauptstadt des Bundeslandes. Die Kommune von Porto Alegre hatte im Jahr 2000 1,3 Mio. Ew., seine metropolitane Region ca. 3,7 Mio. Ew. Dieses orientierungslose Stadtwachstum hat tiefe sozioökonomische Folgen, zog aber auch Umweltfolgen nach sich. In dieser Arbeit geht es um die Wasserverschmutzung. Diese wird hier nicht so sehr als ein technisches Problem rezipiert, sondern eher als eines der institutionellen Struktur, die versucht, dieses Problem zu bewältigen. Untersucht wird der institutionelle Rahmen der Umweltpolitik einer brasilianischen Metropole, um diese politisch-administrativen Aspekte besser zu verstehen. Nur wenn man die praktische Bedeutung dieses institutionellen Rahmens berücksichtigt, wird es gelingen, die Umweltprobleme in den großstädtischen Regionen zu überwinden. Als Werkzeug für die Analyse des Falles wurde der analytische Rahmen von E. Ostrom und ihrer Kollegen benutzt, das Institutional Analysis and Development Framework, kurz IAD-Framework. Andere Autoren, wie Mark Imperial, haben ihn bereits erfolgreich bei ähnlichen Fragestellungen angewandt. Die Untersuchung erfolgt durch die systematische Auswertung aller zugänglichen schriftlichen Quellen und Interviews. Beiden diente eine halbjährige theoretische Vorbereitung in Deutschland und anschließend ein dreimonatiger Arbeitsaufenthalt in der Region, wobei sich das IAD-Framework als eine hilfreiche Analysemaske erwies. Die institutionelle Analyse ergibt, das das Problem der regionalen Wasserverschmutzung durch zwei gesetzlich etablierte Systeme behandelt wird. Das Umweltmanagement- und das Wasserwirtschaftsystem. Das letzte ist das einflussreichere, vor allem weil innerhalb dessen der Staat durch seine partizipatorische Regulierung ermöglicht, dass das Wasser nicht mehr als ein reines öffentliches Gut (mit prekärer Verwaltung des Staates) betrachtet wird, sondern als eine Art von Allmenderessource (common good), über deren Nutzung die Betroffenen und Nutzer als Akteure eines Politikfelds diskutieren und Entscheidungen treffen. Die Lösungsansätze für die Wasserverschmutzung, die daraus resultieren, sind strategische Pläne für jedes Wassereinzugsgebiet, die von den Betroffenen formuliert und beschlossen werden. Darüber hinaus soll man bemerken dass, die Behandlung des Umweltproblems in der RMPA nur verständlich vor dem Hintergrund einer relativ eigenständigen lokalen Umweltkultur ist. Auch diese wird vorgestellt. Gedruckte Version im Logos Verlag [http://www.logos-verlag.de] erschienen.</dc:description>
          <dc:description xml:lang="eng">Brazil had a strong urban population growth between 1950 and 2000. This phenomenon, which could be noticed as in others developing countries, happened especially in the metropolitan areas. Same of these areas there were not urban development plans, or, these were not taken as a real instrument to all urban demands, for example to develop a wide sewerage network, or to integrated the informal urban settlement in the formal city. This disordered growth in the last 50 years are associated to social and health problems. This doctoral work focused on one of these, the water pollution. This was caused not only by the industrialisation, but also by the lack of basic sanitation and sewerage. This study analysed one of the twelve Brazilian metropolitan areas: Porto Alegre and its surrounding. Porto Alegre is the capital of Rio Grande do Sul State, in Southern Brazil. In 2000 Porto Alegre had about 1,3 million inhabitants, and its metropolitan area (the "Metropolitan Area of Porto Alegre" - RMPA) around 3,7 million inhabitants. It was researched the institutional structure for the regional environmental management of water pollution in this area. It was applied the Institutional Analyses and Development (IAD) Framework (from Elinor Ostrom and her colleges) as an analytical instrument to a case study. The empirical data was collected through survey and interviews in the region. It was also analysed secondary data. The institutional analyses demonstrated that the regional water pollution problem issue is managed by two established law systems: the Environmental Management System and the Water Resource System. The Water Resource System is the most effective, mainly because this system was decided through a "participatory" process. Thus, the water issue is not faced as a "good" administrated by the State. Here committees, where users and other stakeholders participate, make the decision (with the state) about the use of the water resource (as a common good  the system was here constructed to regulate quantity problems). This approach resulted into the development of participatory water basin plans. These plans can also solve the pollution problem. It is also important to remark that in this region shows a strong background in the environmental concern and this help to support the water system management Printed version avaible from Logos Verlag: [http://www.logos-verlag.de]</dc:description>
          <dc:date>2005-07-26</dc:date>
          <dc:type>doctoralthesis</dc:type>
          <dc:type>doc-type:doctoralthesis</dc:type>
          <dc:format>application/pdf</dc:format>
          <dc:identifier>http://opus4.kobv.de/opus4-tuberlin/frontdoor/index/index/docId/1029</dc:identifier>
          <dc:identifier>urn:nbn:de:kobv:83-opus-10187</dc:identifier>
          <dc:identifier>http://nbn-resolving.de/urn/resolver.pl?urn:nbn:de:kobv:83-opus-10187</dc:identifier>
          <dc:identifier>http://opus4.kobv.de/opus4-tuberlin/files/1029/lazarodasilva_jose.pdf</dc:identifier>
          <dc:language>deu</dc:language>
          <dc:rights>Deutsches Urheberrecht</dc:rights>
        </oai_dc:dc>
      </metadata>
    </record>
  </GetRecord>
</OAI-PMH>
