<?xml version="1.0" encoding="utf-8"?>
<?xml-stylesheet type="text/xsl" href="xsl/oai2.xsl"?><OAI-PMH xmlns="http://www.openarchives.org/OAI/2.0/" xmlns:xsi="http://www.w3.org/2001/XMLSchema-instance" xsi:schemaLocation="http://www.openarchives.org/OAI/2.0/ http://www.openarchives.org/OAI/2.0/OAI-PMH.xsd">
  <responseDate>2014-10-15T06:48:55Z</responseDate>
  <request verb="GetRecord" metadataPrefix="oai_dc" identifier="oai:kobv.de-opus4-tuberlin:1024">http://opus4.kobv.de/opus4-tuberlin/oai</request>
  <GetRecord>
    <record>
      <header>
        <identifier>oai:kobv.de-opus4-tuberlin:1024</identifier>
        <datestamp>2013-07-01</datestamp>
        <setSpec>doc-type:doctoralthesis</setSpec>
        <setSpec>bibliography:false</setSpec>
        <setSpec>ddc</setSpec>
        <setSpec>ddc:620</setSpec>
      </header>
      <metadata>
        <oai_dc:dc xmlns:oai_dc="http://www.openarchives.org/OAI/2.0/oai_dc/" xmlns:dc="http://purl.org/dc/elements/1.1/" xsi:schemaLocation="http://www.openarchives.org/OAI/2.0/oai_dc/ http://www.openarchives.org/OAI/2.0/oai_dc.xsd">
          <dc:title xml:lang="deu">Einfluss von Steifigkeit und Dämpfung bei Eisenbahnrädern, insbesondere von Güterwagenrädern, auf die Schallabstrahlung</dc:title>
          <dc:creator>Wiemers, Marc</dc:creator>
          <dc:subject>ddc:620</dc:subject>
          <dc:description xml:lang="deu">In dieser Arbeit werden verschiedene Güterwagenräder unter akustischen Gesichtspunkten betrachtet. Dazu wurde ein Berechnungsprogramm erstellt, welches nach der Punktstrahlersynthese aus Finite-Elemente-Berechungen die Schallabstrahlung eines Rades im beliebigen Abstand und in beliebiger Position berechnen kann. Dieses Programm bestand die Validierung an drei Beispielen. Zusätzlich sind FE-Modelle für die Simulation von beschichteten Eisenbahnrädern mit und ohne Deckschicht entwickelt worden. Es wurden Rad-Modelle erstellt, die zur akustischen Begutachtung dieser Maßnahmen an dem Güterwagen-Rad der Bauart BA004 dienten. Die aus den verschiedenen Simulationen resultierenden Ergebnisse werden jeweils dargestellt und im Hinblick auf akustische und wirtschaftliche Fragestellungen erörtert. Als Ergebnis lässt sich festhalten, dass sich eine nennenswerte Schalldruckpegelminderung nicht mit einer einzigen Maßnahme erreichen lässt. Die Bedämpfung des Laufrades erbringt nur bei Verwendung einer Beschichtung mit Deckschicht eine signifikante Minderung. Auf der anderen Seite ergibt eine Verstärkung der Rad-Scheibe eine relativ geringe Schalldruckpegelminderung, die aus wirtschaftlichen Gründen nicht anzustreben ist. Die Kombination der beiden Maßnahmen ergibt bei dem Rad der Bauart BA004 eine nennenswerte Pegelminderung bis zu 12 dB, die auch wirtschaftlich sinnvoll erscheint. Die Vorgehensweise ist auf jedes andere Eisenbahnrad übertragbar.</dc:description>
          <dc:date>2005-06-17</dc:date>
          <dc:type>doctoralthesis</dc:type>
          <dc:type>doc-type:doctoralthesis</dc:type>
          <dc:format>application/pdf</dc:format>
          <dc:identifier>http://opus4.kobv.de/opus4-tuberlin/frontdoor/index/index/docId/1024</dc:identifier>
          <dc:identifier>urn:nbn:de:kobv:83-opus-10131</dc:identifier>
          <dc:identifier>http://nbn-resolving.de/urn/resolver.pl?urn:nbn:de:kobv:83-opus-10131</dc:identifier>
          <dc:identifier>http://opus4.kobv.de/opus4-tuberlin/files/1024/wiemers_marc.pdf</dc:identifier>
          <dc:language>deu</dc:language>
          <dc:rights>Deutsches Urheberrecht mit Print on Demand (u.a. für Dissertationen empfohlen)</dc:rights>
        </oai_dc:dc>
      </metadata>
    </record>
  </GetRecord>
</OAI-PMH>
