<?xml version="1.0" encoding="utf-8"?>
<?xml-stylesheet type="text/xsl" href="xsl/oai2.xsl"?><OAI-PMH xmlns="http://www.openarchives.org/OAI/2.0/" xmlns:xsi="http://www.w3.org/2001/XMLSchema-instance" xsi:schemaLocation="http://www.openarchives.org/OAI/2.0/ http://www.openarchives.org/OAI/2.0/OAI-PMH.xsd">
  <responseDate>2014-10-15T06:43:37Z</responseDate>
  <request verb="GetRecord" metadataPrefix="oai_dc" identifier="oai:kobv.de-opus4-tuberlin:14">http://opus4.kobv.de/opus4-tuberlin/oai</request>
  <GetRecord>
    <record>
      <header>
        <identifier>oai:kobv.de-opus4-tuberlin:14</identifier>
        <datestamp>2013-07-01</datestamp>
        <setSpec>doc-type:doctoralthesis</setSpec>
        <setSpec>bibliography:false</setSpec>
        <setSpec>ddc</setSpec>
        <setSpec>ddc:540</setSpec>
      </header>
      <metadata>
        <oai_dc:dc xmlns:oai_dc="http://www.openarchives.org/OAI/2.0/oai_dc/" xmlns:dc="http://purl.org/dc/elements/1.1/" xsi:schemaLocation="http://www.openarchives.org/OAI/2.0/oai_dc/ http://www.openarchives.org/OAI/2.0/oai_dc.xsd">
          <dc:title xml:lang="deu">Studien zu Totalsynthesen von Hydroazulen-Naturstoffen</dc:title>
          <dc:creator>Helmer, Olaf</dc:creator>
          <dc:subject>ddc:540</dc:subject>
          <dc:description xml:lang="deu">Curcumenol und Procurcumadiol gehören zu der Naturklasse der Guaiane. Es handelt sich dabei um Sesquiterpene mit Hydroazulengerüst. Mit der in der Arbeitsgruppe Blechert weiterentwickelten de-Mayo-Reaktion, die mit der Umlagerung einer Allylgruppe einhergeht, ist der Siebenring des Hydroazulengerüstes aufgebaut worden. Der anellierte Fünfring ist durch Ringschluß-Metathese bzw. McMurry-Kupplung erzeugt worden. In der vorliegenden Arbeit sollten Versuche zu Totalsynthesen von Curcumenol und Procurmadiol ausgehend von 5-Allyl-6-methylen-cycloheptan-1,4-dion durchgeführt werden. Das synthetische Problem der Darstellungdes metathetisch geschlossenen, anellierten Fünf-Siebenringsystems mit freier Ketogruppe konnte gelöst werden.Ferner konnte diese Verbindung mit Aceton C-C -verknüpft werden, so daß man eine Verbindung in den Händen hat, die den Naturstoff Curcumenol sehr nahe kommt. Das Problem, die beiden methylierten, cyclischen (trisubstituierten) Doppelbindungen aufgrund ihrer Elektronendichte zu unterscheiden, konnte nicht gelöst werden. Das Synthesekonzept könnte jedoch wieder aufgegriffen werden, sobald ein entsprechender Hydrierkatalysator zur Verfügung steht. Die überbrückte Halbacetalstruktur über den Siebenring wie sie im Curcumenol enthalten ist, konnte dargestellt werden. Auch das methylierte Stereozentrum im Fünfring konnte in der gewünschten Konfiguration wie im Curcumenol durch sterisch gelenktes Hydrieren erzeugt werden. Es konnte gezeigt werden, daß Vorstufen des Naturstoffs Procurcumadiol, annellierte Fünf-Siebenringsysteme, mittels Enolether-Metathese sowie mittels McMurry-Reaktion erzeugt werden können. Nach der Enolether-Metathese war es nicht möglich den geschützten Enolether zum Keton zu entschützen. Bei den intramolekularen McMurry-Cyclisierungen werden syn-Diole erzeugt. Dabei entstanden die annellierten Fünfringe entweder nicht stereoselektiv, oder es entstand die unerwünschte syn-Verknüpfung der annellierten Ringe. Da beim Aufbau des annellierten Fünfrings im Zuge der Ringschluß-Metathese und der McMurry-Reaktion unüberwindliche Probleme auftraten, müssen andere Synthesekonzepte gesucht werden, die von der Aufgabenstellung ausgeschlossen waren, wie z.B. die Möglichkeit einer konvergenten Synthese, die von einem funktionalisierten Fünfring ausgeht und einen metathetischen Ringschluß zum annellierten Siebenring umsetzt, so daß die dabei entstehende Doppelbindung nicht entfernt werden muß und das aufgetretene Problem, zwei trisubstituierte Doppelbindungen innerhalb von Ringsysthemen zu differenzieren, entfällt.</dc:description>
          <dc:date>1999-10-22</dc:date>
          <dc:type>doctoralthesis</dc:type>
          <dc:type>doc-type:doctoralthesis</dc:type>
          <dc:format>application/pdf</dc:format>
          <dc:identifier>http://opus4.kobv.de/opus4-tuberlin/frontdoor/index/index/docId/14</dc:identifier>
          <dc:identifier>urn:nbn:de:kobv:83-opus-29</dc:identifier>
          <dc:identifier>http://nbn-resolving.de/urn/resolver.pl?urn:nbn:de:kobv:83-opus-29</dc:identifier>
          <dc:identifier>http://opus4.kobv.de/opus4-tuberlin/files/14/helmer_olaf.pdf</dc:identifier>
          <dc:language>deu</dc:language>
          <dc:rights>Deutsches Urheberrecht mit Print on Demand (u.a. für Dissertationen empfohlen)</dc:rights>
        </oai_dc:dc>
      </metadata>
    </record>
  </GetRecord>
</OAI-PMH>
