<?xml version="1.0" encoding="utf-8"?>
<?xml-stylesheet type="text/xsl" href="xsl/oai2.xsl"?><OAI-PMH xmlns="http://www.openarchives.org/OAI/2.0/" xmlns:xsi="http://www.w3.org/2001/XMLSchema-instance" xsi:schemaLocation="http://www.openarchives.org/OAI/2.0/ http://www.openarchives.org/OAI/2.0/OAI-PMH.xsd">
  <responseDate>2014-10-15T06:50:24Z</responseDate>
  <request verb="GetRecord" metadataPrefix="oai_dc" identifier="oai:kobv.de-opus4-tuberlin:1280">http://opus4.kobv.de/opus4-tuberlin/oai</request>
  <GetRecord>
    <record>
      <header>
        <identifier>oai:kobv.de-opus4-tuberlin:1280</identifier>
        <datestamp>2013-07-01</datestamp>
        <setSpec>doc-type:doctoralthesis</setSpec>
        <setSpec>bibliography:false</setSpec>
        <setSpec>ddc</setSpec>
        <setSpec>ddc:004</setSpec>
      </header>
      <metadata>
        <oai_dc:dc xmlns:oai_dc="http://www.openarchives.org/OAI/2.0/oai_dc/" xmlns:dc="http://purl.org/dc/elements/1.1/" xsi:schemaLocation="http://www.openarchives.org/OAI/2.0/oai_dc/ http://www.openarchives.org/OAI/2.0/oai_dc.xsd">
          <dc:title xml:lang="eng">Coordinating Filtering Strategies in Cooperative Agent Communities</dc:title>
          <dc:title xml:lang="deu">Koordination von Filterstrategien in kooperativen Agentengemeinschaften</dc:title>
          <dc:creator>Milosevic, Dragan</dc:creator>
          <dc:subject>ddc:004</dc:subject>
          <dc:description xml:lang="eng">A great easiness to produce and publish information has influenced that users typically have to search numerous distributed sources while satisfying their needs. Besides, they exhibit great difficulties to formally represent their preferences, and thus many manually created filtering requests have weak chances to initiate a delivery of needed results. As a delay for providing the sought data becomes a more and more critical factor, underlying engines have also to carefully address a trade-off between result relevance and response time. The end users finally expect as good results as possible, and consequently a system should be able to always deliver them in spite of more or less severe internal failures. Ignoring a necessity to address information retrieval in both distributed and dynamic enough manner is a major drawback for many existing search engines that try to survive an ongoing information explosion. These systems also process queries in a direct manner, and therefore the expertise from many excellent, and already fulfilled requests, remains unutilised. The resource availability is also often ignored, as developed filtering solutions are usually tested in protected conditions, where nothing unexpected can happen. The essence of a proposed solution for performing distributed filtering is in installing communities around different databases, as well as setting cooperation mechanisms that are able to find the right sources for a given request. The deployed exploration techniques, which first identify the usable old requests, and then utilise them to adapt the actual one, guarantee that even wrongly formulated information needs will intelligently explore the potentially relevant areas of interest. The resource availability is taken into account by deploying different filtering agents, each knowing their own searching heuristics, inside communities, as well as coordinating them to alleviate a selection of those for which the needed resources are currently highly loaded. A coordination of multiple strategies can be also naturally used to increase robustness and provide self-healing functionalities, where an alternative agent is selected in a case of a failure of an initially selected one. The cooperation, exploration and coordination schemes are realised in JIAC IV, being a framework for developing multi-agent systems. Every mechanism is developed as a set of components, which might be easily replaced with their improved versions, and which thus increase a flexibility of a given implementation. An applicability of these approaches is practically illustrated in a personal information assistant (PIA), whose filtering system critically depends on cooperation, exploration and coordination mechanisms. Experimental results show that the given cooperation scheme manages to successfully locate the right communities for a given request in spite of the dynamic changes of their underlying content. The exploration approach also has superior performances, regarding a number of off-topic results, when being compared with pure collaborative filtering and mutation &amp; crossover techniques. The proposed coordination approach finally scales well, and it can be applied even inside communities with thousands of agents. By estimating a load of resources before deciding which strategy will do filtering, it effectively eliminates long lasting jobs with duration over 1000 seconds, and thus reduces the average response time. It can finally improve itself during runtime by successfully using every single job, being shorter than 10 seconds.</dc:description>
          <dc:description xml:lang="deu">Eine Folge der gegenwärtigen Informationsflut ist, dass die Benutzer die gewünschten Informationen in verschiedenen Quellen suchen müssen. Sie haben dabei große Schwierigkeiten ihr Informationsbedürfnis formal zu beschreiben. Folglich führen selten manuell erstellte Anfragen an ein Suchsystem zu befriedigenden Ergebnissen. Ein kritischer Faktor bei der Suche nach gewünschten Informationen ist die Antwortzeit des Systems, d.h. die Zeitspanne zwischen dem Absenden einer Suchanfrage und der Präsentation der Suchergebnisse. Aus diesem Grund versuchen Suchmaschinen stets einen akzeptablen Kompromiss zwischen der Qualität der Information und der Antwortzeit zu finden. Die Endbenutzer erwarten schließlich möglichst gute Suchergebnisse und deswegen sollte ein System robust sein, um auch bei internen Fehlern akzeptable Resultate zu liefern. Eine große Schwäche von vielen Suchmaschinen ist, dass Informationen nicht auf verteilte und dynamische Weise gesucht werden. Des Weiteren werden alte Suchanfragen nicht ausgewertet, um die Erkenntnisse für neue Suchanfragen auszunutzen. Die Verfügbarkeit des Systems wird auch oft ignoriert, weil ein Test von Suchmaschinen normalerweise in Labors erfolgt in denen nichts Unerwartetes passieren kann. Das Wesentliche in der vorgeschlagenen Lösung für die verteilte Filterung ist die Installation sowohl von Agentengruppen für verschiedene Datenbanken als auch von Kooperationsmechanismen, die passende Datenbanken für eine gegebene Anfrage finden können. Die installierten Adaptationstechniken, die zuerst alten Anfragen finden und diese dann verwenden, um die aktuelle Anfrage anzupassen, ermöglichen dass sogar falsch formulierte Anfragen relevante Bereich intelligent durchsuchen können. Die Verfügbarkeit des Systems ist verbessert sowohl durch die Installation von Filteragenten im Rahmen von Agentengruppen als auch durch ihre gegenseitige Koordination, die die Aktivierung von Agenten vermeidet für welche nicht genug Resoursen zur Verfügung stehen. Die Koordination von mehreren Strategien kann auch verwendet werden, um die Robustheit zu erhöhen, indem bei Ausfall für einen gewählten Agenten ein alternativer Agent einspringt. Die Kooperations-, Adaptations- und Koordinationsverfahren wurden in JIAC IV implementiert. Jedes dieser Verfahren wurde als eine Kollektion von Komponenten realisiert, so dass diese problemlos durch aktualisierte oder verbesserte Versionen ersetzt werden können, um somit die Flexibilität von Mechanismen zu gewährleisten. Die Anwendbarkeit der Verfahren wurde unter realen Bedingungen in einem Persönlichen Informationsassistenten (PIA) gezeigt, dessen Filtrierungssystem kritisch von den Kooperations-, die Adaptations- und Koordinationsverfahren abhängig ist. Experimentelle Ergebnisse zeigen, dass die Kooperationsverfahren trotz der dynamischen Änderungen des zugrunde liegenden Inhalts die richtige Agentengruppe für eine gegebene Anfrage erfolgreich lokalisieren. Im Vergleich mit Kollaborativer Filterung und Crossover Techniken zeigten die entwickelten Adaptionsverfahren ein gute Leistungsfähigkeit. Die vorgeschlagenen Koordinationsverfahren konnten selbst in Agentengruppen erfolgreich integriert werden, die tausende von Agenten besitzen. Unter der Betrachtung der Verfügbarkeit des Systems ist es möglich die Aufgaben zu eliminieren, die länger als 1000 s dauern. Die Koordinationsverfahren können sich während der Laufzeit verbessern, indem sie erfolgreich jede einzelne Aufgabe verwenden, die kürzer als 10 s ist.</dc:description>
          <dc:date>2006-06-14</dc:date>
          <dc:type>doctoralthesis</dc:type>
          <dc:type>doc-type:doctoralthesis</dc:type>
          <dc:format>application/pdf</dc:format>
          <dc:identifier>http://opus4.kobv.de/opus4-tuberlin/frontdoor/index/index/docId/1280</dc:identifier>
          <dc:identifier>urn:nbn:de:kobv:83-opus-13120</dc:identifier>
          <dc:identifier>http://nbn-resolving.de/urn/resolver.pl?urn:nbn:de:kobv:83-opus-13120</dc:identifier>
          <dc:identifier>http://opus4.kobv.de/opus4-tuberlin/files/1280/milosevic_dragan.pdf</dc:identifier>
          <dc:language>eng</dc:language>
          <dc:rights>Deutsches Urheberrecht mit Print on Demand (u.a. für Dissertationen empfohlen)</dc:rights>
        </oai_dc:dc>
      </metadata>
    </record>
  </GetRecord>
</OAI-PMH>
