<?xml version="1.0" encoding="utf-8"?>
<?xml-stylesheet type="text/xsl" href="xsl/oai2.xsl"?><OAI-PMH xmlns="http://www.openarchives.org/OAI/2.0/" xmlns:xsi="http://www.w3.org/2001/XMLSchema-instance" xsi:schemaLocation="http://www.openarchives.org/OAI/2.0/ http://www.openarchives.org/OAI/2.0/OAI-PMH.xsd">
  <responseDate>2014-10-15T06:50:41Z</responseDate>
  <request verb="GetRecord" metadataPrefix="oai_dc" identifier="oai:kobv.de-opus4-tuberlin:1347">http://opus4.kobv.de/opus4-tuberlin/oai</request>
  <GetRecord>
    <record>
      <header>
        <identifier>oai:kobv.de-opus4-tuberlin:1347</identifier>
        <datestamp>2013-07-01</datestamp>
        <setSpec>doc-type:doctoralthesis</setSpec>
        <setSpec>bibliography:false</setSpec>
        <setSpec>ddc</setSpec>
        <setSpec>ddc:530</setSpec>
      </header>
      <metadata>
        <oai_dc:dc xmlns:oai_dc="http://www.openarchives.org/OAI/2.0/oai_dc/" xmlns:dc="http://purl.org/dc/elements/1.1/" xsi:schemaLocation="http://www.openarchives.org/OAI/2.0/oai_dc/ http://www.openarchives.org/OAI/2.0/oai_dc.xsd">
          <dc:title xml:lang="deu">Hochleistungsdiodenlaser hoher spektraler Strahldichte mit geneigtem Bragg-Gitter als Modenfilter ( α-DFB-Laser)</dc:title>
          <dc:title xml:lang="eng">High power diode laser with a Bragg grating acting as mode filter for high spectral density ( α-DFB laser)</dc:title>
          <dc:creator>Paschke, Katrin</dc:creator>
          <dc:subject>ddc:530</dc:subject>
          <dc:description xml:lang="deu">Die Arbeit behandelt Hochleistungsdiodenlaser mit verteilter Rückkopplung für Wellenlängen im Bereich von 1 µm. In den Lasern ist ein Bragg-Gitter integriert, dessen Gitterfurchen um einen kleinen Winkel ag gegen die Facetten-Normale geneigt sind (a-DFB-Laser) und das sowohl als lateraler als auch als longitudinaler Modenfilter wirkt. Zwei neu entwickelte Modellierungsverfahren für a-DFB-Laser werden dargestellt. Mit Hilfe des zweidimensionalen Vierwellen-Modells können optimale Varianten der Laser bestimmt werden. Das zweidimensionale nichtlineare Modell der Wellenausbreitung im a-DFB-Laser unter Einbeziehung der Ladungsträgerbilanz und der Wärme führt zum vollständigen Laserdesign, aus dem sämtliche Messgrößen berechnet werden können. In das Design fließen grundsätzlich neue Erkenntnisse ein, wie beispielsweise die Verluste der Moden höherer Ordnung in Abhängigkeit der Designparameter, tiefe Implantation in den Wellenleiter oder die Optimierung der Reflexionskoeffizienten an den Facetten der Laser. Die speziell für den a-DFB-Laser entwickelten Herstellungstechnologien sowie die notwendige Aufbautechnik werden erläutert. Die Messtechnik wird an die Eigenschaften des a-DFB-Lasers angepasst, um die Messergebnisse wie Ausgangsleistung, Wirkungsgrad und spektrale sowie laterale Strahleigenschaften, mit den Modellierungsergebnissen zu vergleichen. Die durch Modellierung gestützten systematischen experimentellen Untersuchungen des Einflusses der Designparameter, wie Resonatorlänge, Kontaktstreifenbreite, Reflexionskoeffizienten, Gitterperiode und Furchentiefe des integrierten Bragg-Gitters auf die Lasereigenschaften führen zu optimalen Konfigurationen der Laser. Die Beugungsmaßzahlen (M2), der im Rahmen dieser Arbeit hergestellten Laser von beispielsweise M2=1,1 bei einer emittierten optischen Leistung von einem Watt, sind mit den Angaben in der Literatur vergleichbar. Eine maximal erreichte Ausgangsleistung von 3 W (M2=3,3) der elektrisch gepumpten a-DFB-Laser für eine Wellenlänge von 1060 nmentspricht einer Verdoppelung der bisher bekannten Werte. Die Filterung mittels geneigter Bragg-Gitter führt bei anschwingenden höheren Moden im Hochleistungsbereich immer noch zu Emission sehr nahe an der Beugungsbegrenzung. Die spektrale Strahldichte der entwickelten a-DFB-Laser von 14 GW/(cm2 sr nm) übertrifft die vergleichbarer Hochleistungslaser um mehr als eine Größenordnung. Die gemessene Halbwertsbreite des Spektrums von 6 pm entspricht der Auflösungsgrenze des Spektrumanalysators. Komplexere Laserstrukturen, wie der völlig neuartige Kreuzgitterlaser und der hybride " master oscillator power amplifier " mit einem a-DFB-Laser als Pumplaser, zeigen ebenfalls beugungsbegrenzte Emission.</dc:description>
          <dc:description xml:lang="eng">This PhD thesis work treats high power laser diodes with distributed feed-back for wave lengths close to 1 µm. A Bragg grating is integrated into the lasers; the grooves of the grating are slanted towards the normal to the facet by an angle ag (a-DFB laser). The grating hereby acts as a mode filter both in the lateral and the longitudinal direction. I present two modelling techniques for a-DFB lasers. With the help of the two-dimensional four wave model optimal variants of the lasers can be determined. The two-dimensional non-linear model for wave propagation in a-DFB lasers takes the balance of the carriers and the heat into account. It leads to the complete laser design from which all measured quantities can be computed. The basic new understanding includes for example of the damping of the higher order modes in dependence of the design parameters, the deep implantation into the wave guide, or reflection coefficients at the facets of the laser enter into the design. The production technologies developed (particularly for this laser) and the necessary mounting techniques are described. The measuring technique is adapted to the properties of the a-DFB laser in order to compare the measurements such as optical power, efficiency, and spectral and lateral beam properties, to the modelling results. Optimal configurations of the laser are achieved through a systematic, modelling-based experimental investigation of the influence of design parameters such as resonator length, width of the contact stripe, reflection coefficient, grating period, and groove depth of the Bragg-grating. The lasers produced within the framework of this PhD thesis work reach a beam propagation ratio of e.g. M2=1.1 at an emitted optical power of one Watt and are comparable to those in the literature. The maximum output power of 3 W (M2=3.3) of the electrically pumped a-DFB lasers for a wave length of 1060 nm represents a doubling of the previously known values. The finding that the filtration through slanted Bragg gratings at higher order modes in the high power range still leads to emission close to the diffraction limit is of particular interest. The spectral brightness of 14 GW/(cm2 sr nm) for the a-DFB lasers developed here exceeds the comparable high power lasers by more than one order of magnitude. The measured half width of the spectrum of 6pm is at the resolution limit of the spectral analyser. More complex laser structures such as new lasers with cross grating and the hybrid master oscillator power amplifier with an a-DFB laser as a pumping laser also show diffraction limited emission.</dc:description>
          <dc:date>2006-10-05</dc:date>
          <dc:type>doctoralthesis</dc:type>
          <dc:type>doc-type:doctoralthesis</dc:type>
          <dc:format>application/pdf</dc:format>
          <dc:identifier>http://opus4.kobv.de/opus4-tuberlin/frontdoor/index/index/docId/1347</dc:identifier>
          <dc:identifier>urn:nbn:de:kobv:83-opus-13910</dc:identifier>
          <dc:identifier>http://nbn-resolving.de/urn/resolver.pl?urn:nbn:de:kobv:83-opus-13910</dc:identifier>
          <dc:identifier>http://opus4.kobv.de/opus4-tuberlin/files/1347/paschke_katrin.pdf</dc:identifier>
          <dc:language>deu</dc:language>
          <dc:rights>Deutsches Urheberrecht mit Print on Demand (u.a. für Dissertationen empfohlen)</dc:rights>
        </oai_dc:dc>
      </metadata>
    </record>
  </GetRecord>
</OAI-PMH>
