<?xml version="1.0" encoding="utf-8"?>
<?xml-stylesheet type="text/xsl" href="xsl/oai2.xsl"?><OAI-PMH xmlns="http://www.openarchives.org/OAI/2.0/" xmlns:xsi="http://www.w3.org/2001/XMLSchema-instance" xsi:schemaLocation="http://www.openarchives.org/OAI/2.0/ http://www.openarchives.org/OAI/2.0/OAI-PMH.xsd">
  <responseDate>2014-10-15T06:50:27Z</responseDate>
  <request verb="GetRecord" metadataPrefix="oai_dc" identifier="oai:kobv.de-opus4-tuberlin:1293">http://opus4.kobv.de/opus4-tuberlin/oai</request>
  <GetRecord>
    <record>
      <header>
        <identifier>oai:kobv.de-opus4-tuberlin:1293</identifier>
        <datestamp>2013-07-01</datestamp>
        <setSpec>doc-type:doctoralthesis</setSpec>
        <setSpec>bibliography:false</setSpec>
        <setSpec>ddc</setSpec>
        <setSpec>ddc:620</setSpec>
      </header>
      <metadata>
        <oai_dc:dc xmlns:oai_dc="http://www.openarchives.org/OAI/2.0/oai_dc/" xmlns:dc="http://purl.org/dc/elements/1.1/" xsi:schemaLocation="http://www.openarchives.org/OAI/2.0/oai_dc/ http://www.openarchives.org/OAI/2.0/oai_dc.xsd">
          <dc:title xml:lang="deu">Input-Output-Analyse als Methode zur stofflichen Bilanzierung komplexer Entsorgungssysteme</dc:title>
          <dc:title xml:lang="eng">Input-Output-Analysis as a Material Balancing Method for Complex Waste Management Systems</dc:title>
          <dc:creator>Löschau, Margit</dc:creator>
          <dc:subject>ddc:620</dc:subject>
          <dc:description xml:lang="deu">Abfallwirtschaftliche Entscheidungsvorgänge werden zunehmend nach stofflichen und energetischen Gesichtspunkten ausgerichtet. Für die stoffliche Bilanzierung von Behandlungsprozessen hat sich die Stoffflussanalyse zur Datenermittlung als Grundlage für nachfolgende Bewertungsmethoden weitgehend durchgesetzt. Mit steigender Komplexität von Entsorgungssystemen entstehen zwischen Abfallbehandlungsprozessen jedoch vielfältige Abhängigkeiten. Diese sind meist durch Stoff- und Energieströme in Verbindung mit Transportverflechtungen bedingt und führen zur Entstehung von Entsorgungsnetzen. Für die Bilanzierung solcher Entsorgungsnetze wird im Rahmen dieser Untersuchung eine Methode entwickelt, die auf dem ökonomischen Input-Output-Ansatz beruht und als Ergebnis kumulierte Mengenmatrizen liefert, aus denen sich die Verteilung von Stoffen und Energieflüssen auf Senken ableiten lässt. Auf diese Weise können verschiedene Behandlungsstrategien verglichen und stoffliche sowie energetische Defizite im Abfallwirtschaftssystem identifiziert werden. Die entwickelte Methode wird beispielhaft auf das Entsorgungsnetz Wien angewandt.</dc:description>
          <dc:description xml:lang="eng">Material and energy aspects are gaining importance in decisions concerning waste management. The Material-Flow-Analysis is established as an instrument for balancing of waste treatment processes and provides database for following assessment procedures. Increasing complexity of waste management systems causes multiple interdependences of treatment processes which are often based on an exchange of material or energy with logistic involvement. Thus networks of waste treatment systems arise. For balancing such complex networks a model is developed that goes back on the economic Input-Output-Approach. The results are matrices with cumulated quantities which show the distribution of energy and material streams to the final sinks. With this method different disposal and recycling alternatives can be compared and deficiencies can be identified. The model is applied exemplarily to the waste management system of Vienna.</dc:description>
          <dc:date>2006-06-29</dc:date>
          <dc:type>doctoralthesis</dc:type>
          <dc:type>doc-type:doctoralthesis</dc:type>
          <dc:format>application/pdf</dc:format>
          <dc:identifier>http://opus4.kobv.de/opus4-tuberlin/frontdoor/index/index/docId/1293</dc:identifier>
          <dc:identifier>urn:nbn:de:kobv:83-opus-13210</dc:identifier>
          <dc:identifier>http://nbn-resolving.de/urn/resolver.pl?urn:nbn:de:kobv:83-opus-13210</dc:identifier>
          <dc:identifier>http://opus4.kobv.de/opus4-tuberlin/files/1293/loeschau_margit.pdf</dc:identifier>
          <dc:language>deu</dc:language>
          <dc:rights>Deutsches Urheberrecht mit Print on Demand (u.a. für Dissertationen empfohlen)</dc:rights>
        </oai_dc:dc>
      </metadata>
    </record>
  </GetRecord>
</OAI-PMH>
