<?xml version="1.0" encoding="utf-8"?>
<?xml-stylesheet type="text/xsl" href="xsl/oai2.xsl"?><OAI-PMH xmlns="http://www.openarchives.org/OAI/2.0/" xmlns:xsi="http://www.w3.org/2001/XMLSchema-instance" xsi:schemaLocation="http://www.openarchives.org/OAI/2.0/ http://www.openarchives.org/OAI/2.0/OAI-PMH.xsd">
  <responseDate>2014-10-15T06:50:51Z</responseDate>
  <request verb="GetRecord" metadataPrefix="oai_dc" identifier="oai:kobv.de-opus4-tuberlin:1387">http://opus4.kobv.de/opus4-tuberlin/oai</request>
  <GetRecord>
    <record>
      <header>
        <identifier>oai:kobv.de-opus4-tuberlin:1387</identifier>
        <datestamp>2013-07-01</datestamp>
        <setSpec>doc-type:doctoralthesis</setSpec>
        <setSpec>bibliography:false</setSpec>
        <setSpec>ddc</setSpec>
        <setSpec>ddc:620</setSpec>
      </header>
      <metadata>
        <oai_dc:dc xmlns:oai_dc="http://www.openarchives.org/OAI/2.0/oai_dc/" xmlns:dc="http://purl.org/dc/elements/1.1/" xsi:schemaLocation="http://www.openarchives.org/OAI/2.0/oai_dc/ http://www.openarchives.org/OAI/2.0/oai_dc.xsd">
          <dc:title xml:lang="eng">Semiconductor based architectures for all-optical 3R signal regeneration at 40 Gbit/s</dc:title>
          <dc:title xml:lang="deu">Halbleiterbasierte Architekturen für 40Gbit/s rein optische 3R Signalregeneration</dc:title>
          <dc:creator>Slovak, Juraj</dc:creator>
          <dc:subject>ddc:620</dc:subject>
          <dc:description xml:lang="eng">In framework of this thesis, two novel all-optical semiconductor based 3R regenerators have been developed and optimised for operation in 40 Gbit/s PRBS RZ data streams. The key functional components of both proposed architectures are a self-pulsating PhaseCOMB-laser (Phase Controlled Mode Beating) for all-optical clock recovery and an ultra-long semiconductor optical amplifier (UL-SOA) applied in the 3R circuits for effective exploitation of fast nonlinearities. The semiconductor devices were designed and fabricated in the technology of FhG-HHI. In the thesis, the experimental investigations on the device characteristics as well as assembled 3R architectures are supported by detailed numerical analysis. Based on the simulations, the physical background of the exploited novel effects is explained and the optimised operation conditions are identified. The PhaseCOMB-clock is a compact three-sections laser providing all-optical clock extraction from PRBS signals. In this work, the potential of the optical clock for application in a 3R regeneration scheme is analysed. The system performance and robustness of the selected devices was studied by operation in 40 Gbit/s data streams. The impact of different signal degradations on the timing stability of the recovered clock signal was evaluated in detail. Furthermore, the burst-mode feasibility of the PhaseCOMB-clock was investigated. The results were later used by design of the proposed 3R schemes optimised for processing of asynchronous packet flows. In case of the UL-SOA, the device length as an important optimisation parameter was systematically studied and exploited in this work for the first time. Semiconductor amplifiers of different lengths between 2 mm and 8 mm were fabricated. The purpose was to exploit more effectively the nonlinearities needed for fast optical signal processing. It could be demonstrated that the impact of ultra-fast (&lt; 1 ps) intra-band cross gain effects on the total gain saturation clearly increases when enhancing the SOA length. Subsequently, it was found that the inter-band transitions are also effectively accelerated in the long devices. Gain recovery time constants down to 10 ps were evaluated for an 8 mm UL-SOA compared to ~100 ps typically measured for conventional SOAs with a length below 1 mm. Hence, the fast inter-band XGM effects make the long devices attractive for high speed (40+ Gbit/s) optical signal processing. The unique characteristics of the aforementioned semiconductor components have been exploited in a novel configuration (FhG-HHI patent). The combination of the effective and fast gain dynamics of the ultra-long amplifiers together with the high timing stability of the optical clock signal results in regenerative behaviour of periodically modulated UL-SOAs. The periodically modulated UL-SOA is the basis for both all-optical 3R schemes developed in the framework of this thesis: the ‘Optically Clocked’ 3R regenerator (OC-3R) and the ‘Alternating Data-Clock’ 3R regenerator (ADC-3R). The ‘Optically Clocked’ 3R regenerator is a wavelength-preserving scheme. The signal regeneration is performed by effective carving of degraded data pulses, when propagating through the saturated long amplifier periodically modulated by the stable clock signal. The dominant clock determines the saturation conditions in the long amplifier and, thus, the regeneration efficiency of the proposed scheme. The quality of the weak PRBS data signal is restored without any wavelength conversion. The impact of amplitude fluctuations, timing instabilities as well as reduced data OSNR on the performance of the OC-3R regenerator was investigated in detail in order to define the optimised operation conditions of the proposed 3R scheme. Furthermore, the capability of the OC-3R for mitigation of polarisation mode dispersion (PMD) and residual chromatic dispersion (CD) as well as regeneration of 40 Gbit/s asynchronous PRBS packet flows is demonstrated. The second 3R architecture introduced in this work, the ‘Alternating Data-Clock’ 3R regenerator, combines signal regeneration with wavelength conversion. In contrary to conventional 3R circuits, the output wavelength of the regenerated signal is defined by a CW source and, thus, can be flexibly tuned in the whole C-band (e.g. ITU grid). Also in this scheme, the timing position of the converted data pulses is determined by the stable clock signal. In this work, the regenerative ability of the ADC-3R operated in 40 Gbit/s PRBS RZ data streams is studied for different signal degradations and wavelength combinations in order to evaluate the typical features of the proposed compact 3R circuit.</dc:description>
          <dc:description xml:lang="deu">Im Rahmen der Doktorarbeit wurden zwei neuartige rein-optische 3R Regeneratoren für hochratige Signalverarbeitung entwickelt, die ausschließlich auf kompakten Halbleiterkomponenten mit hohem Integrationspotenzial basieren. Beide 3R Architekturen wurden sowohl anhand numerischer Simulationen als auch experimentell detailliert analysiert. Die Ergebnisse werden vergleichend diskutiert und genutzt, um die Signal-Regeneration von 40 Gbit/s PRBS RZ Daten-Strömen zu optimieren. Die erste 3R Schlüsselkomponente ist der selbstpulsierende PhaseCOMB-Laser (Phase Controlled Mode Beating), der für rein-optische Taktrückgewinnung genutzt wird. Diese Komponente ist eine bekannte Entwicklung des FhG-HHI. In der Arbeit wird das Potenzial des PhaseCOMB-Lasers für den Einsatz in einem 3R Regenerator evaluiert. Insbesondere wurde der Einfluss von starken Daten-Degradationen verschiedenen Ursprungs auf die Zeitstabilität des Clock-Signals untersucht, um damit die Robustheit der Clock gegenüber Störungen, die typischerweise in realen Übertragungssystemen auftreten, zu verifizieren. Speziell in Hinblick auf den Einsatz in asynchronen Netzen wurde weiterhin die Burst-Fähigkeit der PhaseCOMB-Clock eingehend analysiert. Die Ergebnisse bestimmten das Design der 3R Schaltkreise, die für den asynchronen Betrieb optimiert wurden. Die zweite Schlüsselkomponente basiert auf Halbleiterverstärkern. Dabei wurde die Länge der Komponente als Optimierungs-Parameter zum ersten Mal systematisch untersucht und ausgenutzt. Hierzu wurden in der FhG-HHI Technologie ultra-lange SOAs (UL-SOA) zwischen 2 mm und 8 mm hergestellt. Das Ziel war es, die Nichtlinearitäten über die Länge eines Halbleiterverstärkers effektiver zu nutzen. Es konnte gezeigt werden, dass die ultra-schnellen (&lt; 1 ps) Intra-Band Cross-Gain Effekte mit der SOA Länge immer stärker zur Gain-Sättigung beitragen und schließlich dominieren. Darüber hinaus wurde erkannt, dass auch bei den Inter-Band Effekten die Erholzeit deutlich beschleunigt wird. Diese geht in einem 8 mm UL-SOA herunter bis zu 10 ps, im Vergleich zu ~100 ps bei einem konventionellen kurzen SOA. Die schnelle Erholzeit ermöglicht es, die UL-SOAs und Inter-Band Effekte für hochratige optische Signal-Verarbeitung bei 40 Gbit/s und höher auszunutzen. Die Eigenschaften der oben genannten Halbleiter-Funktionselemente wurden in einer neuartigen Anordnung (FhG-HHI Patent) vereint. Die Kombination der effektiven und schnellen Gain-Dynamik der ultra-langen SOAs zusammen mit der hohen zeitlichen Stabilität des optischen Clock-Signals führt zum regenerativen Verhalten der periodisch modulierten UL-SOAs. Der periodisch modulierte UL-SOA bildet die Grundlage der beiden in dieser Arbeit entwickelten optischen 3R Architekturen, dem ‚Optically-Clocked’ 3R (OC-3R) Regenerator und dem ‚Alternating Data-Clock’ 3R (ADC-3R) Regenerator. Die Signal-Regeneration im wellenlängen-erhaltenden ‚Optically-Clocked’ 3R Regenerator basiert auf einem effektiven Carving der degradierten Datenpulse, die sich gemeinsam mit dem periodischen Taktsignal der Clock durch den gesättigten UL-SOA ausbreiten. Die dominante Clock bestimmt die Sättigungsverhältnisse und dadurch die Regenerationseffizienz des periodisch getakteten Verstärkers, während das schwache Daten-Signal unter Erhalt der Wellenlänge regeneriert wird. Der Einfluss von unterschiedlichen Daten-Degradationen (Amplituden-Fluktuationen, zeitliche Instabilität, OSNR Verringerung) auf die Funktionalität des optischen 3R Regenerators wurde detailliert untersucht, um die optimale Arbeitsbedingungen zu definieren. Anschließend wurde das Einsatzpotenzial des OC-3Rs zur Korrektur der Polarisations-Moden-Dispersion (PMD), der residualen Chromatischen Dispersion (CD) und zur Regeneration von asynchronen 40 Gbit/s Datenströme (kurze PRBS Pakete) evaluiert. In der zweiten 3R Architektur, dem ‚Alternating Data-Clock’ 3R Regenerator, wird die Signal-Regeneration mit einer Wellenlängen-Umsetzung kombiniert. Anders als bei konventionellen 3R Schaltkreisen, wird im ADC-3R die Ausgangswellenlänge des regenerierten Daten-Signals von einem im ganzen C-Band flexibel wählbaren (z. B. ITU Raster) CW Signal definiert. Die Zeitlage der konvertierten Daten-Pulse wird auch in diesem Schema durch das stabile Clock-Signal bestimmt. Das regenerative Potenzial der ADC-3R Architektur wurde sowohl für unterschiedliche Degradationen der 40 Gbit/s PRBS RZ Datenströme als auch für verschiedene Wellenlängen-Kombinationen ausführlich analysiert, um die typischen Eigenschaften dieses kompakten 3R Schaltkreises zu evaluieren.</dc:description>
          <dc:date>2006-12-13</dc:date>
          <dc:type>doctoralthesis</dc:type>
          <dc:type>doc-type:doctoralthesis</dc:type>
          <dc:format>application/pdf</dc:format>
          <dc:identifier>http://opus4.kobv.de/opus4-tuberlin/frontdoor/index/index/docId/1387</dc:identifier>
          <dc:identifier>urn:nbn:de:kobv:83-opus-14299</dc:identifier>
          <dc:identifier>http://nbn-resolving.de/urn/resolver.pl?urn:nbn:de:kobv:83-opus-14299</dc:identifier>
          <dc:identifier>http://opus4.kobv.de/opus4-tuberlin/files/1387/slovak_juraj.pdf</dc:identifier>
          <dc:language>eng</dc:language>
          <dc:rights>Deutsches Urheberrecht mit Print on Demand (u.a. für Dissertationen empfohlen)</dc:rights>
        </oai_dc:dc>
      </metadata>
    </record>
  </GetRecord>
</OAI-PMH>
