<?xml version="1.0" encoding="utf-8"?>
<?xml-stylesheet type="text/xsl" href="xsl/oai2.xsl"?><OAI-PMH xmlns="http://www.openarchives.org/OAI/2.0/" xmlns:xsi="http://www.w3.org/2001/XMLSchema-instance" xsi:schemaLocation="http://www.openarchives.org/OAI/2.0/ http://www.openarchives.org/OAI/2.0/OAI-PMH.xsd">
  <responseDate>2014-10-15T06:50:14Z</responseDate>
  <request verb="GetRecord" metadataPrefix="oai_dc" identifier="oai:kobv.de-opus4-tuberlin:1237">http://opus4.kobv.de/opus4-tuberlin/oai</request>
  <GetRecord>
    <record>
      <header>
        <identifier>oai:kobv.de-opus4-tuberlin:1237</identifier>
        <datestamp>2013-07-01</datestamp>
        <setSpec>doc-type:doctoralthesis</setSpec>
        <setSpec>bibliography:false</setSpec>
        <setSpec>ddc</setSpec>
        <setSpec>ddc:510</setSpec>
      </header>
      <metadata>
        <oai_dc:dc xmlns:oai_dc="http://www.openarchives.org/OAI/2.0/oai_dc/" xmlns:dc="http://purl.org/dc/elements/1.1/" xsi:schemaLocation="http://www.openarchives.org/OAI/2.0/oai_dc/ http://www.openarchives.org/OAI/2.0/oai_dc.xsd">
          <dc:title xml:lang="eng">Some properties of isotropic Brownian and Ornstein-Uhlenbeck flows</dc:title>
          <dc:title xml:lang="deu">Eigenschaften isotroper Brownscher und Ornstein-Uhlenbeckscher Flüsse</dc:title>
          <dc:creator>Dimitroff, Georgi</dc:creator>
          <dc:subject>ddc:510</dc:subject>
          <dc:description xml:lang="eng">In this thesis we study some macroscopic properties of isotropic Brownian flows (IBF) and isotropic Ornstein-Uhlenbeck flows (IOUF) in $ \R^d $ with $ d\ge2 $. \\ IBFs were studied extensively by Baxendale and Harris and independently by Le Jan. They are a very natural family of stochastic flows with independent and stationary increments and with a distribution, which is invariant with respect to spatial rigid motions on $ \R^d $. First we consider the asymptotics of the evolution of a smooth rectifiable curve under the action of an IBF. We provide almost sure lower and upper exponential bounds for the length of the curve and show that in case the top Lyapunov exponent is strictly negative the lower bound is attained with positive probability. In the case of a positive Lyapunov exponent we do not know if these bounds are attained, however we give a sufficient condition concerning the uniformity of the spatial spreading'' of the curve, under which the upper bound is attained a.s.. This might help the further research on the problem. \\ Further we consider the evolution of the volume of a set under the action of an IBF. This problem has also been studied by Le Jan, Darling and Kunita. Le Jan and Darling proved that in the case of a strictly negative top Lyapunov exponent the volume of a bounded set vanishes almost surely with time (even if its diameter grows). Le Jan has also shown that in the case of a positive Lyapunov exponent the volume does not vanish asymptotically with strictly positive probability. We show that if the IBF is near to the volume preserving case then the volume of an open set does persist (i.e.~does not converge to zero) almost surely. We also study the spatial distribution of the volume of an open set moved by the flow and prove that on a large scale there is a certain kind of asymptotic normality. Another question we consider is if an IBF with strictly positive probability uniformly shrinks a ball. Clearly this is not possible in the volume preserving case. We give an affirmative answer to this question under a certain nondegeneracy'' condition on the potential measure associated to the flow. \\ Unfortunately IBFs viewed as random dynamical systems do not have finite invariant measure and therefore many results and tools from ergodic theory do not apply to IBFs. This motivates the study of IBFs with drift ensuring the existence of an invariant probability measure, however some of the rich structure of the IBF is being lost. Nevertheless, in case this drift is linear, the flows we obtain inherit most of the properties from the IBFs without drift, e.g. the distance process is a diffusion. %and has the advantage of an invariant probability measure. We call them isotropic Ornstein-Uhlenbeck flows (IOUF). One of the central notions in the random dynamical systems theory is the notion of an attractor. We show that the isotropic Ornstein-Uhlenbeck flows have a global weak set attractor. Further we consider the statistical equilibrium of an IOUF. Exploiting the fact that IOUFs do have an invariant measure, we apply the results of Ledrappier and Young to show that the statistical equilibrium has a.s.~constant pointwise dimension almost everywhere and give a formula for this dimension.</dc:description>
          <dc:description xml:lang="deu">Die vorliegende Arbeit behandelt gewisse makroskopische Eigenschaften isotroper Brownscher Flüsse (IBF) und isotroper Ornstein-Uhlenbeckscher Flüsse auf $ \R^d $ mit $ d\ge2 $. \\ Die IBF, untersucht von Le Jan und Baxendale/Harris, sind eine Klasse von Flüssen mit unabhängigen und stationären Inkrementen und einer Verteilung, die invariant bezüglich starrer Bewegungen des $ \R^d $ ist. Zunächst befassen wir uns mit der zeitlichen Asymptotik der Länge einer rektifizierbaren Kurve unter dem Fluss. Wir liefern fast sichere exponentielle untere und obere Abschätzungen für diese Länge und zeigen, dass im Falle von strikt negativen Lyapunov Exponenten die untere Abschätzung mit positiver Wahrscheinlichkeit erreicht wird. Im Fall von positiven Lyapunov Exponenten wissen wir im allgemeinen nicht, ob diese Abschätzungen erreicht werden, allerdings geben wir eine hinreichende Bedingung über die Gleichmäßigkeit der räumlichen Verteilung des Bildes der Kurve, unter welcher f.s. die obere Abschätzung angenommen wird. Weiter befassen wir uns mit der Evolution des Volumens einer Borelmenge unter einem IBF. Diese Problematik wurde von Le Jan, Darling und Kunita behandelt. Le Jan und Darling haben unter anderem gezeigt, dass im Falle von strikt negativen Lyapunov Exponenten das Volumen asymptotisch für große Zeiten verschwindet, sogar wenn der Durchmesser der Menge wächst. Le Jan hat auch bewiesen, dass im Fall von strikt positiven Lyapunov Exponenten das Volumen mit positiver Wahrscheinlichkeit nicht verschwindet. Wir haben gezeigt, dass für IBF nahe dem volumenerhaltenden Fall, das Volumen einer offenen Menge f.s. überlebt. Wir behandeln die räumliche Verteilung der Menge und zeigen, dass sich asymptotisch eine Normalverteilung ergibt. Ein weiterer Schwerpunkt dieser Arbeit ist die Frage, ob mit positiver Wahrscheinlichkeit ein nichtvolumenerhaltender IBF eine Kugel strikt in sich selbst abbildet. Unter einer Nichtdegeneriertheits-Bedingung an das zugehörige Potentialmaß zeigen wir, dass in der Tat mit strikt positiver Wahrscheinlichkeit das Bild der Kugel zu einem festen Zeitpunkt uniform geschrumpft ist. Ein wesentlicher Nachteil der IBF ist die Tatsache, dass sie über kein invariantes Wahrscheinlichkeitsmaß verfügen und deshalb wichtige Resultate der Ergodentheorie nicht anwendbar sind. Dies motiviert die Betrachtung der IBF mit einem Drift, der die Existenz eines invarianten Wahrscheinlichkeitsmasses sichert. Allerdings geht dann ein Teil der reichen Struktur der IBF verloren. Dennoch, falls der zusätzliche Drift linear ist, bleiben die meisten Eigenschaften, z.B. dass der Abstandprozess eine Diffusion ist, erhalten. Diese Klasse nennen wir isotrope Ornstein-Uhlenbeck Flüsse (IOUF). Wir zeigen, dass jeder IOUF einen globalen schwachen Mengenattraktor besitzt. Ferner untersuchen wir das statistische Gleichgewicht eines IOUF. Da die IOUF invariante Wahrscheinlichkeitsmaße haben, können wir die Ergebnisse von Ledrappier und Young benutzen, um zu zeigen, dass das statistische Equilibrium eine fast sicher konstante punktweise Dimension fast überall besitzt und diese auch bestimmen.</dc:description>
          <dc:date>2006-03-31</dc:date>
          <dc:type>doctoralthesis</dc:type>
          <dc:type>doc-type:doctoralthesis</dc:type>
          <dc:format>application/pdf</dc:format>
          <dc:identifier>http://opus4.kobv.de/opus4-tuberlin/frontdoor/index/index/docId/1237</dc:identifier>
          <dc:identifier>urn:nbn:de:kobv:83-opus-12529</dc:identifier>
          <dc:identifier>http://nbn-resolving.de/urn/resolver.pl?urn:nbn:de:kobv:83-opus-12529</dc:identifier>
          <dc:identifier>http://opus4.kobv.de/opus4-tuberlin/files/1237/dimitroff_georgi.pdf</dc:identifier>
          <dc:language>eng</dc:language>
          <dc:rights>Deutsches Urheberrecht mit Print on Demand (u.a. für Dissertationen empfohlen)</dc:rights>
        </oai_dc:dc>
      </metadata>
    </record>
  </GetRecord>
</OAI-PMH>
