<?xml version="1.0" encoding="utf-8"?>
<?xml-stylesheet type="text/xsl" href="xsl/oai2.xsl"?><OAI-PMH xmlns="http://www.openarchives.org/OAI/2.0/" xmlns:xsi="http://www.w3.org/2001/XMLSchema-instance" xsi:schemaLocation="http://www.openarchives.org/OAI/2.0/ http://www.openarchives.org/OAI/2.0/OAI-PMH.xsd">
  <responseDate>2014-10-15T06:49:58Z</responseDate>
  <request verb="GetRecord" metadataPrefix="oai_dc" identifier="oai:kobv.de-opus4-tuberlin:1189">http://opus4.kobv.de/opus4-tuberlin/oai</request>
  <GetRecord>
    <record>
      <header>
        <identifier>oai:kobv.de-opus4-tuberlin:1189</identifier>
        <datestamp>2014-08-21</datestamp>
        <setSpec>doc-type:doctoralthesis</setSpec>
        <setSpec>bibliography:false</setSpec>
        <setSpec>ddc</setSpec>
        <setSpec>ddc:730</setSpec>
      </header>
      <metadata>
        <oai_dc:dc xmlns:oai_dc="http://www.openarchives.org/OAI/2.0/oai_dc/" xmlns:dc="http://purl.org/dc/elements/1.1/" xsi:schemaLocation="http://www.openarchives.org/OAI/2.0/oai_dc/ http://www.openarchives.org/OAI/2.0/oai_dc.xsd">
          <dc:title xml:lang="eng">Constitutive equations for Linear and long-chain-branched Polymer melts</dc:title>
          <dc:title xml:lang="deu">Zustandsgleichungen für lineare und langketten-verzweigte Polymerschmelzen</dc:title>
          <dc:creator>Kheirandish, Saeid</dc:creator>
          <dc:subject>ddc:730</dc:subject>
          <dc:description xml:lang="eng">The goal of the present work is to formulate constitutive equations based on experimental observations on melt behavior of linear and long-chain-branched polymers with special emphasis on the relation between molecular structure and rheology. First the relationship between molecular weight distribution of linear polymer melts and their linear viscoelasticity based on the double-reptation theory is discussed. It can be shown that the Newtonian viscosity exhibits little dependence on polydispersity, as opposed to he case of steady-state creep compliance which varies depending on polydispersity. The mentioned observations were only based on experimental observations, but lacked any structure-based proof. The nonlinear viscoelastic behavior of thermoplastic polymers is of critical importance in processing applications where the melt has a free surface and elongational stresses are dominant, such as film blowing and blow molding of hollow articles and foaming. The structure-based rheological constitutive equations start from phenomenological BKZ-type theories. Assuming an inter-chain pressure term in the Molecular Stress Function (MSF) theory a relatively simple, yet quantitatively precise description of elongational data of four monodisperse polystyrene melts of different molecular weights is possible. Subsequently, the MSF theory is generalized to describe polydisperse linear melts using a deformation energy model. The strain hardening behavior of long-chain-branched polymer melts shows a steeper rise as compared to linear melts and is defined by considering the relative number of side chains on the backbone. Analysis of elongational results on blends of linear and branched polymers reveals the surprising fact that the nonlinearity is fully dependent on the long-chain-branched component. There is also evidence of phase separation both in linear and in nonlinear deformation ranges. Printed version avaible from Universitätsverlag der TU Berlin [http://www.ub.tu-berlin.de/index.php?id=900].</dc:description>
          <dc:description xml:lang="deu">Ziel dieser Arbeit ist es, auf der Basis vorliegender experimenteller Befunde rheologische Zustandsgleichungen für lineare und langkettenverzweigte Polymerschmelzen zu formulieren, wobei insbesondere der Einfluss der molekularen Struktur auf die Rheologie untersucht wird. Zunächst wird der Zusammenhang zwischen der Molmassenverteilung linearer Po-lymerschmelzen und ihrem linear-viskoelastischen Verhalten betrachtet, wobei vom Konzept der “Double Reptation“ ausgegangen wird. Es gelingt der Nachweis, dass die Newtonsche Grenzviskosität nur in geringem Maße von der Polydispersität abhängt, ganz im Gegensatz zur Gleichgewichtsnachgiebigkeit. Diese Zusammenhänge waren zwar seit langem gesichertes empirisches Wissen, ein Verständnis auf mo-lekularer Basis aber fehlte bisher. Von großer Bedeutung für die Formgebung von thermoplastischen Polymerwerkstof-fen, die fast ausschließlich im Schmelzezustand erfolgt, ist deren nichtlinear-viskoelastisches Verhalten, bei Verarbeitungsprozessen mit freier Schmelzeoberflä-che wie beim Folienblasen, Hohlkörperblasen oder Schäumen insbesondere das Verhalten bei Dehndeformationen. Ausgehend von phänomenologischen Zustands-gleichungen vom BKZ-Typ wird zunächst die Entwicklung mikrostruktur-basierter rheologischer Zustandsgleichungen nachskizziert. Durch Berücksichtigung eines „In-terpressure“-Terms in die “Molecular Stress Function“ (MSF) Theorie gelingt dann eine überraschend einfache und dennoch quantitativ richtige Beschreibung der zeit-abhängigen und stationären Dehnviskositäten von vier monodispersen Polysty-rolschmelzen mit unterschiedlichen Molmassen. Die MSF-Theorie wird anschließend durch Einführung eines Deformationsenergie-Modells auf polydisperse lineare Po-lystyrolschmelzen ausgeweitet. Der bei langkettenverzweigten Polymerschmelzen beobachtete Dehnverfestigungs-anstieg, der steiler als bei polydispersen linearen Schmelzen ist, lässt sich auf Basis des MSF-Modells quantitativ auf den relativen Anteil der Seitenketten an der Mol-masse zurückführen. Die Analyse der Dehnrheologie von Mischungen linearer und verzweigter Polyethylenschmelzen führt zu dem überraschenden Ergebnis, dass die Nichtlinearität dieser Mischungen vollständig von der langkettenverzweigten Kompo-nente dominiert wird. Außerdem zeigen sich sowohl im linearen wie im nichtlinearen Beanspruchungsbereich Hinweise einer Phasenseparation. Gedruckte Version im Universitätsverlag der TU Berlin [http://www.ub.tu-berlin.de/index.php?id=900] erschienen.</dc:description>
          <dc:date>2006-01-20</dc:date>
          <dc:type>doctoralthesis</dc:type>
          <dc:type>doc-type:doctoralthesis</dc:type>
          <dc:format>application/pdf</dc:format>
          <dc:identifier>http://opus4.kobv.de/opus4-tuberlin/frontdoor/index/index/docId/1189</dc:identifier>
          <dc:identifier>urn:nbn:de:kobv:83-opus-11501</dc:identifier>
          <dc:identifier>http://nbn-resolving.de/urn/resolver.pl?urn:nbn:de:kobv:83-opus-11501</dc:identifier>
          <dc:identifier>3-7983-1997-9 </dc:identifier>
          <dc:identifier>http://opus4.kobv.de/opus4-tuberlin/files/1189/kheirandish_saeid.pdf</dc:identifier>
          <dc:language>eng</dc:language>
          <dc:rights>Deutsches Urheberrecht</dc:rights>
        </oai_dc:dc>
      </metadata>
    </record>
  </GetRecord>
</OAI-PMH>
