<?xml version="1.0" encoding="utf-8"?>
<?xml-stylesheet type="text/xsl" href="xsl/oai2.xsl"?><OAI-PMH xmlns="http://www.openarchives.org/OAI/2.0/" xmlns:xsi="http://www.w3.org/2001/XMLSchema-instance" xsi:schemaLocation="http://www.openarchives.org/OAI/2.0/ http://www.openarchives.org/OAI/2.0/OAI-PMH.xsd">
  <responseDate>2014-10-15T06:49:54Z</responseDate>
  <request verb="GetRecord" metadataPrefix="oai_dc" identifier="oai:kobv.de-opus4-tuberlin:1176">http://opus4.kobv.de/opus4-tuberlin/oai</request>
  <GetRecord>
    <record>
      <header>
        <identifier>oai:kobv.de-opus4-tuberlin:1176</identifier>
        <datestamp>2013-07-01</datestamp>
        <setSpec>doc-type:doctoralthesis</setSpec>
        <setSpec>bibliography:false</setSpec>
        <setSpec>ddc</setSpec>
        <setSpec>ddc:004</setSpec>
      </header>
      <metadata>
        <oai_dc:dc xmlns:oai_dc="http://www.openarchives.org/OAI/2.0/oai_dc/" xmlns:dc="http://purl.org/dc/elements/1.1/" xsi:schemaLocation="http://www.openarchives.org/OAI/2.0/oai_dc/ http://www.openarchives.org/OAI/2.0/oai_dc.xsd">
          <dc:title xml:lang="eng">Statistical Sampling for Non-Intrusive Measurements in IP Networks</dc:title>
          <dc:title xml:lang="deu">Einsatz von Stichprobenverfahren für passive Messungen in IP-Netzen</dc:title>
          <dc:creator>Zseby, Tanja</dc:creator>
          <dc:subject>ddc:004</dc:subject>
          <dc:description xml:lang="eng">Subject of this work is the investigation and assessment of statistical sampling methods for non-intrusive measurements in IP networks. Sampling methods here are used as a method to cope with growing requirements on measurement functions and post processing, caused by increasing data rates in Internet traffic. The goal is to provide recommendations for the use of sampling schemes and parameter settings and to allow an assessment of the estimation accuracy with the information available under real conditions. Two target applications are selected, for which the need for a reduction of the measurement effort is crucial, usage based accounting and the validation of quality guarantees in service level agreements (SLAs). A general taxonomy is developed for definition and differentiation of packet selection methods for measurements in IP networks. Based on this taxonomy and an assessment of related work in this area the most promising sampling methods are selected for an in-depth investigation. The selected methods are investigated by theoretical modeling and empirical tests with real traffic traces. They are compared with respect to their technical applicability to IP measurements, achievable estimation accuracy and expected resource consumption. A special focus is set on the investigation of stratified sampling methods. For these, classical statistics promise an accuracy gain without additional costs, if intelligent grouping of data can be applied by utilization of a-priori information. The incorporation of practical aspects from a real router vendor perspective was possible by a close cooperation with Cisco Systems, which funded parts of this work.</dc:description>
          <dc:description xml:lang="deu">Inhalt diese Arbeit ist die Untersuchung und Beurteilung von Stichprobenverfahren für den Einsatz bei passiven Messungen in IP Netzen. Stichprobenverfahren werden hier eingesetzt um die wachsenden Anforderungen an Messfunktionen und Nachbearbeitung zu bewältigen, die durch die steigenden Datenraten im Internet verursacht werden. Ziel ist es Empfehlungen für den Einsatz von Stichprobenverfahren und Parametereinstellungen zu erstellen und eine Beurteilung der Schätzgenauigkeit mit unter realen Bedingungen verfügbaren Informationen zu ermöglichen. Zwei Ziel-Anwendungen werden ausgewählt, für die eine Beschränkung des Messaufwands von essentieller Bedeutung ist, nutzungsbasierte Abrechnung und die Validierung von vertraglich vereinbarten Dienstgüten. Zunächst wird eine Taxonomie für die Definition und Unterscheidung von Paketselektionsverfahren für Messungen in IP Netzen entwickelt. Basierend auf dieser Taxonomie und einer Bewertung verwandter Arbeiten auf dem Gebiet werden die aussichtsreichsten Stichprobenverfahren für eine genauere Betrachtung ausgewählt. Die ausgewählten Verfahren werden mit theoretischer Modelbildung und praktischen Experimenten mit realen Verkehrsdaten untersucht. Die Verfahren werden anhand technischer Anwendbarkeit, erzielbarer Schätzgenauigkeit und erwartetem Ressourcenverbrauch verglichen. Ein Schwerpunkt wird auf die Untersuchung von geschichteten Selektionsverfahren gesetzt. Hier verspricht die klassische Statistik einen Genauigkeitsgewinn ohne Zusatzkosten, falls eine intelligente Gruppierung der Daten durch Verwendung von a-priori Informationen möglich ist. Die Berücksichtigung praktischer Aspekte aus Sicht eines realen Router-Herstellers war möglich durch eine enge Zusammenarbeit mit Cisco Systems, die einen Teil dieser Arbeit finanziert haben.</dc:description>
          <dc:date>2005-12-23</dc:date>
          <dc:type>doctoralthesis</dc:type>
          <dc:type>doc-type:doctoralthesis</dc:type>
          <dc:format>application/pdf</dc:format>
          <dc:identifier>http://opus4.kobv.de/opus4-tuberlin/frontdoor/index/index/docId/1176</dc:identifier>
          <dc:identifier>urn:nbn:de:kobv:83-opus-11856</dc:identifier>
          <dc:identifier>http://nbn-resolving.de/urn/resolver.pl?urn:nbn:de:kobv:83-opus-11856</dc:identifier>
          <dc:identifier>http://opus4.kobv.de/opus4-tuberlin/files/1176/zseby_tanja.pdf</dc:identifier>
          <dc:language>eng</dc:language>
          <dc:rights>Deutsches Urheberrecht mit Print on Demand (u.a. für Dissertationen empfohlen)</dc:rights>
        </oai_dc:dc>
      </metadata>
    </record>
  </GetRecord>
</OAI-PMH>
