<?xml version="1.0" encoding="utf-8"?>
<?xml-stylesheet type="text/xsl" href="xsl/oai2.xsl"?><OAI-PMH xmlns="http://www.openarchives.org/OAI/2.0/" xmlns:xsi="http://www.w3.org/2001/XMLSchema-instance" xsi:schemaLocation="http://www.openarchives.org/OAI/2.0/ http://www.openarchives.org/OAI/2.0/OAI-PMH.xsd">
  <responseDate>2014-10-15T06:44:40Z</responseDate>
  <request verb="GetRecord" metadataPrefix="oai_dc" identifier="oai:kobv.de-opus4-tuberlin:129">http://opus4.kobv.de/opus4-tuberlin/oai</request>
  <GetRecord>
    <record>
      <header>
        <identifier>oai:kobv.de-opus4-tuberlin:129</identifier>
        <datestamp>2013-07-01</datestamp>
        <setSpec>doc-type:doctoralthesis</setSpec>
        <setSpec>bibliography:false</setSpec>
        <setSpec>ddc</setSpec>
        <setSpec>ddc:150</setSpec>
      </header>
      <metadata>
        <oai_dc:dc xmlns:oai_dc="http://www.openarchives.org/OAI/2.0/oai_dc/" xmlns:dc="http://purl.org/dc/elements/1.1/" xsi:schemaLocation="http://www.openarchives.org/OAI/2.0/oai_dc/ http://www.openarchives.org/OAI/2.0/oai_dc.xsd">
          <dc:title xml:lang="deu">Der Paartraum als Zugang zu unbewußten Konflikten heutiger Paare unter kulturanalytischer Perspektive</dc:title>
          <dc:creator>Roth, Martina</dc:creator>
          <dc:subject>ddc:150</dc:subject>
          <dc:description xml:lang="deu">Der zentralen Hypothese, daß in den Träumen der Partner solche Vorstellungen von Partnerschaft, Männern und Frauen ausgedrückt werden, die nicht mehr oder noch nicht gesellschaftsfähig sind, wurde nachgegangen. Es wurden heutige kulturelle Tabus untersucht, die in die Partnerschaft hineinwirken. Um diese aufdecken zu können, wurden historische und gesellschaftliche Veränderungen des Paar- und Liebesideals sowie der Frauen- und Männerrolle seit Beginn des bürgerlichen Zeitalters herausgearbeitet und unter der Individualisierungstheorie nach Beck und Beck-Gernsheim zusammengefaßt. Den theoretisch-methodischen Rahmen dieser Arbeit lieferten die kulturanalytischen Ideen Lorenzers. Diese Theorie liefert neben psychoanalytischen Ansätzen zur Traumdeutung nach Freud und Morgenthaler den theoretisch-methodischen Rahmen zur Interpretation der Träume. Statt die Träume nur individual-psychoanalytisch zu deuten, wurden sie im Hinblick auf ihre gesellschaftlich verdrängten Inhalte analysiert. Paarträume sind die jeweiligen Träume der Partner in einer Beziehung. Die Partner erzählten sich und anderen Paaren ihre Träume in den Workshops einer sogenannten "Traumwerkstatt". Die Partner sowie die Gruppenmitglieder assoziierten zum Traum. Die wörtlichen Transskripte der 14 Träume sowie der Gruppenassoziationen bildeten das Datenmaterial, welches tiefenhermeneutisch und kulturanalytisch nach Lorenzer interpretiert wurde. In der Auswertung der Träume zeigte sich, daß sich die Freisetzung aus der traditionellen Frauen- und Männerrolle - wie es für Träume üblich ist - radikal ausgestaltet. In den Träumen wurden vielfältige Möglichkeiten hinsichtlich der Themen "neue Partnerschaftsmodelle" und "neue Rollenbilder" ausgemalt, die jedoch von der Gruppe abgewehrt wurden. Dies wurde vor dem Hintergrund kultureller Tabus diskutiert. Aus allen Träumen konnten wichtige gesellschaftliche Themen herausgearbeitet werden: die Bollwerksfunktion der Partnerschaft gegen in der Gesellschaft wahrgenommene Kältetendenzen, die Gleichheit vs. Differenz von Frauen und Männern, der Rollentausch vs. verinnerlichte Geschlechterrollen, der Selbstverwirklichungsdrang von Männern und Frauen vs. die Suche nach Regeln in der Partnerschaft. Die Arbeit analysiert Beziehungsdynamiken heutiger Paare vor dem Hintergrund der Individualisierung.</dc:description>
          <dc:date>2001-04-05</dc:date>
          <dc:type>doctoralthesis</dc:type>
          <dc:type>doc-type:doctoralthesis</dc:type>
          <dc:format>application/pdf</dc:format>
          <dc:identifier>http://opus4.kobv.de/opus4-tuberlin/frontdoor/index/index/docId/129</dc:identifier>
          <dc:identifier>urn:nbn:de:kobv:83-opus-1242</dc:identifier>
          <dc:identifier>http://nbn-resolving.de/urn/resolver.pl?urn:nbn:de:kobv:83-opus-1242</dc:identifier>
          <dc:identifier>http://opus4.kobv.de/opus4-tuberlin/files/129/roth_martina.pdf</dc:identifier>
          <dc:language>deu</dc:language>
          <dc:rights>Deutsches Urheberrecht mit Print on Demand (u.a. für Dissertationen empfohlen)</dc:rights>
        </oai_dc:dc>
      </metadata>
    </record>
  </GetRecord>
</OAI-PMH>
