<?xml version="1.0" encoding="utf-8"?>
<?xml-stylesheet type="text/xsl" href="xsl/oai2.xsl"?><OAI-PMH xmlns="http://www.openarchives.org/OAI/2.0/" xmlns:xsi="http://www.w3.org/2001/XMLSchema-instance" xsi:schemaLocation="http://www.openarchives.org/OAI/2.0/ http://www.openarchives.org/OAI/2.0/OAI-PMH.xsd">
  <responseDate>2014-10-15T06:49:05Z</responseDate>
  <request verb="GetRecord" metadataPrefix="oai_dc" identifier="oai:kobv.de-opus4-tuberlin:1059">http://opus4.kobv.de/opus4-tuberlin/oai</request>
  <GetRecord>
    <record>
      <header>
        <identifier>oai:kobv.de-opus4-tuberlin:1059</identifier>
        <datestamp>2013-07-01</datestamp>
        <setSpec>doc-type:doctoralthesis</setSpec>
        <setSpec>bibliography:false</setSpec>
        <setSpec>ddc</setSpec>
        <setSpec>ddc:540</setSpec>
      </header>
      <metadata>
        <oai_dc:dc xmlns:oai_dc="http://www.openarchives.org/OAI/2.0/oai_dc/" xmlns:dc="http://purl.org/dc/elements/1.1/" xsi:schemaLocation="http://www.openarchives.org/OAI/2.0/oai_dc/ http://www.openarchives.org/OAI/2.0/oai_dc.xsd">
          <dc:title xml:lang="deu">Herstellung von Metallkomplexen mit schwefelreichen Liganden</dc:title>
          <dc:creator>Chrzanowski, Lars Stefan von</dc:creator>
          <dc:subject>ddc:540</dc:subject>
          <dc:description xml:lang="deu">Die vorliegende Arbeit beschäftigt sich mit der Synthese und Charakterisierung von neuen Übergangsmetallkomplexen der ersten und zweiten Nebengruppe mit schwefelreichen Liganden. Die neuen Thiokronenetherkomplexe (1,4,7,10-Tetrathiacyclododecan)silber(I)trifluoromethansulfonat 5, Di(3,6,9,14-Tetrathiabicyclo-[9.2.1]tetradeca-11,13-dien)silber(I)trifluoromethansulfonat 6, (1,4,7,10,13,16-Hexathiacyclooctadecan)silber(I)trifluoromethansulfonat 7 und Diiodo(1,4,7,10,13,16-Hexathiacyclooctadecan)cadmium(II) 8 konnten synthetisiert und die Strukturen mithilfe der Einkristall-Röntgenstrukturanalyse aufgeklärt werden. Die Kristalle der Verbindungen 5 bis 7 setzten sich aus Triflatanion und dem entsprechenden [Ag(L)]+-Kation zusammen; 8 bildet eine Kettenstruktur aus. Mit dem Liganden 2,2-Dipyridyldisulfid (dpds) konnten Dichloro(dpds)zink(II) 9, Dibromo-(dpds)cadmium(II) 10, Diiodo(dpds)cadmium(II) 11, Diaquodi(trifluoromethansulfonato)- (dpds)cadmium(II) 12 und Diiodo(dpds)quecksilber(II) 13 hergestellt und mittels EinkristallRöntgenstrukturanalyse charakterisiert werden. Unter Schwefelabspaltung bildet sich der dimere Dichlorodi(2,2’-dipyridylsulfid)kupfer(II)-Komplex 14. 9 bis 11 kristallisieren in der allgemeinen Zusammensetzung [MX2(dpds)]; in 12 ist das Cadmium(II)zentralatom zusätzlich von zwei Wassermolekülen koordiniert. Die Verbindung 13 kristallisiert in einer Kettenstruktur. Bei den Synthesen der Ausgangsverbindungen konnten vier neue Einkristall-Röntgenstrukturen der Verbindungen 1,2,4,6-Tetrathiacycloheptan 1, 2,6-Dimercaptomethylpyridin 2, Dipyridyldimethyldisulfid-Hydrochlorid 3 und 2,2’,6,6’-Dipyridyldimethyldisulfid-Hydrochlorid 4 bestimmt werden. Die Einkristall-Röntgenstrukturen wurden mit in der Literatur bekannten Verbindungen in Bezug auf Bindungslängen und -winkel verglichen; für die Übergangsmetallkomplexe wurden auch die Koordinationsgeometrien am Zentralatom und der Aufbau des Kristallgitters betrachtet.</dc:description>
          <dc:date>2005-06-28</dc:date>
          <dc:type>doctoralthesis</dc:type>
          <dc:type>doc-type:doctoralthesis</dc:type>
          <dc:format>application/pdf</dc:format>
          <dc:identifier>http://opus4.kobv.de/opus4-tuberlin/frontdoor/index/index/docId/1059</dc:identifier>
          <dc:identifier>urn:nbn:de:kobv:83-opus-10438</dc:identifier>
          <dc:identifier>http://nbn-resolving.de/urn/resolver.pl?urn:nbn:de:kobv:83-opus-10438</dc:identifier>
          <dc:identifier>http://opus4.kobv.de/opus4-tuberlin/files/1059/chrzanowski_lars.pdf</dc:identifier>
          <dc:language>deu</dc:language>
          <dc:rights>Deutsches Urheberrecht mit Print on Demand (u.a. für Dissertationen empfohlen)</dc:rights>
        </oai_dc:dc>
      </metadata>
    </record>
  </GetRecord>
</OAI-PMH>
