<?xml version="1.0" encoding="utf-8"?>
<?xml-stylesheet type="text/xsl" href="xsl/oai2.xsl"?><OAI-PMH xmlns="http://www.openarchives.org/OAI/2.0/" xmlns:xsi="http://www.w3.org/2001/XMLSchema-instance" xsi:schemaLocation="http://www.openarchives.org/OAI/2.0/ http://www.openarchives.org/OAI/2.0/OAI-PMH.xsd">
  <responseDate>2014-10-15T06:44:35Z</responseDate>
  <request verb="GetRecord" metadataPrefix="oai_dc" identifier="oai:kobv.de-opus4-tuberlin:110">http://opus4.kobv.de/opus4-tuberlin/oai</request>
  <GetRecord>
    <record>
      <header>
        <identifier>oai:kobv.de-opus4-tuberlin:110</identifier>
        <datestamp>2013-07-01</datestamp>
        <setSpec>doc-type:doctoralthesis</setSpec>
        <setSpec>bibliography:false</setSpec>
        <setSpec>ddc</setSpec>
        <setSpec>ddc:550</setSpec>
      </header>
      <metadata>
        <oai_dc:dc xmlns:oai_dc="http://www.openarchives.org/OAI/2.0/oai_dc/" xmlns:dc="http://purl.org/dc/elements/1.1/" xsi:schemaLocation="http://www.openarchives.org/OAI/2.0/oai_dc/ http://www.openarchives.org/OAI/2.0/oai_dc.xsd">
          <dc:title xml:lang="deu">Integrierte Modelle zur Physikalischen Interpretation Geodätischer Deformationsuntersuchungen</dc:title>
          <dc:title xml:lang="eng">Integrated Model for Physical Interpretation of Geodetic Deformation studies</dc:title>
          <dc:creator>Milev, Ivo</dc:creator>
          <dc:subject>ddc:550</dc:subject>
          <dc:description xml:lang="deu">In der Arbeit werden zunächst die für Deformationsuntersuchungen geeigneten Mess- , Auswerte- Analysemethoden und Interpretationsmodelle zusammengestellt. Da die hieraus abgeleiteten Verschiebungen interpretiert werden müssen, wurde ein integrierter Lösungsansatz entwickelt, der sowohl geodätische als auch mechanische Beziehungen berücksichtigt. Dieser wurde an verschiedenen Arten von Untersuchungsobjekten erprobt. Eine verallgemeinerte Beziehung zwischen Variationsmethoden der Mechanik und dem Allgemeinfall der Ausgleichungsrechnung nach der Methode der kleinsten Quadrate (MKQ) wurde hergeleitet und die Lösungen nach MKQ auf mechanische Variationsmodelle übertragen. Diese führen über die Lagrangefunktion mit Multiplikatoren zu einem erweiterten Modell für das Energiepotential. Ausgehend von den durchgeführten Untersuchungen wird als allgemeinstes Deformationsanalysemodell ein Ansatz nach dem erweiterten Hamilton´schen Prinzip vorgeschlagen. Auch hierfür wird ein integrierter Lösungsansatz empfohlen.</dc:description>
          <dc:description xml:lang="eng">The presented integrated model for interpretation of measured displacements includes geodetic and mechanic relationships. This general relationship between the variation principle of the mechanic and the general case of the least square adjustment will be deliver, and the geodetic calculation methods applied for use of variation objectives. This contents the LaGrange function with multipliers and presents a extended model for the potential. The complex deformation model based on the extended dynamical Hamilton's principle will be established and as integrated solution recommended.</dc:description>
          <dc:date>2001-06-20</dc:date>
          <dc:type>doctoralthesis</dc:type>
          <dc:type>doc-type:doctoralthesis</dc:type>
          <dc:format>application/pdf</dc:format>
          <dc:identifier>http://opus4.kobv.de/opus4-tuberlin/frontdoor/index/index/docId/110</dc:identifier>
          <dc:identifier>urn:nbn:de:kobv:83-opus-1053</dc:identifier>
          <dc:identifier>http://nbn-resolving.de/urn/resolver.pl?urn:nbn:de:kobv:83-opus-1053</dc:identifier>
          <dc:identifier>http://opus4.kobv.de/opus4-tuberlin/files/110/milev_ivo.pdf</dc:identifier>
          <dc:language>deu</dc:language>
          <dc:rights>Deutsches Urheberrecht mit Print on Demand (u.a. für Dissertationen empfohlen)</dc:rights>
        </oai_dc:dc>
      </metadata>
    </record>
  </GetRecord>
</OAI-PMH>
