<?xml version="1.0" encoding="utf-8"?>
<?xml-stylesheet type="text/xsl" href="xsl/oai2.xsl"?><OAI-PMH xmlns="http://www.openarchives.org/OAI/2.0/" xmlns:xsi="http://www.w3.org/2001/XMLSchema-instance" xsi:schemaLocation="http://www.openarchives.org/OAI/2.0/ http://www.openarchives.org/OAI/2.0/OAI-PMH.xsd">
  <responseDate>2014-10-15T06:51:00Z</responseDate>
  <request verb="GetRecord" metadataPrefix="oai_dc" identifier="oai:kobv.de-opus4-tuberlin:1414">http://opus4.kobv.de/opus4-tuberlin/oai</request>
  <GetRecord>
    <record>
      <header>
        <identifier>oai:kobv.de-opus4-tuberlin:1414</identifier>
        <datestamp>2013-07-01</datestamp>
        <setSpec>doc-type:doctoralthesis</setSpec>
        <setSpec>bibliography:false</setSpec>
        <setSpec>ddc</setSpec>
        <setSpec>ddc:500</setSpec>
      </header>
      <metadata>
        <oai_dc:dc xmlns:oai_dc="http://www.openarchives.org/OAI/2.0/oai_dc/" xmlns:dc="http://purl.org/dc/elements/1.1/" xsi:schemaLocation="http://www.openarchives.org/OAI/2.0/oai_dc/ http://www.openarchives.org/OAI/2.0/oai_dc.xsd">
          <dc:title xml:lang="deu">Untersuchungen zum Mischungsverhalten von  flüssigkristallinen Polyurethanen mit herkömmlichen  Polyurethanen und mit Vinylchloridpolymeren</dc:title>
          <dc:title xml:lang="eng">Research on the properties of blends of liquid crystalline polyurethanes with common polyurethanes and with vinyl chloride polymers</dc:title>
          <dc:creator>Dany, Raimund</dc:creator>
          <dc:subject>ddc:500</dc:subject>
          <dc:description xml:lang="deu">In der vorliegenden Arbeit wurden Mischungs- und Phasenverhalten sowie die mechanischen Eigenschaften von Mischungen von nichtsegmentierten (LCPU) und segmentierten (SLCPU) flüssigkristallinen Polyurethanen mit herkömmlichen Polyurethanen und mit Vinylchloridpolymeren untersucht. Als mesogene Komponente im flüssigkristallinen Polyurethan wurde 4,4’-Bis(w-hydroxyhexoxy)biphenyl eingesetzt, als Diisocyanat 2,4-Toluylendiisocyanat (TDI) sowie in den Mischungen mit den Vinylchloridpolymeren auch 4,4’-Diphenylmethandiisocyanat (MDI). Die segmentierten flüssigkristallinen Polyurethane enthielten Weichsegmente aus Polybutylenadipat. Nach der Herstellung über die Lösung wurde keine Mischbarkeit des LCPU bzw. des Hartsegments des SLCPU mit den herkömmlichen Polymeren beobachtet. Nach Erhitzen der Mischungen über die Kristallitschmelzpunkte und raschem Abkühlen kam es jedoch zu partieller Mischbarkeit mit herkömmlichen MDI-Polyurethanen mit kurzem Weichsegment (Mn = 600 g/mol). In den Mischungen des LCPU mit Vinylchloridpolymeren zeigte sich nach Erhitzen und raschem Abkühlen ein überproportional hoher Anteil an LC-Glas-Phase. Kurze (Mn = 600 g/mol) Weichsegmente der SLCPU sind mit den Vinylchloridpolymeren partiell mischbar, längere vollständig. Auch mit Weichsegmenten herkömmlicher MDI-Polyurethane sind die SLCPU-Weichsegmente vollständig mischbar, mit den herkömmlichen TDI-Polyurethane nur, wenn das herkömmliche TDI-Polyurethan weniger Urethan- als Estergruppen enthält. Schon geringe Anteile von LCPU führen zu einer erhöhten Sprödigkeit der Mischungen. Hingegen kommt es in den Mischungen eines SLCPU mit TDI-Polyurethanen zu einer Erhöhung der Zugfestigkeit, in den Mischungen mit MDI-Polyurethanen zu einer Erhöhung der Reißdehnung.</dc:description>
          <dc:description xml:lang="eng">In this work the miscibility, phase behaviour and mechanical properties of blends of nonsegmented (LCPU) and segmented (SLCPU) liquid crystalline polyurethanes with conventional polyurethanes and vinyl chloride polymers were studied. The mesogenic component of the liquid crystalline polyurethanes was 4,4‘-bis(6-hydroxyhexoxy) biphenyl, the diisocyanate 2,4-tolylene diisocyanate (TDI) and in the blends with vinyl chloride polymers also 4,4’-diphenyl methane diisocyanate (MDI). The soft segments were composed of poly(butylene adipates). After solution blending no miscibility of the LCPU or the SLCPU hard segment with the common polymers was observed. However, when the blend was heated above the crystallite melting temperature and cooled down rapidly partial miscibility with short (Mn = 600 g/mol) soft segments of conventional MDI polyurethanes was observed. Blends of LCPU and vinyl chloride polymers showed a disproportionately high portion of liquid crystal glass phase . Short (Mn = 600 g/mol) soft segments of the SLCPUs are partially miscible with vinyl chloride polymers, longer soft segments are completely miscible. The SLCPU soft segment is also completely miscible with the soft segments of the MDI polyurethanes. Complete miscibility with the conventional TDI polyurethanes can only be accomplished when the conventional polyurethane contains less urethane than ester groups. Even small portions of LCPU in the blends lead to an increase of brittleness. Blends of SLCPU with TDI polyurethanes, however, show a higher than proportional increase of tensile strength, blends with MDI polyurethanes a higher than proportional increase of elongation at break.</dc:description>
          <dc:date>2007-01-05</dc:date>
          <dc:type>doctoralthesis</dc:type>
          <dc:type>doc-type:doctoralthesis</dc:type>
          <dc:format>application/pdf</dc:format>
          <dc:identifier>http://opus4.kobv.de/opus4-tuberlin/frontdoor/index/index/docId/1414</dc:identifier>
          <dc:identifier>urn:nbn:de:kobv:83-opus-14538</dc:identifier>
          <dc:identifier>http://nbn-resolving.de/urn/resolver.pl?urn:nbn:de:kobv:83-opus-14538</dc:identifier>
          <dc:identifier>http://opus4.kobv.de/opus4-tuberlin/files/1414/dany_raimund.pdf</dc:identifier>
          <dc:language>deu</dc:language>
          <dc:rights>Deutsches Urheberrecht mit Print on Demand (u.a. für Dissertationen empfohlen)</dc:rights>
        </oai_dc:dc>
      </metadata>
    </record>
  </GetRecord>
</OAI-PMH>
