<?xml version="1.0" encoding="utf-8"?>
<?xml-stylesheet type="text/xsl" href="xsl/oai2.xsl"?><OAI-PMH xmlns="http://www.openarchives.org/OAI/2.0/" xmlns:xsi="http://www.w3.org/2001/XMLSchema-instance" xsi:schemaLocation="http://www.openarchives.org/OAI/2.0/ http://www.openarchives.org/OAI/2.0/OAI-PMH.xsd">
  <responseDate>2014-10-15T06:50:27Z</responseDate>
  <request verb="GetRecord" metadataPrefix="oai_dc" identifier="oai:kobv.de-opus4-tuberlin:1296">http://opus4.kobv.de/opus4-tuberlin/oai</request>
  <GetRecord>
    <record>
      <header>
        <identifier>oai:kobv.de-opus4-tuberlin:1296</identifier>
        <datestamp>2013-07-01</datestamp>
        <setSpec>doc-type:doctoralthesis</setSpec>
        <setSpec>bibliography:false</setSpec>
        <setSpec>ddc</setSpec>
        <setSpec>ddc:620</setSpec>
      </header>
      <metadata>
        <oai_dc:dc xmlns:oai_dc="http://www.openarchives.org/OAI/2.0/oai_dc/" xmlns:dc="http://purl.org/dc/elements/1.1/" xsi:schemaLocation="http://www.openarchives.org/OAI/2.0/oai_dc/ http://www.openarchives.org/OAI/2.0/oai_dc.xsd">
          <dc:title xml:lang="deu">Reform des Lehrgebiets Abfallwirtschaft in ingenieurtechnischen Studiengängen</dc:title>
          <dc:title xml:lang="eng">Innovating the field of knowledge of waste management in engineering education</dc:title>
          <dc:creator>Baron, Mechthild</dc:creator>
          <dc:subject>ddc:620</dc:subject>
          <dc:description xml:lang="deu">In der vorliegenden Arbeit werden die Methoden der Lernzielermittlung auf ihre Eignung für die Aktualisierung eines Hochschulcurriculums am Beispiel des Berufsfelds Abfallwirtschaft geprüft. Ziel ist eine Abschätzung der für die kommenden zehn Jahre relevanten Entwicklungen der Abfallwirtschaft anhand nachvollziehbarer und belastbarer Untersuchungen. Zur Anwendung kommen die Methoden Absolventenbefragung, Stellenanzeigenanalyse, Expertenbefragung und Auswertung von Entwicklungstendenzen in Politik, Recht und Forschungsförderung. Soweit eine Gewichtung und Auswahl der Ergebnisse notwendig und möglich ist, wird diese vorgenom-men. Anhand der Gegenüberstellung der Untersuchungsergebnisse können 35 zukunftsrelevante Themenfelder identifiziert werden. Die Verknüpfung dieser Themenfelder führt zur Festlegung von Themenclustern, die die Grundlage für die Modularisierung der Studienangebote bilden können: • Cluster I: Schadstoffe und Problemabfälle • Cluster II: Technikoptimierung • Cluster III: Recycling • Cluster IV: Rahmenbedingungen der Abfallwirtschaft Die spezifischen fachlichen Inhalte werden in einem Lernzielkatalog auf Qualifikations- und Handlungsebene formuliert. Durch die breite Streuung und den großen Umfang des Katalogs können die Hochschulen durch eine gezielte Auswahl von Clustern oder auch Lernzielen das eigene Profil durch eine klare Schwerpunktsetzung schärfen. Der Katalog kann daher für alle Arten von Studienangeboten – von grundständigen Ingenieurstudiengängen über Schwerpunktstudiengänge bis hin zu Aufbaustudiengängen – als Anregung für die Aktualisierung der Lehrinhalte dienen.</dc:description>
          <dc:description xml:lang="eng">Due to the needs of the Bologna Declaration future courses of studies at universities should prepare the students for the labour market. Quality standards shall assure the employability of the graduates. The employability depends on the development of the occupational area, which should be monitored continuously. In this thesis methods of the curriculum development are analysed and adopted to identify future topics in the field of waste management: Interviews with alumni and national experts by means of questionnaires, the analysis of job advertisements and the exploration of the development of laws, research and politics resulted in 4 the-matic clusters with 35 topics: • Cluster I: Hazardous waste • Cluster II: Improvement of waste treatment • Cluster III: Recycling • Cluster IV: General framework of waste management In addition 17 key qualities were identified which are necessary for engineers in the field of waste management. Based on these results a catalogue of learning targets is shaped.</dc:description>
          <dc:date>2006-07-04</dc:date>
          <dc:type>doctoralthesis</dc:type>
          <dc:type>doc-type:doctoralthesis</dc:type>
          <dc:format>application/pdf</dc:format>
          <dc:identifier>http://opus4.kobv.de/opus4-tuberlin/frontdoor/index/index/docId/1296</dc:identifier>
          <dc:identifier>urn:nbn:de:kobv:83-opus-13242</dc:identifier>
          <dc:identifier>http://nbn-resolving.de/urn/resolver.pl?urn:nbn:de:kobv:83-opus-13242</dc:identifier>
          <dc:identifier>http://opus4.kobv.de/opus4-tuberlin/files/1296/baron_mechthild.pdf</dc:identifier>
          <dc:language>deu</dc:language>
          <dc:rights>Deutsches Urheberrecht mit Print on Demand (u.a. für Dissertationen empfohlen)</dc:rights>
        </oai_dc:dc>
      </metadata>
    </record>
  </GetRecord>
</OAI-PMH>
