<?xml version="1.0" encoding="utf-8"?>
<?xml-stylesheet type="text/xsl" href="xsl/oai2.xsl"?><OAI-PMH xmlns="http://www.openarchives.org/OAI/2.0/" xmlns:xsi="http://www.w3.org/2001/XMLSchema-instance" xsi:schemaLocation="http://www.openarchives.org/OAI/2.0/ http://www.openarchives.org/OAI/2.0/OAI-PMH.xsd">
  <responseDate>2014-10-15T06:51:02Z</responseDate>
  <request verb="GetRecord" metadataPrefix="oai_dc" identifier="oai:kobv.de-opus4-tuberlin:1426">http://opus4.kobv.de/opus4-tuberlin/oai</request>
  <GetRecord>
    <record>
      <header>
        <identifier>oai:kobv.de-opus4-tuberlin:1426</identifier>
        <datestamp>2013-07-01</datestamp>
        <setSpec>doc-type:doctoralthesis</setSpec>
        <setSpec>bibliography:false</setSpec>
        <setSpec>ddc</setSpec>
        <setSpec>ddc:530</setSpec>
      </header>
      <metadata>
        <oai_dc:dc xmlns:oai_dc="http://www.openarchives.org/OAI/2.0/oai_dc/" xmlns:dc="http://purl.org/dc/elements/1.1/" xsi:schemaLocation="http://www.openarchives.org/OAI/2.0/oai_dc/ http://www.openarchives.org/OAI/2.0/oai_dc.xsd">
          <dc:title xml:lang="eng">Noise-induced pattern formation in excitable media</dc:title>
          <dc:title xml:lang="deu">Rausch-induzierte Musterbildung in erregbaren Medien</dc:title>
          <dc:creator>Beato, Valentina</dc:creator>
          <dc:subject>ddc:530</dc:subject>
          <dc:description xml:lang="eng">In the present work we study spontaneous formation of spatio-temporal patterns in excitable media, where external fluctuations with spatial and temporal correlation are present. We firstly restrict us to single excitable elements without spatial coupling and thereby we analyse numerically two different excitable models: the FitzHugh-Nagumo model for the action potential variations in a neuron, and the Oregonator model for the light-sensitive Belousov-Zhabotinsky reaction. In both models external fluctuations are taken into account in the excitability parameter. We show that beside the noise intensity, also the correlation time is able to control the coherence of the system response to noise. An excitable element is brought from an highly incoherent regime to a coherent one by an appropriate choice of the correlation time. This effect has been found both in the FitzHugh-Nagumo model driven by an Ornstein-Uhlenbeck process and in the Oregonator model driven by a dichotomous telegraph signal. In the latter case we are able to connect the optimal correlation time, for which the system behaviour is most coherent, with a characteristic time scale of the system. We develop an experimental set-up to study the coherence of noise induced activity in the light-sensitive Belousov-Zhabotinsky reaction. By tracking the noise induced nucleations we are able to analyse the coherence properties of the reaction under fluctuating light intensity. The experimental measures accurately reproduce what found with simulations in the Oregonator model. We introduce spatial diffusive coupling in the Oregonator model and we study the statio-temporal patterns induced under conditions of fluctuating excitability. Here both spatial and temporal correlations have been considered. We find that also the tuning of the correlation length allows to enhance the coherence of the system behaviour. Choosing both correlation time and length appropriately highly spatially and temporally coherent patterns emerge in the excitable medium. Furthermore, we are concerned with the control of stochastic media in which the parameters of noise are typically not-adjustable. For this purpose we propose a nonlinear delayed feedback scheme which already gave good results for the control of excitable elements. We show that upon variations of the time delay, it is possible to deliberately increase or decrease both spatial and temporal coherence, and adjust the timescales of the controlled dynamics. This has been studied numerically in the Oregonator model with diffusive coupling. Finally we turn our attention to propagating pulse trains in excitable media. We show in the framework of a small-noise expansion that all the noise parameters, intensity, correlation time and length, are control parameters for the pulse propagation velocity. This issue is investigated with a numerical tool borrowed to the computational bifurcation analysis in a two-component Oregonator model, and with direct simulations of a three-component Oregonator model.</dc:description>
          <dc:description xml:lang="deu">In der vorliegenden Arbeit untersuchen wir spontane raum-zeitliche Strukturbildungsprozesse in erregbaren Systemen, die äußeren Fluktuationen mit endlicher Korrelationszeit und Korrelationslänge unterworfen sind. Zunächst beschränken wir uns auf einzelne, räumlich nicht untereinander gekoppelte erregbare Elemente. Wir untersuchen zwei verschiedene Modelle erregbaren Verhaltens: Das FitzHugh-Nagumo Modell der biologischen Erregungsleitung für das Aktionspotenzial in einem Neuron und das Oregonator Modell für die lichtempfindliche Belousov-Zhabotinsky Reaktion. In beiden Modellen werden die externen Fluktuationen über die Höhe der Anregungsschwelle an die nichtlineare Dynamik angekoppelt. Wir zeigen, dass neben der Intensität des Rauschens auch die Korrelationszeit die Kohärenz der Systemantwort beeinflussen kann und bestimmen die optimale Korrelationszeit, bei der die Fluktuationen maximal kohärentes Verhalten im System induzieren. Diese Kohärenzresonanz bezüglich der Korrelationszeit des Rauschens haben wir sowohl für den Ornstein-Uhlenbeck Prozess im FitzHugh-Nagumo Modell als auch für ein dichotomes Rauschen im Oregonator Modell nachgewiesen. Im letzteren Fall war die optimale Korrelationszeit in der Größenordnung der Anregungszeit. Zur experimentellen Überprüfung dieser Ergebnisse haben wir einen Messplatz zur photometrischen Verfolgung der Musterbildung in einem lichtempfindlichen Belousov-Zhabotinsky Medium unter den Bedingungen räumlich und zeitlich fluktuierender Lichtintensität entwickelt. Unsere experimentellen Ergebnisse stimmen gut mit den numerischen Simulationen des Oregonator-Modells überein. Danach betrachten wir ein erregbares Medium mit diffusiver Kopplung zwischen den einzelnen Elementen und untersuchen den Einfluss farbigen Rauschens auf die Ausbildung raum-zeitlicher Muster. Dabei werden sowohl zeitliche als auch räumliche Korrelationen berücksichtigt. Wir zeigen, dass eine optimale Einstellung der Korrelationslänge die Kohärenz der stochastisch induzierten Muster verbessert. Eine weitere Erhöhung der Kohärenz lässt sich durch rückkopplungsgestützte Kontrolle erreichen. Im Fall zeitverzögerter Rückkopplung können wir die räumliche und zeitliche Kohärenz sowie die charakteristischen räumlichen und zeitlichen Skalen der Muster über die Verzögerungszeit steuern. Zum Schluss richten wir unsere Aufmerksamkeit auf periodische Wellenzüge, die sich in erregbaren Medien mit fluktuierender Anregungsschwelle ausbreiten. Im Rahmen einer störungstheoretischen Betrachtung berechnen wir für den Fall kleiner Rauschintensität die Abhängigkeit der Ausbreitungsgeschwindigkeit von der Stärke, der Korrelationszeit und der Korrelationslänge der Fluktuationen. In diesem Zusammenhang diskutieren wir u.a. fluktuationsinduzierte Formen der anormalen Dispersion von Pulsfolgen, die bisher nur in deterministischen Systemen beobachtet wurden.</dc:description>
          <dc:date>2007-01-19</dc:date>
          <dc:type>doctoralthesis</dc:type>
          <dc:type>doc-type:doctoralthesis</dc:type>
          <dc:format>application/pdf</dc:format>
          <dc:identifier>http://opus4.kobv.de/opus4-tuberlin/frontdoor/index/index/docId/1426</dc:identifier>
          <dc:identifier>urn:nbn:de:kobv:83-opus-14190</dc:identifier>
          <dc:identifier>http://nbn-resolving.de/urn/resolver.pl?urn:nbn:de:kobv:83-opus-14190</dc:identifier>
          <dc:identifier>http://opus4.kobv.de/opus4-tuberlin/files/1426/beato_valentina.pdf</dc:identifier>
          <dc:language>eng</dc:language>
          <dc:rights>Deutsches Urheberrecht mit Print on Demand (u.a. für Dissertationen empfohlen)</dc:rights>
        </oai_dc:dc>
      </metadata>
    </record>
  </GetRecord>
</OAI-PMH>
