<?xml version="1.0" encoding="utf-8"?>
<?xml-stylesheet type="text/xsl" href="xsl/oai2.xsl"?><OAI-PMH xmlns="http://www.openarchives.org/OAI/2.0/" xmlns:xsi="http://www.w3.org/2001/XMLSchema-instance" xsi:schemaLocation="http://www.openarchives.org/OAI/2.0/ http://www.openarchives.org/OAI/2.0/OAI-PMH.xsd">
  <responseDate>2014-10-15T06:50:57Z</responseDate>
  <request verb="GetRecord" metadataPrefix="oai_dc" identifier="oai:kobv.de-opus4-tuberlin:1402">http://opus4.kobv.de/opus4-tuberlin/oai</request>
  <GetRecord>
    <record>
      <header>
        <identifier>oai:kobv.de-opus4-tuberlin:1402</identifier>
        <datestamp>2013-07-01</datestamp>
        <setSpec>doc-type:doctoralthesis</setSpec>
        <setSpec>bibliography:false</setSpec>
        <setSpec>ddc</setSpec>
        <setSpec>ddc:300</setSpec>
      </header>
      <metadata>
        <oai_dc:dc xmlns:oai_dc="http://www.openarchives.org/OAI/2.0/oai_dc/" xmlns:dc="http://purl.org/dc/elements/1.1/" xsi:schemaLocation="http://www.openarchives.org/OAI/2.0/oai_dc/ http://www.openarchives.org/OAI/2.0/oai_dc.xsd">
          <dc:title xml:lang="deu">Soziale Mobilität im ostdeutschen Transformationsprozess. Eine Untersuchung zur subjektiven Auf- und Abstiegswahrnehmung aus qualitativer kontrolltheoretischer Sicht</dc:title>
          <dc:title xml:lang="eng">Social mobility in the East German transformation process. An investigation of the subjective experience of social ascent and descent from the perspective of Qualitative Control Theory</dc:title>
          <dc:creator>Cornelsen, Inge</dc:creator>
          <dc:subject>ddc:300</dc:subject>
          <dc:description xml:lang="deu">Die Arbeit verfolgt die Absicht, einen Beitrag zur qualitativen Mobilitätsforschung auf der subjektiven Mikro-Ebene zu leisten. Zeitlicher und räumlicher Bezugsrahmen ist die erste Phase des ostdeutschen Transformationsprozesses. Die Fragestellungen sind: - Wie vollzieht sich die individuelle Auseinandersetzung mit subjektiven transformations-bedingten Mobilitätserlebnissen? - Wie gelingt es des Menschen, mit den gewachsenen Unsicherheiten und den neu gewon-nenen Möglichkeiten umzugehen? Diese Fragen werden am Beispiel von Personen untersucht, die sich selbst als wendebedingte Aufsteiger bzw. Absteiger bezeichnet haben. Die Datenlage basiert auf qualitativen Interviews. Ein kontrolltheoretisches Modell, bei dem zwischen primärer und sekundärer Kontrollorientierung unterschieden wird (Rothbaum/Weisz/Snyder 1982; Heckhausen/Schulz 1995), bildet die theoretische Grundlage. Ausgehend von vier Hypothesen - zur Asymmetrie, Selbstzentrierung, Ambivalenz und Inkonsistenz - wird angenommen, dass sich Auf- und Absteiger in ihren Kontrollorientierungen grundlegend unter-scheiden. Es wird vermutet, dass sich die Aufsteiger in ihren präferierten Kontrollorientierungen bestätigt sehen, während für die Absteiger das eigene Kontrollmanagement durch die vielfältigen Diskrepanzerfahrungen großen Belastungen ausgesetzt ist und häufig in Frage gestellt wird. Mögliche Folgen sind ein Kontrollverlust und/oder die Notwendigkeit, die eigene, präferierte Kontrollorientierung ändern zu müssen. Die Untersuchungsergebnisse bestätigen die Vermutungen in den wesentlichen Punkten. Bereits die Anzahl und die Länge der kontrolltheoretisch relevanten Aussagen sind bei den Absteigern um ein Mehrfaches höher als bei den Aufsteigern. Infolgedessen ist in diesem Fall die Analyse der Interviews mit den Absteigern besonders ergiebig. Bei Personen mit abgeschwächter Mobilitätswahrnehmung sind zwei Kontrollmotive zu erkennen: Das Herstellen von biographischer Kontinuität, um Kontrolle zurück zu gewinnen, und der Versuch, die neue Lebenssituation als Herausforderung anzusehen. Bei Personen mit konstanter Abstiegswahr-nehmung finden sich zahlreiche Aussagen, die die Hypothesen zur Ambivalenz und zur Inkonsistenz bestätigen. Die präferierte Kontrollorientierung wird bei ihnen in vielfacher Weise auf die Probe gestellt. Sie sehen sich gezwungen, ihre Einstellungen und/oder Verhaltensweisen einem grundlegenden Wandel zu unterziehen, was zu tiefgreifenden persönlichen Irritationen und dem subjektiven Eindruck der sozialen Marginalisierung führen kann.</dc:description>
          <dc:description xml:lang="eng">This study is intended as a contribution to qualitative mobility research at the subjective, micro level. Its geographical and historical frame of reference is the first phase of the East German transformation process. The following questions are investigated: - How do individuals deal with their subjective experiences of mobility resulting from the transformation process? - How do people cope with the new uncertainties and opportunities that arise? To answer these questions, the study looks at a number of people who self-define as having risen or fallen socially as a result of German reunification. The data is based on qualitative interviews. The theoretical basis for the study is a Control Theory model distinguishing between primary and secondary control orientation (Rothbaum/ Weisz/Snyder 1982; Heckhausen/Schulz 1995). Four hypotheses are proposed – regarding asymmetry, self-centring, ambivalence, and inconsistency. On the basis of these hypotheses it is assumed that those who have risen or fallen socially differ fundamentally in terms of their control orientation. It is conjectured that those who have risen socially see themselves as justified in their preferred control orientation. By contrast, the personal control management of those have fallen socially is subject to great pressure and frequently called into question as a result of the many and varied discrepancy experiences. The possible consequences are loss of control and/or the necessity of changing one's own, preferred control orientation. The results of the investigation support the key elements of these assumptions. Even on a superficial level, the number and length of the statements relevant from the point of view of Control Theory are many times greater for those who self-define as having fallen socially than for those who have risen socially. Consequently, analyzing the interviews with those who have fallen socially is particularly revealing. Two control features can be identified for people who perceive their mobility as being weaker: The first is the creation of biographical continuity in order to regain control; the second is the attempt to view their new situation in life as a challenge. The interviews with people experiencing constant social decline contain many statements confirming the hypotheses on ambivalence and inconsistency. Their preferred control orientation is put to the test in many different ways. They feel compelled to alter their attitudes and/or their behaviour fundamentally, which can lead to profound personal disturbance and a subjective impression of social marginalisation.</dc:description>
          <dc:date>2006-12-20</dc:date>
          <dc:type>doctoralthesis</dc:type>
          <dc:type>doc-type:doctoralthesis</dc:type>
          <dc:format>application/pdf</dc:format>
          <dc:identifier>http://opus4.kobv.de/opus4-tuberlin/frontdoor/index/index/docId/1402</dc:identifier>
          <dc:identifier>urn:nbn:de:kobv:83-opus-14436</dc:identifier>
          <dc:identifier>http://nbn-resolving.de/urn/resolver.pl?urn:nbn:de:kobv:83-opus-14436</dc:identifier>
          <dc:identifier>http://opus4.kobv.de/opus4-tuberlin/files/1402/cornelsen_inge.pdf</dc:identifier>
          <dc:language>deu</dc:language>
          <dc:rights>Deutsches Urheberrecht mit Print on Demand (u.a. für Dissertationen empfohlen)</dc:rights>
        </oai_dc:dc>
      </metadata>
    </record>
  </GetRecord>
</OAI-PMH>
