<?xml version="1.0" encoding="utf-8"?>
<?xml-stylesheet type="text/xsl" href="xsl/oai2.xsl"?><OAI-PMH xmlns="http://www.openarchives.org/OAI/2.0/" xmlns:xsi="http://www.w3.org/2001/XMLSchema-instance" xsi:schemaLocation="http://www.openarchives.org/OAI/2.0/ http://www.openarchives.org/OAI/2.0/OAI-PMH.xsd">
  <responseDate>2014-10-15T06:49:15Z</responseDate>
  <request verb="GetRecord" metadataPrefix="oai_dc" identifier="oai:kobv.de-opus4-tuberlin:1102">http://opus4.kobv.de/opus4-tuberlin/oai</request>
  <GetRecord>
    <record>
      <header>
        <identifier>oai:kobv.de-opus4-tuberlin:1102</identifier>
        <datestamp>2014-05-28</datestamp>
        <setSpec>doc-type:book</setSpec>
        <setSpec>bibliography:false</setSpec>
        <setSpec>ddc</setSpec>
        <setSpec>ddc:020</setSpec>
      </header>
      <metadata>
        <oai_dc:dc xmlns:oai_dc="http://www.openarchives.org/OAI/2.0/oai_dc/" xmlns:dc="http://purl.org/dc/elements/1.1/" xsi:schemaLocation="http://www.openarchives.org/OAI/2.0/oai_dc/ http://www.openarchives.org/OAI/2.0/oai_dc.xsd">
          <dc:title xml:lang="deu">Volkswagen Universitätsbibliothek, Technische Universität und Universität der Künste Berlin</dc:title>
          <dc:subject>ddc:020</dc:subject>
          <dc:description xml:lang="deu">Broschüre (31 S.) zur Eröffnung des gemeinsamen Bibliotheksgebäudes der Universitätsbibliotheken von TU Berlin und UdK Berlin am 9.12.2004. Die neue Universitätsbibliothek im VOLKSWAGEN-Haus bietet Platz für insgesamt 3 Millionen Medien und über 700 Lese- und Arbeitsplätze.</dc:description>
          <dc:date>2005-09-20</dc:date>
          <dc:type>book</dc:type>
          <dc:type>doc-type:book</dc:type>
          <dc:format>application/pdf</dc:format>
          <dc:identifier>http://opus4.kobv.de/opus4-tuberlin/frontdoor/index/index/docId/1102</dc:identifier>
          <dc:identifier>urn:nbn:de:kobv:83-opus-11087</dc:identifier>
          <dc:identifier>http://nbn-resolving.de/urn/resolver.pl?urn:nbn:de:kobv:83-opus-11087</dc:identifier>
          <dc:identifier>http://opus4.kobv.de/opus4-tuberlin/files/1102/Festschrift_Neubau_UB_TU.pdf</dc:identifier>
          <dc:language>deu</dc:language>
          <dc:rights>Deutsches Urheberrecht mit Print on Demand (u.a. für Dissertationen empfohlen)</dc:rights>
        </oai_dc:dc>
      </metadata>
    </record>
  </GetRecord>
</OAI-PMH>
