<?xml version="1.0" encoding="utf-8"?>
<?xml-stylesheet type="text/xsl" href="xsl/oai2.xsl"?><OAI-PMH xmlns="http://www.openarchives.org/OAI/2.0/" xmlns:xsi="http://www.w3.org/2001/XMLSchema-instance" xsi:schemaLocation="http://www.openarchives.org/OAI/2.0/ http://www.openarchives.org/OAI/2.0/OAI-PMH.xsd">
  <responseDate>2014-10-15T06:49:53Z</responseDate>
  <request verb="GetRecord" metadataPrefix="oai_dc" identifier="oai:kobv.de-opus4-tuberlin:1171">http://opus4.kobv.de/opus4-tuberlin/oai</request>
  <GetRecord>
    <record>
      <header>
        <identifier>oai:kobv.de-opus4-tuberlin:1171</identifier>
        <datestamp>2013-07-01</datestamp>
        <setSpec>doc-type:doctoralthesis</setSpec>
        <setSpec>bibliography:false</setSpec>
        <setSpec>ddc</setSpec>
        <setSpec>ddc:430</setSpec>
      </header>
      <metadata>
        <oai_dc:dc xmlns:oai_dc="http://www.openarchives.org/OAI/2.0/oai_dc/" xmlns:dc="http://purl.org/dc/elements/1.1/" xsi:schemaLocation="http://www.openarchives.org/OAI/2.0/oai_dc/ http://www.openarchives.org/OAI/2.0/oai_dc.xsd">
          <dc:title xml:lang="deu">Lehren und Lernen mit neuen Medien. Multimediale und kommunikationsintensive Erweiterungsmöglichkeiten im Deutsch- und Kommunikationsunterricht der Sekundarstufe II</dc:title>
          <dc:title xml:lang="eng">Teaching and learning with the help of new media</dc:title>
          <dc:creator>Leimeier, Walter</dc:creator>
          <dc:subject>ddc:430</dc:subject>
          <dc:description xml:lang="deu">Vor dem Hintergrund einer kontroversen Diskussion über die Vorzüge und Nachteile des Einsatzes elektronischer Medien im Unterricht diskutiert der Verfasser die Entwicklungstendenzen zum Umgang mit diesen Medien im schulischen Kontext. Die Möglichkeiten, die diese Medien eröffnen, bilden eine Herausforderung für didaktische Reflexionen. Der Verfasser formuliert zunächst die pädagogischen Rahmenbedingungen für die Arbeit mit neuen Medien, die lerntheoretischen Grundlagen der Nutzung von digitalen Medien und die Situation des Lernens mit neuen Medien im Deutsch- und Kommunikationsunterricht. In einem historischen Überblick werden Projekte und Ansätze zur empirischen Überprüfung der Chancen bzw. Begrenzungen des Einsatzes neuer Medien im Deutschunterricht vorgestellt. Der Verfasser formuliert die Hypothese, dass Internetsprache von tradierter Sprachverwendung zu differenzieren sei und dies mit Konsequenzen speziell für den Deutschunterricht in der gymnasialen Oberstufe. In der Beschäftigung mit semiotischen Grunderkenntnissen setzt sich der Verfasser mit dem Zusammenhang von Wort und Bild bzw. den multisensorisch vermittelten Informationsübertragungen auseinander. Dabei diskutiert er sowohl den Begriff der Medienkompetenz als auch den konstruktivistischen Ansatz des Lernens. Zur Verifikation der Hypothesen und Analysen stellt der Autor die Konzeption des Projekts Multileu (Multimediales Lernen im Unterricht) vor. Digitale, multimediale, multilokale und dynamische Erweiterungen verschiedener Basismaterialien werden unter dem Gesichtspunkt der technischen Realisierbarkeit und der pädagogischen Wirksamkeit exemplarisch erforscht und entwickelt. Die Untersuchung schließt mit explizit formulierten Anforderungen an eine effektive Aus- und Fortbildung der Lehrkräfte. Lehrerinnen und Lehrer ohne Basisqualifikationen und ohne didaktische Konzepte zum Einsatz neuer Medien im Deutschunterricht werden zukünftig Akzeptanzprobleme bei den Schülerinnen und Schülern sowie in den Kollegien haben. Es liegt daher im Interesse aller Beteiligten Mindeststandards zu formulieren und Fortbildungsangebote anzubieten und wahrzunehmen.</dc:description>
          <dc:description xml:lang="eng">Initiated by the controversial discussion about the advantages and disadvantages of the use of electronic media in teaching, the author discusses current trends concerning the use of this kind of media as teaching methods. The possibilities of electronic media are a challenge for didactical reflections. The author presents the pedagogical framework and the theoretical basis for the use of digital media as well as for the situation of learning with new media in German- and communications courses. A historical overview presents projects and possibilities for the empirical investigation of the potential or limitations of new media in German classes. The author expresses the hypothesis that the language used on the internet is different from habitual language. This has consequences, particularly for the teaching of German in sixth formers classes at grammar school. Based upon fundamental semiotic knowledge the author also investigates into the relation of words and pictures or the multi sensory transfer of information. He discusses the term competence of media as well as the constructivist theory of learning. In order to verify his hypothesis and analysis the author presents the conception of the “Multileu�? project (Learning at school with the help of multimedia). Digital, multimedia based dynamic extensions of various basic materials are investigated and developed with regard to the technical possibility of realisation and pedagogical effectiveness. The investigation closes with precisely expressed requirements for an efficient education and training of teachers. Teachers without basic knowledge and didactic conceptions for the use of new media in German lessons will not be accepted by their students and colleagues. It is important for all people involved to develop minimal standards and to offer training as well as to participate in it.</dc:description>
          <dc:date>2005-12-20</dc:date>
          <dc:type>doctoralthesis</dc:type>
          <dc:type>doc-type:doctoralthesis</dc:type>
          <dc:format>application/pdf</dc:format>
          <dc:identifier>http://opus4.kobv.de/opus4-tuberlin/frontdoor/index/index/docId/1171</dc:identifier>
          <dc:identifier>urn:nbn:de:kobv:83-opus-11642</dc:identifier>
          <dc:identifier>http://nbn-resolving.de/urn/resolver.pl?urn:nbn:de:kobv:83-opus-11642</dc:identifier>
          <dc:identifier>http://opus4.kobv.de/opus4-tuberlin/files/1171/leimeier_walter.pdf</dc:identifier>
          <dc:language>deu</dc:language>
          <dc:rights>Deutsches Urheberrecht mit Print on Demand (u.a. für Dissertationen empfohlen)</dc:rights>
        </oai_dc:dc>
      </metadata>
    </record>
  </GetRecord>
</OAI-PMH>
