<?xml version="1.0" encoding="utf-8"?>
<?xml-stylesheet type="text/xsl" href="xsl/oai2.xsl"?><OAI-PMH xmlns="http://www.openarchives.org/OAI/2.0/" xmlns:xsi="http://www.w3.org/2001/XMLSchema-instance" xsi:schemaLocation="http://www.openarchives.org/OAI/2.0/ http://www.openarchives.org/OAI/2.0/OAI-PMH.xsd">
  <responseDate>2014-10-15T06:50:07Z</responseDate>
  <request verb="GetRecord" metadataPrefix="oai_dc" identifier="oai:kobv.de-opus4-tuberlin:1211">http://opus4.kobv.de/opus4-tuberlin/oai</request>
  <GetRecord>
    <record>
      <header>
        <identifier>oai:kobv.de-opus4-tuberlin:1211</identifier>
        <datestamp>2013-07-01</datestamp>
        <setSpec>doc-type:doctoralthesis</setSpec>
        <setSpec>bibliography:false</setSpec>
        <setSpec>ddc</setSpec>
        <setSpec>ddc:580</setSpec>
      </header>
      <metadata>
        <oai_dc:dc xmlns:oai_dc="http://www.openarchives.org/OAI/2.0/oai_dc/" xmlns:dc="http://purl.org/dc/elements/1.1/" xsi:schemaLocation="http://www.openarchives.org/OAI/2.0/oai_dc/ http://www.openarchives.org/OAI/2.0/oai_dc.xsd">
          <dc:title xml:lang="deu">Identifizierung und Analyse der an der pflanzlichen Zellwandbiosynthese beteiligten Gene in Arabidopsis thaliana</dc:title>
          <dc:title xml:lang="eng">Identification and analysis of genes possibly involved in the biosynthesis of the plant cell wall of Arabidopsis thaliana</dc:title>
          <dc:creator>Kuschinsky, Anja</dc:creator>
          <dc:subject>ddc:580</dc:subject>
          <dc:description xml:lang="deu">Das Transposon Assisted Signal Trapping (TAST) ist eine einfache Methode der Identifizierung apoplastischer Proteine aus regenerierten Protoplasten von Arabidopsis thaliana. Prototoplasten bilden während ihrer Regeneration eine neue Zellwand aus, wobei sie eine sehr aktive Zellwandsynthese aufweisen. Achtzig Prozent der isolierten Gene konnten durch das bioinformatische Programm SignalP auf Proteinbasis als apoplastisch identifiziert werden. Eine Expressionsanalyse zeigte, dass die zellwandspezifischen Gene in den ersten Stunden der Regeneration, die höchsten Expression aufwiesen. Anhand einiger Beispielgene (At3g13520, At4g19810, At4g24780, At4g31840) konnte die Lokalisation im Apoplasten durch die Fusion mit dem Green Fluorescent Protein (GFP) nachgewiesen werden. Außerdem wurde die Funktion eines Genes, das möglicherweise an der Zellwandbiosynthese beteiligt ist, an einer Arabidopsis thaliana T-DNA Knockout Mutante untersucht. Es ließ sich nachweisen, dass die T-DNA Insertion im UGE3-Gen (UDP-Glukose Epimerase), einem Gen des Nukleotidzucker-Synthesewegs, erfolgt war. Die Mutante zeigt eine starke Verkürzung der Wurzellänge. Die Zellwandmonosaccharide dieser Mutante unterschieden sich nicht vom Wildtyp. Hingegen konnten Unterschiede in der Zusammensetzung der Arabinogalaktan-Proteine der Wurzelzellwand festgestellt werden. Eine chemische oder genetische Komplementation der uge3 Mutante war nicht möglich. Es wird gefolgert, dass die T-DNA- Insertion nicht für das verkürzte Wurzelwachstum verantwortlich ist.</dc:description>
          <dc:description xml:lang="eng">The transposon assisted signal trapping (TAST) is an easy and fast method to identify apoplastic proteins from regenerated protoplasts of an Arabidopsis thaliana cell suspension culture. Since protoplasts have no cell walls, but are able to regenerate a new wall they are useful for examining cell wall biosynthesis. Eighty percent of the isolated genes were predicted by the bioinformatic program SignalP on protein level to be apoplastic. The expression analysis showed that the cell wall specific apoplastic proteins are expressed in the first hours of regeneration when the cell wall was built up. The ability to select apoplastic proteins with the TAST system was proven by testing several candidate genes (At3g13520, At4g19810, At4g24780, At4g31840) by the fusion to the Green Fluorescent Protein (GFP). To test the function of a gene possibly involved in the cell wall synthesis an Arabidopsis thaliana T-DNA knock-out mutant was isolated. It came out that the T-DNA insertion occurred in the nucleotide sugar forming gene UGE3 (UDP-glucose epimerase). The mutant plants showed a reduction in root length. No significant differences in the monosaccharide composition of the cell wall were found between wild type and mutant plants whereas in the arabino galactan proteins of the mutant root cell walls showed differences. A chemical or genetical complementation of the uge3 mutant was not possible. It is concluded that the T-DNA insertion did not cause the phenotype of root shortage.</dc:description>
          <dc:date>2006-03-01</dc:date>
          <dc:type>doctoralthesis</dc:type>
          <dc:type>doc-type:doctoralthesis</dc:type>
          <dc:format>application/pdf</dc:format>
          <dc:identifier>http://opus4.kobv.de/opus4-tuberlin/frontdoor/index/index/docId/1211</dc:identifier>
          <dc:identifier>urn:nbn:de:kobv:83-opus-12283</dc:identifier>
          <dc:identifier>http://nbn-resolving.de/urn/resolver.pl?urn:nbn:de:kobv:83-opus-12283</dc:identifier>
          <dc:identifier>http://opus4.kobv.de/opus4-tuberlin/files/1211/kuschinsky_anja.pdf</dc:identifier>
          <dc:language>deu</dc:language>
          <dc:rights>Deutsches Urheberrecht mit Print on Demand (u.a. für Dissertationen empfohlen)</dc:rights>
        </oai_dc:dc>
      </metadata>
    </record>
  </GetRecord>
</OAI-PMH>
