<?xml version="1.0" encoding="utf-8"?>
<?xml-stylesheet type="text/xsl" href="xsl/oai2.xsl"?><OAI-PMH xmlns="http://www.openarchives.org/OAI/2.0/" xmlns:xsi="http://www.w3.org/2001/XMLSchema-instance" xsi:schemaLocation="http://www.openarchives.org/OAI/2.0/ http://www.openarchives.org/OAI/2.0/OAI-PMH.xsd">
  <responseDate>2014-10-15T06:50:11Z</responseDate>
  <request verb="GetRecord" metadataPrefix="oai_dc" identifier="oai:kobv.de-opus4-tuberlin:1230">http://opus4.kobv.de/opus4-tuberlin/oai</request>
  <GetRecord>
    <record>
      <header>
        <identifier>oai:kobv.de-opus4-tuberlin:1230</identifier>
        <datestamp>2013-07-01</datestamp>
        <setSpec>doc-type:doctoralthesis</setSpec>
        <setSpec>bibliography:false</setSpec>
        <setSpec>ddc</setSpec>
        <setSpec>ddc:004</setSpec>
      </header>
      <metadata>
        <oai_dc:dc xmlns:oai_dc="http://www.openarchives.org/OAI/2.0/oai_dc/" xmlns:dc="http://purl.org/dc/elements/1.1/" xsi:schemaLocation="http://www.openarchives.org/OAI/2.0/oai_dc/ http://www.openarchives.org/OAI/2.0/oai_dc.xsd">
          <dc:title xml:lang="eng">The computation of feature selective responses in the primary visual cortex</dc:title>
          <dc:title xml:lang="deu">Modelle der Repräsentation in der visuellen Hirnrinde</dc:title>
          <dc:creator>Wiesing, Peter</dc:creator>
          <dc:subject>ddc:004</dc:subject>
          <dc:description xml:lang="eng">We investigate the processing of visual input in the early visual system of mammals. Cells in the primary visual cortex (V1) often appear to compute a weighted sum of the light intensity distribution of the visual stimuli that fall on their receptive fields. A linear model of these cells has the advantage of simplicity and captures a number of basic aspects of cell function. On the other hand, it fails to account for important observed response nonlinearities which appear to have an intra-cortical origin. Much experimental and theoretical work has been published on this subject. However, the mechanisms that give rise to the integration of a cortical cell's input to its final response are still controversial and are still part of intense study and debate. In this manuscript, we illustrate the use of combined theoretical approaches and experimental measurements for understanding neuronal and circuit dynamics. Firstly, we use an abstract correlation-based learning (CBL) model to study the role of lateral interaction on the emergence of ocular dominance (OD) and topographic (TP) maps. In detail, this mechanism resembles the effect of a variable degree of intra-cortical competition in which neurons excite each other at short distances and inhibit each other at larger distances and is implemented through a nonlinear response function followed by divisive normalization mechanism. Furthermore, we explore the effect of this quantity at different locations of the OD map, which in many species dissolves in the periphery of the visual cortex. We investigate to what extent these OD pattern changes can be related - either as a cause or an effect - to changes in the cortical magnification factor as well as to changes in the relative strength of the projection from the left and the right eye. Secondly, we present electrophysiological measurements of the excitatory and inhibitory synaptic conductances in neurons at different orientation (OR) map positions - ranging from pinwheels to orientation domains - and anatomical measurements of the inputs to these neurons in the cat adult primary visual cortex. The local arrangement of cells with different response properties vary with spatial location in the OR map and influence information processing in local neuronal circuits. In a second step we investigate, using a combination of mathematical analysis and computer simulations, what constraints these experimental data imposes on the cortical "operating regime" (feed-forward, dominated inhibitory, dominated excitatory, intermediate recurrent or highly recurrent "marginal phase"). In a simple "superposition" model (describing the interplay of the afferent and the excitatory recurrent drive), we show that the experimental findings can only be explained if a sharply tuned feed-forward input is processed by a cortical network of intermediate recurrency. Using a geometrical firing rate network model we calculate the tuning curves of the total excitatory and inhibitory conductances and the output spike-rates as a function of a large range of model parameters.</dc:description>
          <dc:description xml:lang="deu">In dieser Dissertation wird die Verarbeitung visueller Informationen innerhalb der ersten Verarbeitungsstufen des visuellen Systems untersucht. Augenscheinlich bilden Zellen der primären visuellen Gehirnrinde (V1) eine Summe der Lichtintensitäten des gezeigten visuellen Stimulus, die in ihr rezeptives Feld fallen. Ein lineares Modell dieser Zellen hat den Vorteil, dass es einfach ist und eine Reihe von Eigenschaften der Zellfunktion erklärt. Jedoch zeigt sich, dass dieses Modell nicht ausreichend ist, um wichtige Nichlinearitäten der Zellantworten zu erklären, die eher intrakortikaler Natur zu sein scheinen. Zu diesem Forschungsgebiet existieren viele theoretische und experimentelle Studien. Jedoch sind die Mechanismen, die von der Integration der einzelnen Zelleneingänge bis zur finalen Zellantwort führen, immer noch unklar und werden auch heute noch sehr häufig in der Literatur diskutiert. Anhand von theoretischen Ansätzen und experimentellen Messungen soll durch diese Arbeit zum weiteren Verständnis neuronaler Netzwerkdynamiken beitragen werden. Im ersten Teil dieser Arbeit untersuchen wir mit Hilfe eines abstrakten „Correlation-Based-Learning“ (CBL) Modells, das lateralen Wettbewerb berücksichtigt, die Rolle von intrakortikaler Rekurrenz in der Entwicklung von Augendominanz und topographischen Karten. Dieser Mechanismus entspricht dem Effekt eines variablen Grades von intrakortikaler Interaktion, in dem sich Neurone gegenseitig auf kurzen Distanzen erregen und sich auf langen Distanzen hemmen. Dieser Ansatz ist durch eine nichtlineare Transferfunktion realisiert, dem ein Normalisierungsprozess folgt. Des Weiteren untersuchen wir den Effekt dieses Mechanismus an verschieden Orten der Augendominanz Karte. Diese ändert sich in vielen Spezies vom abwechselnden Streifenmuster zu fleckenförmigen Gebieten in der Peripherie des visuellen Kortizes. Wir untersuchen, bis zu welchem Grad diese Änderungen von Änderungen des „Cortical Magnification Factor“, als auch von Änderungen der Unterschiede in der relativen Differenz der Projektionen vom linken und rechten Auge abhängen. In einer letzen Untersuchung dieses ersten Teils untersuchen wir, welche Rolle eine nichtlineare Transferfunktion ohne den zusätzlichen Normalisierungsmechanismus auf die Entwicklung von Augendominanz und topographischen Karten hat. Im zweiten Teil dieser Arbeit präsentieren wir Ergebnisse elektrophysiologischer Messungen von Neuronen in der visuellen Gehirnrinde der Katze. Diese Messungen wurden an verschiedenen Positionen der Orientierungskarte gemacht. Zusätzlich zeigen wir anatomische Messungen, die Aufschluss über die räumliche laterale Ausbreitung der Eingänge zu diesen Neuronen bringen. Mit Hilfe einer mathematischen Analyse und Computersimulationen untersuchen wir weiterhin, welche Einschränkungen diese Messungen bzgl. des kortikalen „Arbeitspunktes“ (afferente vs. rekurrente Verarbeitung) machen. In einem einfachen „Superpositionsmodell“, welches das Zusammenspiel vom afferenten und erregenden rekurreten Antrieb beschreibt, zeigen wir, dass die experimentellen Ergebnisse nur dann erklärt werden können, wenn ein scharf „getuneter“ afferenter Input zusammen mit einem kortikalem Netzwerk von mittlerer Stärke verarbeitet wird. Des Weiteren untersuchen wir ein geometrisches Feuerratenmodell, mithilfe dessen wir die Orientierungsselektivität von erregenden und hemmenden Eingängen in neuronale Zellen und die Feuerrate als Funktion von einer großen Anzahl von Modellparametern berechnen können. Als abschließende Analyse untersuchen wir auch Parameteränderungen innerhalb eines biologisch realistischeren Netzwerkmodells, durch das wir zusätzlich die Orientierungsselektivität des Membranpotentials berücksichtigen können.</dc:description>
          <dc:date>2006-03-17</dc:date>
          <dc:type>doctoralthesis</dc:type>
          <dc:type>doc-type:doctoralthesis</dc:type>
          <dc:format>application/pdf</dc:format>
          <dc:identifier>http://opus4.kobv.de/opus4-tuberlin/frontdoor/index/index/docId/1230</dc:identifier>
          <dc:identifier>urn:nbn:de:kobv:83-opus-12471</dc:identifier>
          <dc:identifier>http://nbn-resolving.de/urn/resolver.pl?urn:nbn:de:kobv:83-opus-12471</dc:identifier>
          <dc:identifier>http://opus4.kobv.de/opus4-tuberlin/files/1230/wiesing_peter.pdf</dc:identifier>
          <dc:language>eng</dc:language>
          <dc:rights>Deutsches Urheberrecht mit Print on Demand (u.a. für Dissertationen empfohlen)</dc:rights>
        </oai_dc:dc>
      </metadata>
    </record>
  </GetRecord>
</OAI-PMH>
