<?xml version="1.0" encoding="utf-8"?>
<?xml-stylesheet type="text/xsl" href="xsl/oai2.xsl"?><OAI-PMH xmlns="http://www.openarchives.org/OAI/2.0/" xmlns:xsi="http://www.w3.org/2001/XMLSchema-instance" xsi:schemaLocation="http://www.openarchives.org/OAI/2.0/ http://www.openarchives.org/OAI/2.0/OAI-PMH.xsd">
  <responseDate>2014-10-15T06:49:22Z</responseDate>
  <request verb="GetRecord" metadataPrefix="oai_dc" identifier="oai:kobv.de-opus4-tuberlin:1132">http://opus4.kobv.de/opus4-tuberlin/oai</request>
  <GetRecord>
    <record>
      <header>
        <identifier>oai:kobv.de-opus4-tuberlin:1132</identifier>
        <datestamp>2013-07-01</datestamp>
        <setSpec>doc-type:doctoralthesis</setSpec>
        <setSpec>bibliography:false</setSpec>
        <setSpec>ddc</setSpec>
        <setSpec>ddc:620</setSpec>
      </header>
      <metadata>
        <oai_dc:dc xmlns:oai_dc="http://www.openarchives.org/OAI/2.0/oai_dc/" xmlns:dc="http://purl.org/dc/elements/1.1/" xsi:schemaLocation="http://www.openarchives.org/OAI/2.0/oai_dc/ http://www.openarchives.org/OAI/2.0/oai_dc.xsd">
          <dc:title xml:lang="deu">Geothermisch angetriebene Dampfkraftprozesse - Analyse und Prozessvergleich binärer Kraftwerke</dc:title>
          <dc:title xml:lang="eng">Geothermal Power Plants - Analysis and Comparison of Binary Cycles</dc:title>
          <dc:creator>Köhler, Silke</dc:creator>
          <dc:subject>ddc:620</dc:subject>
          <dc:description xml:lang="deu">Die tiefe Geothermie in Deutschland erschließt Reservoirs in 3 bis 5 km Tiefe mit Temperaturen von 100 °C bis 200°C. Für die Wandlung dieser Niedertemperaturwärme in elektrische Energie kommen voraussichtlich nur Kraftwerke mit Sekundärkreislauf in Frage. Die zwei zur Zeit verfügbaren Systeme, der Organic Rankine Cycle (ORC) und der Kalina-Prozess werden analysiert und bewertet. Die aus den Wasserdampfprozessen bekannten Methoden zur Verbesserung des Wirkungsgrades werden hinsichtlich ihrer Übertragbarkeit geprüft, alternative Möglichkeiten der Verbesserung untersucht und daraus praktikable Vorgehensweisen beim Entwurf der Prozesse entwickelt. Im Vergleich der beiden Prozesse für Thermalwassertemperaturen von 100 °C bis 200 °C bei Berücksichtigung von Luftkühlung und Frischwasserkühlung zeigen sich die Kalina-Anlagen im unteren Temperaturbereich, und zwar insbesondere bei Luftkühlung überlegen, während die ORC-Anlagen im oberen Temperaturbereich höhere Netzanschlussleistungen erzielen. Die Kalina-Anlagen entziehen dem Thermalwasser weniger Wärme als die ORC-Anlagen, wandeln diese Wärme aber mit einem höheren thermischen Wirkungsgrad in elektrische Energie. Im Gegensatz zu den ORC-Anlagen verschiebt sich bei den Kalina-Anlagen der Punkt der maximalen Leistung mit zunehmender Temperatur der Wärmequelle hin zu höheren Rücklauftemperaturen des Thermalwassers. Der Auskühlungswirkungsgrad der Kalina-Anlagen liegt daher ab Thermalwassertemperaturen von 150 °C deutlich unter dem Auskühlungswirkungsgrad der ORC-Anlagen. Abhilfe könnte durch eine Modifikation der Prozessführung geschaffen werden. Andererseits ermöglich aber gerade diese geringe Auskühlung eine weitere Nutzung des Thermalwassers zum Beispiel zur kombinierten Bereitstellung von elektrischer Energie und Wärme. Die ORC-Anlagen dagegen leiden unter dem niedrigeren thermischen Wirkungsgrad, der ihnen insbesondere bei Luftkühlung hohen Eigenbedarf einbringt. Die wirtschaftlichen Betrachtungen geben Hinweise zu den zu erwartenden Investitionskosten sowie zu den aus wirtschaftlicher Sicht erforderliche Mindesttemperaturen und Mindestförderraten des Thermalwassers. Die spezifischen Investitionskosten für ein geothermisches Kraftwerk werden stärker von der Thermalwassertemperatur und der Art der Kühlung als von der Wahl des Systems (ORC- oder Kalina-Anlage) beeinflusst. In den Kalina-Anlagen wird zwar aufgrund des höheren thermischen Wirkungsgrades weniger Wärmeleistung umgesetzt, durch die kleineren Temperaturdifferenzen und die geringeren Wärmedurchgangskoeffizienten bei Desorption und Absorption kann aber die dafür benötigte Wärmeübertragerfläche größer werden als bei den ORC-Anlagen. Letztendlich scheint es möglich, beide Systeme so zu dimensionieren, dass bei gegebener Eintrittstemperatur des Thermalwassers und gegebener Art der Kühlung identische spezifische Investitionskosten erreicht werden können. In dem Fall muss dann aber unterschiedliche Generatorleistung – bei gleicher Thermalwasserschüttung – bzw. unterschiedliche Thermalwasserschüttung – bei gleicher Generatorleistung - in Kauf genommen werden.</dc:description>
          <dc:description xml:lang="eng">Geothermal reservoirs in Germany are located at 3 – 5 km depth and provide hot brine at 100 °C – 200 °C. Power plants with binary system may convert this heat to electrical energy. A extensive analysis of the two available systems of binary plants, Organic Rankine Cycle (ORC) and Kalina Cycle, is carried out. Design procedures for each system are derived by combining methods of conventional power plant design with specific approaches tailored to the use of geothermal energy. The two systems are assessed considering the above mentioned temperature range of the heat source and water cooling as well as air cooling. The Kalina Cycle shows better performance for lower temperature of the heat source (&lt; 150 °C), and especially for air cooling, while the ORC yields higher gross capacity for a heat source temperature above 150 °C. All systems using a heat source of limited heat capacity will have a maximum power point. The maximum power points of the Kalina plants are found at higher return temperatures of the brine than those of the ORC. This quality would be beneficial if the brine is used for electricity production and heating purposes at the same time. A shift of the maximum power point to lower return temperatures of the brine could be achieved by changing the set-up such as additional heat exchangers. In summary, the Kalina plants generally extract less heat from the geothermal brine than the ORC, but convert this heat with a higher thermal efficiency. On the other hand, the ORC suffer from a comparatively low thermal efficiency, especially in the lower temperature range and for air cooling. Here, the parasitic loads to drive pumps and fans become significant. A cost model completes the analysis and comparison of the systems. The specific investment costs of a binary geothermal power plant are ruled by the heat source temperature, the heat sink temperature and the chosen conversion cycle. The heat source temperature is the main factor, followed by the temperature of the heat sink. The cost model may be used to gain information on minimum required mass flow rate of the brine depending on the brine temperature. In the considered temperature range the mass flow rates of the brine should exceed 7 l/s for 200 °C brine and 50 l/s for 100 °C brine.</dc:description>
          <dc:date>2005-10-28</dc:date>
          <dc:type>doctoralthesis</dc:type>
          <dc:type>doc-type:doctoralthesis</dc:type>
          <dc:format>application/pdf</dc:format>
          <dc:identifier>http://opus4.kobv.de/opus4-tuberlin/frontdoor/index/index/docId/1132</dc:identifier>
          <dc:identifier>urn:nbn:de:kobv:83-opus-11338</dc:identifier>
          <dc:identifier>http://nbn-resolving.de/urn/resolver.pl?urn:nbn:de:kobv:83-opus-11338</dc:identifier>
          <dc:identifier>http://opus4.kobv.de/opus4-tuberlin/files/1132/koehler_silke.pdf</dc:identifier>
          <dc:language>deu</dc:language>
          <dc:rights>Deutsches Urheberrecht mit Print on Demand (u.a. für Dissertationen empfohlen)</dc:rights>
        </oai_dc:dc>
      </metadata>
    </record>
  </GetRecord>
</OAI-PMH>
