<?xml version="1.0" encoding="utf-8"?>
<?xml-stylesheet type="text/xsl" href="xsl/oai2.xsl"?><OAI-PMH xmlns="http://www.openarchives.org/OAI/2.0/" xmlns:xsi="http://www.w3.org/2001/XMLSchema-instance" xsi:schemaLocation="http://www.openarchives.org/OAI/2.0/ http://www.openarchives.org/OAI/2.0/OAI-PMH.xsd">
  <responseDate>2014-10-15T06:44:34Z</responseDate>
  <request verb="GetRecord" metadataPrefix="oai_dc" identifier="oai:kobv.de-opus4-tuberlin:105">http://opus4.kobv.de/opus4-tuberlin/oai</request>
  <GetRecord>
    <record>
      <header>
        <identifier>oai:kobv.de-opus4-tuberlin:105</identifier>
        <datestamp>2013-07-01</datestamp>
        <setSpec>doc-type:doctoralthesis</setSpec>
        <setSpec>bibliography:false</setSpec>
        <setSpec>ddc</setSpec>
        <setSpec>ddc:004</setSpec>
      </header>
      <metadata>
        <oai_dc:dc xmlns:oai_dc="http://www.openarchives.org/OAI/2.0/oai_dc/" xmlns:dc="http://purl.org/dc/elements/1.1/" xsi:schemaLocation="http://www.openarchives.org/OAI/2.0/oai_dc/ http://www.openarchives.org/OAI/2.0/oai_dc.xsd">
          <dc:title xml:lang="deu">Digitale akustische Datenübertragung über ein System kontinuierlich veränderlicher Frequenzen : Entwicklung und Test eines bionischen Verfahrens für die Unterwasser-Kommunikation</dc:title>
          <dc:title xml:lang="eng">Digital acoustic data exchange via a system of continuously varying frequencies</dc:title>
          <dc:creator>Kebkal, Konstantin Georgievich</dc:creator>
          <dc:subject>ddc:004</dc:subject>
          <dc:description xml:lang="deu">Unter kompliziertesten Randbedingungen sind Wale und insbesondere Delphine in der Lage, über vergleichsweise große Distanzen zu kommunizieren - und das offenbar mit hohen Informationsraten. Anhand von über 2000 aufgezeichneten Pfeifsignalen von freilebenden und dressierten Großen Tümmlern (Tursiops truncatus) wurden die Besonderheiten der zur Kommunikation verwendeten Signalstrukturen analysiert. Aus den bioakustischen Befunden ließen sich drei Grundprinzipien extrahieren, auf deren Basis ein neuartiges bionisches Verfahren für die digitale akustische Unterwasserkommunikation entwickelt wurde. Diese Prinzipien sind: 1. Nutzung eines Systems von kontinuierlich (fließend) veränderlichen Frequenzkanälen, wobei stets die signalinterne Proportionen beibehalten werden (definierte Abstände der Trägerfrequenzen). 2. Permanente Verbindung zwischen Sender und Empfänger über einen signaltechnisch separierbaren Grundton bzw. Kennton, relativ zu dem der Empfänger dann die übrigen Frequenzkomponenten des Signals auffinden kann und der gleichzeitig eine signalinterne Referenz für die Auswertung dieser Komponenten liefert. 3. Digitale Informationsübertragung mittels geeigneter Modulationen der übrigen Frequenzkanäle bzw. Obertöne (Senden von Bitmustern). Eine theoretische Betrachtung ergab, dass mit einem solchen, als "Variable Mehrkanalige Transmission" (VMT) bezeichneten Verfahren das Interferenzproblem weitestgehend gelöst, Doppler-Effekte ggf. vollständig kompensiert und die Rauscheinflüsse minimiert werden können. Somit lassen sich empfängerseitig die gesendeten Signalparameter in hoher Güte rekonstruieren. Das ermöglicht die Anwendung feiner abgestufter und komplexere Modulationsformen und dementsprechend höhere Bitraten. Computersimulationen in einer numerisch modellierten hydroakustischen Übertragungsstrecke gestatteten eine erste Überprüfung der Hypothesen sowie die Optimierung der Signalstrukturen und der Signalverarbeitung. Nachdem sicher gestellt war, dass alle essentiellen Bausteine von der Signalerzeugung bis zur Decodierung der Signalparameter zusammen spielen, folgte die praktische Überprüfung in einer natürlichen akustischen Messstrecke (Baggersee). In den physischen Validierungsexperimenten konnte die Funktionstüchtigkeit und die besondere Leistungsfähigkeit des bionischen VMT-Verfahrens nachgewiesen werden. In diesem Zusammenhang ergab sich auch ein Spektrum neuer Möglichkeiten zur optimalen Ausnutzung der physikalischen (hydroakustischen) Gegebenheiten. Von herausragender Bedeutung dürfte hierbei die erstmalige Chance zur Nutzung der natürlichen Redundanz für eine verbesserte Parameterbestimmung sein. Abschließend werden die jetzt schon erreichbaren Leistungsparameter und die weiteren Perspektiven abgeschätzt. Das technische Entwicklungspotential schließt auch neue Ansätze für tiefergehende bioakustische Untersuchungen ein, womit sich der Kreis zu den Naturvorbildern schließt.</dc:description>
          <dc:date>2001-01-16</dc:date>
          <dc:type>doctoralthesis</dc:type>
          <dc:type>doc-type:doctoralthesis</dc:type>
          <dc:format>application/pdf</dc:format>
          <dc:identifier>http://opus4.kobv.de/opus4-tuberlin/frontdoor/index/index/docId/105</dc:identifier>
          <dc:identifier>urn:nbn:de:kobv:83-opus-1008</dc:identifier>
          <dc:identifier>http://nbn-resolving.de/urn/resolver.pl?urn:nbn:de:kobv:83-opus-1008</dc:identifier>
          <dc:identifier>http://opus4.kobv.de/opus4-tuberlin/files/105/kebkal_konstantin.pdf</dc:identifier>
          <dc:language>deu</dc:language>
          <dc:rights>Deutsches Urheberrecht mit Print on Demand (u.a. für Dissertationen empfohlen)</dc:rights>
        </oai_dc:dc>
      </metadata>
    </record>
  </GetRecord>
</OAI-PMH>
