<?xml version="1.0" encoding="utf-8"?>
<?xml-stylesheet type="text/xsl" href="xsl/oai2.xsl"?><OAI-PMH xmlns="http://www.openarchives.org/OAI/2.0/" xmlns:xsi="http://www.w3.org/2001/XMLSchema-instance" xsi:schemaLocation="http://www.openarchives.org/OAI/2.0/ http://www.openarchives.org/OAI/2.0/OAI-PMH.xsd">
  <responseDate>2014-10-15T06:48:56Z</responseDate>
  <request verb="GetRecord" metadataPrefix="oai_dc" identifier="oai:kobv.de-opus4-tuberlin:1030">http://opus4.kobv.de/opus4-tuberlin/oai</request>
  <GetRecord>
    <record>
      <header>
        <identifier>oai:kobv.de-opus4-tuberlin:1030</identifier>
        <datestamp>2013-07-01</datestamp>
        <setSpec>doc-type:doctoralthesis</setSpec>
        <setSpec>bibliography:false</setSpec>
        <setSpec>ddc</setSpec>
        <setSpec>ddc:580</setSpec>
      </header>
      <metadata>
        <oai_dc:dc xmlns:oai_dc="http://www.openarchives.org/OAI/2.0/oai_dc/" xmlns:dc="http://purl.org/dc/elements/1.1/" xsi:schemaLocation="http://www.openarchives.org/OAI/2.0/oai_dc/ http://www.openarchives.org/OAI/2.0/oai_dc.xsd">
          <dc:title xml:lang="deu">Vorkommen und Verbreitung von Pflanzenarten in der Stadt Cheon-ju (Südkorea) unter besonderer Berücksichtigung anthropogener Einflüsse</dc:title>
          <dc:title xml:lang="eng">Occurrence and dispersal of plant species in the city of Cheon-ju (southern Korea) with special regard to human impact</dc:title>
          <dc:creator>Choi, Il-Ki</dc:creator>
          <dc:subject>ddc:580</dc:subject>
          <dc:description xml:lang="deu">Die vorliegende Arbeit beschäftigt sich mit der städtischen Flora Koreas am Beispiel der Stadt Cheon-ju. Im Rahmen einer Analyse der Verbreitung und Vorkommensschwerpunkte von Pflanzenarten in dieser im Südwesten Koreas gelegenen Stadt und einer Untersuchung von Stadt-Umland-Gradienten wird hier ein Schwerpunkt auf die anthropogenen Einflüsse gelegt. Um möglichst das gesamte Spektrum der standorts- und nutzungsabhängigen Flora zu erfassen, wurden alle Farn- und Blütenpflanzen auf 106 Probeflächen mit einer Größe von jeweils 1 ha erfasst. Die Untersuchungsflächen wurden in unterschiedlicher Entfernung vom Stadtzentrum so gewählt, dass sie die Hauptnutzungstypen des Untersuchungsgebietes repräsentieren. Insgesamt wurden auf den 106 Probeflächen (31 Nutzungstypen) 525 wildwachsende Farn- und Blütenpflanzenarten nachgewiesen, wobei es sich um 437 einheimische Arten (83 %) und 88 nichteinheimische Arten (17 %) handelt. Die Hälfte der nichteinheimischen Arten ist nordamerikanischer (31,8 %) oder europäischer (19 %) Herkunft. Fast die Hälfte der Arten (42,8 %) sind als mesohemerobe Arten zu bewerten, deren Standorte schwerpunktmäßig durch geringen menschlichen Einfluss gekennzeichnet sind. Unter den verschiedenen Lebensformen zeigen Therophyten eine positive Korrelation zum menschlichen Einfluss, dagegen sind Geophyten, Gehölze (Nanophanerophyten und Phanerophyten) negativ korreliert. Die Verteilung des Anteils von nichteinheimischen Arten auf der Hemerobieskala bestätigt die allgemeine Tendenz, dass stärker beeinflusste Standorte häufiger von Hemerochoren besiedelt sind als schwach beeinflusste Standorte. Um die Verbreitungstypen bestimmter Arten im Stadtgebiet von Cheon-ju deutlich aufzuzeigen, wurden einige Arten von Artengruppen mit ähnlicher Verbreitung anhand ihres Schwerpunktvorkommens in den gegliederten Stadtzonen (Bebauungszone, Gering bebaute Zone und Wald/Forstzone) ausgewählt. Die Verbreitungstypen der Arten wurden in drei Artengruppen (urbanophobe, urbanoneutrale und urbanophile Arten) unterteilt.</dc:description>
          <dc:date>2005-07-15</dc:date>
          <dc:type>doctoralthesis</dc:type>
          <dc:type>doc-type:doctoralthesis</dc:type>
          <dc:format>application/pdf</dc:format>
          <dc:identifier>http://opus4.kobv.de/opus4-tuberlin/frontdoor/index/index/docId/1030</dc:identifier>
          <dc:identifier>urn:nbn:de:kobv:83-opus-10198</dc:identifier>
          <dc:identifier>http://nbn-resolving.de/urn/resolver.pl?urn:nbn:de:kobv:83-opus-10198</dc:identifier>
          <dc:identifier>http://opus4.kobv.de/opus4-tuberlin/files/1030/choi_ilki.pdf</dc:identifier>
          <dc:language>deu</dc:language>
          <dc:rights>Deutsches Urheberrecht mit Print on Demand (u.a. für Dissertationen empfohlen)</dc:rights>
        </oai_dc:dc>
      </metadata>
    </record>
  </GetRecord>
</OAI-PMH>
