<?xml version="1.0" encoding="utf-8"?>
<?xml-stylesheet type="text/xsl" href="xsl/oai2.xsl"?><OAI-PMH xmlns="http://www.openarchives.org/OAI/2.0/" xmlns:xsi="http://www.w3.org/2001/XMLSchema-instance" xsi:schemaLocation="http://www.openarchives.org/OAI/2.0/ http://www.openarchives.org/OAI/2.0/OAI-PMH.xsd">
  <responseDate>2014-10-15T06:49:18Z</responseDate>
  <request verb="GetRecord" metadataPrefix="oai_dc" identifier="oai:kobv.de-opus4-tuberlin:1114">http://opus4.kobv.de/opus4-tuberlin/oai</request>
  <GetRecord>
    <record>
      <header>
        <identifier>oai:kobv.de-opus4-tuberlin:1114</identifier>
        <datestamp>2013-07-01</datestamp>
        <setSpec>doc-type:doctoralthesis</setSpec>
        <setSpec>bibliography:false</setSpec>
        <setSpec>ddc</setSpec>
        <setSpec>ddc:710</setSpec>
      </header>
      <metadata>
        <oai_dc:dc xmlns:oai_dc="http://www.openarchives.org/OAI/2.0/oai_dc/" xmlns:dc="http://purl.org/dc/elements/1.1/" xsi:schemaLocation="http://www.openarchives.org/OAI/2.0/oai_dc/ http://www.openarchives.org/OAI/2.0/oai_dc.xsd">
          <dc:title xml:lang="deu">Zur Evaluationsmethodik für großflächige integrative Naturschutzprogramme - an Beispielen eines brandenburgischen Großschutzgebietes</dc:title>
          <dc:title xml:lang="eng">Evaluation Methods for Integrative Large-area Nature conservation Programmes - Considering as example a large-area protection zone in Brandenburg, Germany</dc:title>
          <dc:creator>Bader, Dorothee</dc:creator>
          <dc:subject>ddc:710</dc:subject>
          <dc:description xml:lang="deu">Die Entwicklung von Erfolgskontrollen und Evaluationen im Naturschutz ging nicht mit der Strategieentwicklung zu großflächigen integrativen Naturschutzprogrammen einher. Daher existieren kaum Methoden, bei thematisch weit gefassten und komplexen Programmen wie den brandenburgischen Großschutzgebieten Wirkung, Zielerreichung und Erfolg zu erfassen. Die sozialwissenschaftliche Evaluationsforschung bietet zwar Grundlagen, aber keine direkt übertragbaren Lösungen. Ausgehend von der bestehenden Evaluationsforschung wurde zunächst ein methodischer Rahmen zum Ablauf von Evaluationen komplexer Naturschutzvorhaben entwickelt (1. Stufe im zweistufigen Aufbau der Methode). Dieser wurde feinmethodisch ausgefüllt (2. Stufe). Der Erprobung dienten Beispiele des Biosphärenreservates Schorfheide-Chorin als brandenburgisches Großschutzgebiet. Bei der Evaluation von komplexen Naturschutzprogrammen steht die Ermittlung von Wirkungen und Zielerreichung im Vordergrund. Dafür werden Wirkungsketten vom Instrument (Handlung) bis zur Wirkung beim Schutzgut oder Adressaten gebildet. Diese Wirkungsketten stellen Hypothesen dar und beinhalten einzelne Wirkungsschritte, die Kausalverknüpfungen zwischen ihnen und die einwirkenden Rahmenbedingungen. Die Wirkungsketten werden dann möglichst weitgehend belegt oder ggf. auch entkräftet. Dabei kommen vielfach Fallstudien zur Anwendung. Mit den durch die Wirkungsketten gewonnenen Informationen lassen sich für das Gesamtgebiet bzw. Gesamtprogramm Wirkung, Zielerreichung und Erfolg darstellen und die angewandten Instrumente nach verschiedenen Kriterien beurteilen. Auch für die vorab notwendige Aufstellung eines Zielsystems, die Sammlung der Instrumente und die Auswahl der zu untersuchenden Wirkungsketten werden Vorgehensweisen aufgezeigt. Die Methode könnte zu einer neuen Qualität bei Erfolgskontrollen und Evaluationen im Naturschutz führen. Sie könnte zur Behebung wesentlicher Informations- und Darstellungsdefizite des Naturschutzes beitragen, welche oftmals einer effektiven Weiterentwicklung und Durchsetzbarkeit von Naturschutzprogrammen und -strategien entgegenstehen. Gleichzeitig kam ein Ansatz der Wirkungsforschung zu Stande, der über Naturschutzvorhaben hinaus für thematisch weitgefasste, flächenbezogene komplexe Programme nutzbar sein dürfte.</dc:description>
          <dc:description xml:lang="eng">The development of performance controls and evaluations in nature conservancy did not involve the evolution of strategies for large-area and integrative nature conservation programmes. Therefore hardly any methods exist to assess the impact, the achievement of objectives and the success of thematically complex programmes like the large-area protection zones in Brandenburg. Though the socio-scientific evaluation research provides some basic principles, it does not offer any directly transferable solutions. Starting from the existing evaluation research a methodical framework for the procedure of the evaluation of complex nature-conservation projects was developed (1st step in the two-stage assembly of the method). This framework was fine-methodically completed(2nd step). The biosphere reserve Schorfheide-Chorin served as a proving ground. The identification of impacts and of the achievement of objectives is the main aim of the evaluation of complex nature conservation programmes. For this purpose functional chains, reaching from the instrument (action) to the impact on the subject of protection or on the addressee, are generated. These functional chains represent hypotheses and include the individual steps of impact, the causal connections between them and the affecting framework. Afterwards the functional chains are, as the case may be, proved or disproved. Thereby case studies are frequently applied. The information gathered herewith can be used to document the impacts, the achievement of objectives and the success for the whole area and programme respectively. According to certain criteria the applied instruments can be assessed. Procedures for the preliminary necessary set-up of a target system, the collection of instruments and the selection of the functional chains which have to be analyzed, are presented as well. This method might lead to a new quality of performance controls and evaluations in nature conservancy. It might eliminate the information and presentation deficit in nature conservation which is often opposed to further development and feasibility of nature conservation programmes and strategies. At the same time a new approach for research on impact and effects was developed, which might be useful for area-related and thematically complex programmes other than nature conservation projects.</dc:description>
          <dc:date>2005-10-14</dc:date>
          <dc:type>doctoralthesis</dc:type>
          <dc:type>doc-type:doctoralthesis</dc:type>
          <dc:format>application/pdf</dc:format>
          <dc:identifier>http://opus4.kobv.de/opus4-tuberlin/frontdoor/index/index/docId/1114</dc:identifier>
          <dc:identifier>urn:nbn:de:kobv:83-opus-11143</dc:identifier>
          <dc:identifier>http://nbn-resolving.de/urn/resolver.pl?urn:nbn:de:kobv:83-opus-11143</dc:identifier>
          <dc:identifier>http://opus4.kobv.de/opus4-tuberlin/files/1114/bader_dorothee.pdf</dc:identifier>
          <dc:language>deu</dc:language>
          <dc:rights>Deutsches Urheberrecht mit Print on Demand (u.a. für Dissertationen empfohlen)</dc:rights>
        </oai_dc:dc>
      </metadata>
    </record>
  </GetRecord>
</OAI-PMH>
