<?xml version="1.0" encoding="utf-8"?>
<?xml-stylesheet type="text/xsl" href="xsl/oai2.xsl"?><OAI-PMH xmlns="http://www.openarchives.org/OAI/2.0/" xmlns:xsi="http://www.w3.org/2001/XMLSchema-instance" xsi:schemaLocation="http://www.openarchives.org/OAI/2.0/ http://www.openarchives.org/OAI/2.0/OAI-PMH.xsd">
  <responseDate>2014-10-15T06:50:19Z</responseDate>
  <request verb="GetRecord" metadataPrefix="oai_dc" identifier="oai:kobv.de-opus4-tuberlin:1257">http://opus4.kobv.de/opus4-tuberlin/oai</request>
  <GetRecord>
    <record>
      <header>
        <identifier>oai:kobv.de-opus4-tuberlin:1257</identifier>
        <datestamp>2013-07-01</datestamp>
        <setSpec>doc-type:doctoralthesis</setSpec>
        <setSpec>bibliography:false</setSpec>
        <setSpec>ddc</setSpec>
        <setSpec>ddc:300</setSpec>
      </header>
      <metadata>
        <oai_dc:dc xmlns:oai_dc="http://www.openarchives.org/OAI/2.0/oai_dc/" xmlns:dc="http://purl.org/dc/elements/1.1/" xsi:schemaLocation="http://www.openarchives.org/OAI/2.0/oai_dc/ http://www.openarchives.org/OAI/2.0/oai_dc.xsd">
          <dc:title xml:lang="deu">Konzept einer integrierten, handlungsorientierten Gesundheits- und Sozialberichterstattung im regionalen Ansatz - Theorien, Methoden, Anwendungsfelder -</dc:title>
          <dc:title xml:lang="eng">Concept of integrated, practice oriented health an social reporting in a regional base - theorien, methods, fields of applications -</dc:title>
          <dc:creator>Hermann, Sabine</dc:creator>
          <dc:subject>ddc:300</dc:subject>
          <dc:description xml:lang="deu">Ziel der Arbeit ist die Entwicklung eines integrierten, handlungsorientierten Konzepts der Gesundheits- und Sozialberichterstattung zur Dauerbeobachtung von Lebenslagen und Lebensverhältnissen im regionalen Ansatz. Es wird der Frage nachgegangen, wie sich in der Berichterstattung gesundheitliche und soziale Aspekte integrieren und in einem Monitoringsystem darstellen lassen, welches einerseits wissenschaftlichen Kriterien genügt und andererseits empirisch umsetzbar ist. Weiterhin wird untersucht, wie im Rahmen der integrierten Berichterstattung eine Handlungsrelevanz erreicht werden kann. Das Konzept orientiert sich am aktuellen Wissenschaftsdiskurs, wonach die gesundheitliche und soziale Lage nicht als ein Nebeneinander von Lebensdimensionen sondern als Kombination dieser dargestellt wird. Dieser theoretisch als sinnvoll begründete neue Typ der integrierten Berichterstattung wird für deutsche Städte mit 200.000 und mehr Einwohnern sowie der Städte und Landkreise der Region Berlin-Brandenburg empirisch umgesetzt.</dc:description>
          <dc:description xml:lang="eng">Aim of the work is to develop an integrated, practice oriented concept of health and social reporting. This is necessary to continuously observe situations and circumstances in life in a regional base. The question being pursued is, how healths and social aspects are integrated and how they can be represented in a monitoring system. The monitoring system on the one hand must fulfill scientific criteria and on the other hand be empirically marketable. Furthermore, it is being examined how can be reached relevance in the terms of action in the framework of integrated reporting. The concept is orientated on a current scientific discourse, where the health and social situation can not be presented as being separate of sphere of life, but as a combination. This new type of integrated reporting has been proved to be theoretically accurate and is being empirically implemeted in German cities with 200.000 and more inhabitants, as well as in the cities and rural districts of the region Berlin-Brandenburg.</dc:description>
          <dc:date>2006-05-23</dc:date>
          <dc:type>doctoralthesis</dc:type>
          <dc:type>doc-type:doctoralthesis</dc:type>
          <dc:format>application/pdf</dc:format>
          <dc:identifier>http://opus4.kobv.de/opus4-tuberlin/frontdoor/index/index/docId/1257</dc:identifier>
          <dc:identifier>urn:nbn:de:kobv:83-opus-12886</dc:identifier>
          <dc:identifier>http://nbn-resolving.de/urn/resolver.pl?urn:nbn:de:kobv:83-opus-12886</dc:identifier>
          <dc:identifier>http://opus4.kobv.de/opus4-tuberlin/files/1257/hermann_sabine.pdf</dc:identifier>
          <dc:language>deu</dc:language>
          <dc:rights>Deutsches Urheberrecht mit Print on Demand (u.a. für Dissertationen empfohlen)</dc:rights>
        </oai_dc:dc>
      </metadata>
    </record>
  </GetRecord>
</OAI-PMH>
