<?xml version="1.0" encoding="utf-8"?>
<?xml-stylesheet type="text/xsl" href="xsl/oai2.xsl"?><OAI-PMH xmlns="http://www.openarchives.org/OAI/2.0/" xmlns:xsi="http://www.w3.org/2001/XMLSchema-instance" xsi:schemaLocation="http://www.openarchives.org/OAI/2.0/ http://www.openarchives.org/OAI/2.0/OAI-PMH.xsd">
  <responseDate>2014-10-15T06:50:30Z</responseDate>
  <request verb="GetRecord" metadataPrefix="oai_dc" identifier="oai:kobv.de-opus4-tuberlin:1300">http://opus4.kobv.de/opus4-tuberlin/oai</request>
  <GetRecord>
    <record>
      <header>
        <identifier>oai:kobv.de-opus4-tuberlin:1300</identifier>
        <datestamp>2013-07-01</datestamp>
        <setSpec>doc-type:doctoralthesis</setSpec>
        <setSpec>bibliography:false</setSpec>
        <setSpec>ddc</setSpec>
        <setSpec>ddc:660</setSpec>
      </header>
      <metadata>
        <oai_dc:dc xmlns:oai_dc="http://www.openarchives.org/OAI/2.0/oai_dc/" xmlns:dc="http://purl.org/dc/elements/1.1/" xsi:schemaLocation="http://www.openarchives.org/OAI/2.0/oai_dc/ http://www.openarchives.org/OAI/2.0/oai_dc.xsd">
          <dc:title xml:lang="eng">Base Catalyzed Glycerolysis of Fatty Acid Methyl Esters: Investigations Towards the Development of a Continuous Process</dc:title>
          <dc:title xml:lang="deu">Basekatalysierte Glycerolyse von Fettsäuremethylester: Untersuchungen zur Entwicklung eines kontinuierlichen Prozesses</dc:title>
          <dc:creator>Negi, Devender</dc:creator>
          <dc:subject>ddc:660</dc:subject>
          <dc:description xml:lang="eng">The base catalyzed glycerolysis of fatty acid methyl esters (FAME) has been investigated in this work with the aim to develop a continuous process for this reaction. Mono- and diglycerides are the main products of this reaction, which find major use as emulsifiers in food and pharmaceutical products. Monoglycerides are commercially manufactured by the base catalyzed glycerolysis of fats and oils, mostly using batch reactors. However, the glycerolysis of fatty acid methyl esters can be used to produce monoglycerides with desirable emulsification properties for specific end uses. The glycerolysis reaction represents an equilibrium limited liquid-liquid reaction where the reaction kinetics and phase behavior were not properly understood at the beginning of this project. For selecting favorable process alternatives for this reaction, a prerequisite was the identification and characterization of the factors that affect the reaction kinetics. Following previous investigations on FAME glycerolysis, the effect of mass transfer limitations and liquid-liquid solubility on the reaction rate was studied in this work. The drop size distribution was investigated parallel to the ester conversion during batch reactions. It was found that under well stirred conditions the reaction is not limited by mass transfer. Rather, the changing glycerol solubility was found to be responsible for the observed reaction rate behavior. The glycerol solubility in the ester phase as predicted by the activity coefficient models UNIFAC and UNIFAC-Dortmund was found to deviate largely from the experimentally observed values in the presence of monoglyceride. A kinetic model based on Kimmel's work [1] was used in this study. In this model an empirical relation was used for the glycerol concentration in the ester phase. To determine the model parameters, experiments were carried out in a batch reactor. As a continuous reactor, a bubble cap tray column was considered potentially advantageous as faster reaction rates and higher conversions were expected by efficiently removing the by-product methanol from the liquid reaction mixture. Experiments with a single bubble cap tray supported this fact but the simulations carried out for a cascade of trays showed low overall conversions. Simulations for a continuous flow stirred tank reactor (CSTR) with methanol removal showed higher overall conversion as compared to a cascade of trays with the same total liquid holdup as the volume of a single CSTR. Experiments were carried out in a CSTR for the verification of the simulations. The experimentally obtained ester conversion and monoglyceride selectivity was found to be in good agreement with simulation results.</dc:description>
          <dc:description xml:lang="deu">Die basekatalysierte Glycerolyse von Fettsäuremethylester (FAME) wurde in dieser Arbeit mit dem Ziel untersucht, einen kontinuierlichen Prozess für diese Reaktion zu entwickeln. Die Hauptprodukte der Umsetzung sind Mono- und Diglyceride, welche überwiegend als Emulgatoren in Lebensmitteln und pharmazeutischen Produkten verwendet werden. Monoglyceride werden kommerziell über die basekatalysierte Glycerolyse von Fetten und Ölen hergestellt, meist in Batch-Reaktoren. Durch die Glycerolyse von Fettsäuremethylester können Monoglyceride mit der gewünschten Eigenschaften für spezifische Anwendungen bereitgestellt werden, da dafür Ester einzelner Fettsäuren eingesetzt werden können. Die Glycerolyse stellt eine gleichgewichtlimitierte flüssig-flüssig-Reaktion dar, wobei die Reaktionskinetik und das Phasenverhalten des Reaktionsgemisches zu Beginn dieses Projektes noch nicht vollständig verstanden war. Voraussetzungen für die Auswahl einer günstigen Verfahrensalternative für diese Reaktion waren die Identifizierung und Charakterisierung der Faktoren, die die Reakionskinetik beeinflussen. Auf Basis von vorherigen Untersuchungen über FAME-Glycerolyse wurde der Effekt von Stofftransportphänomenen und der Löslichkeit von flüssig-flüssig Systemen auf die Reaktionsgeschwindigkeit untersucht. Die Tropfengrößenverteilung wurde in Abhängigkeit vom Esterumsatz in Batchreaktionen bestimmt. Es wurde herausgefunden, dass die Reaktionsgeschwindigkeit bei höher Rührerdrehzahl unabhängig von Stofftransportlimitierungen ist. Die Glycerinlöslichkeit hat dagegen einen deutlichen Einfluss auf die Reaktionsgeschwindigkeit. Die experimentell bestimmte Löslichkeit von Glycerol in der Esterphase wich in Gegenwart von Monoglycerid stark von den mit UNIFAC und UNIFAC-Dortmund berechneten Werten ab. In dieser Arbeit wurde ein kinetisches Modell verwendet, dass auf den Untersuchungen von T. Kimmel [1] basiert. In diesem Modell wurde eine empirische Beziehung für die Glycerolkonzentration in der Esterphase benutzt. Um die Modell-Parameter zu bestimmen, wurden Experimente im Batch-Reaktor durchgeführt. Als kontinuierlicher Reaktor wurde eine Glockenboden-Kolonne als potenziell vorteilhaft angesehen, da bei einer effizienten Entfernung des Nebenproduktes Methanol aus der flüssigen Reaktionsmischung höhere Reaktionsgeschwindigkeiten und Umsätze zu erwarten sind. Experimente mit einem einzelnen Glockenboden unterstützten zunächst diese Annahme, aber Simulation für eine Bodenkolonne zeigten eher niedrige Gesamtumsätze. Simulationen für einen kontinuierlichen Rührkessel (CSTR) mit Methanol Entfernung zeigten höhere Gesamtumsätze als eine Bodenkolonne mit gleichem Flüssigkeitsvolumen. Auf Grundlage dieser Simulationsergebnisse wurden Verifikationsexperimente ausgeführt. Die experimentell bestimmten Werte für Ester-Umsatz und Monoglycerid-Selektivität waren in guter Übereinstimmung mit der Simulationsergebnissen.</dc:description>
          <dc:date>2006-07-10</dc:date>
          <dc:type>doctoralthesis</dc:type>
          <dc:type>doc-type:doctoralthesis</dc:type>
          <dc:format>application/pdf</dc:format>
          <dc:identifier>http://opus4.kobv.de/opus4-tuberlin/frontdoor/index/index/docId/1300</dc:identifier>
          <dc:identifier>urn:nbn:de:kobv:83-opus-13260</dc:identifier>
          <dc:identifier>http://nbn-resolving.de/urn/resolver.pl?urn:nbn:de:kobv:83-opus-13260</dc:identifier>
          <dc:identifier>http://opus4.kobv.de/opus4-tuberlin/files/1300/negi_devender.pdf</dc:identifier>
          <dc:language>eng</dc:language>
          <dc:rights>Deutsches Urheberrecht mit Print on Demand (u.a. für Dissertationen empfohlen)</dc:rights>
        </oai_dc:dc>
      </metadata>
    </record>
  </GetRecord>
</OAI-PMH>
