<?xml version="1.0" encoding="utf-8"?>
<?xml-stylesheet type="text/xsl" href="xsl/oai2.xsl"?><OAI-PMH xmlns="http://www.openarchives.org/OAI/2.0/" xmlns:xsi="http://www.w3.org/2001/XMLSchema-instance" xsi:schemaLocation="http://www.openarchives.org/OAI/2.0/ http://www.openarchives.org/OAI/2.0/OAI-PMH.xsd">
  <responseDate>2014-10-15T06:50:38Z</responseDate>
  <request verb="GetRecord" metadataPrefix="oai_dc" identifier="oai:kobv.de-opus4-tuberlin:1332">http://opus4.kobv.de/opus4-tuberlin/oai</request>
  <GetRecord>
    <record>
      <header>
        <identifier>oai:kobv.de-opus4-tuberlin:1332</identifier>
        <datestamp>2013-07-01</datestamp>
        <setSpec>doc-type:doctoralthesis</setSpec>
        <setSpec>bibliography:false</setSpec>
        <setSpec>ddc</setSpec>
        <setSpec>ddc:570</setSpec>
      </header>
      <metadata>
        <oai_dc:dc xmlns:oai_dc="http://www.openarchives.org/OAI/2.0/oai_dc/" xmlns:dc="http://purl.org/dc/elements/1.1/" xsi:schemaLocation="http://www.openarchives.org/OAI/2.0/oai_dc/ http://www.openarchives.org/OAI/2.0/oai_dc.xsd">
          <dc:title xml:lang="deu">Strategien zur HLA-Typisierung mit PyrosequencingTM</dc:title>
          <dc:title xml:lang="eng">HLA typing strategies with PyrosequencingTM</dc:title>
          <dc:creator>Entz, Patricia</dc:creator>
          <dc:subject>ddc:570</dc:subject>
          <dc:description xml:lang="deu">Der Haupthistokompatibilitätskomplex ist durch seine biologische Funktion eine für die Diagnostik und Forschung äußerst wichtige Region im humanen Genom. Die Untersuchung von HLA-Genorten stellt ein wichtiges Instrument in der molekulargenetischen Praxis dar. Die Pyrosequencing-Technik ist gut geeignet, um kurze DNA-Abschnitte mit weitgehend bekannter Sequenz schnell und effizient zu untersuchen. Ziel dieser Arbeit war die Entwicklung von Pyrosequencing-basierten Methoden zur HLA-Typisierung. Exemplarisch wurden für drei wichtige HLA-Genorte, HLA-DQB1, HLA-DRB1 und HLA-B Untersuchungsstrategien entwickelt. Die Vorgehensweise wurde jeweils auf die Besonderheiten der unterschiedlichen Genorte angepasst. Die Strategien wurden an Standardproben validiert und in Kleinstudien angewendet. So wurde eine Fall-Kontroll-Studie zur Untersuchung einer möglichen Assoziation zwischen HLA-DRB1 und Alopecia areata mit Hilfe der entwickelten Typisierungsstrategie durchgeführt. Neben einer populationsgenetischen Untersuchung des HLA-B Genortes an Proben von Individuen aus Papua Neuguinea wurde die Pyrosequencing-Methode dafür eingesetzt, die Alleltrennung durch Haplotyp-spezifische Extraktion schnell und günstig zu überprüfen. Die Pyrosequencing Protokolle bieten eine sehr effiziente Alternative und Ergänzung zu den bestehenden HLA-Typisierungsmethoden.</dc:description>
          <dc:description xml:lang="eng">Because of its biological function the mayor histocompatibility complex is an extremely interesting region in the human genome. The investigation of HLA gene loci is an important instrument in moleculargenetic praxis. The PyrosequencingTM technique is a fast and efficient method for the investigation of short DNA stretches with mostly known sequence. Goal of this work was to create a pyrosequencing-based method for HLA typing. For three different HLA-loci (HLA-DQB1, HLA-DRB1 and HLA-B) typing strategies were created. The proceedings were matched to the particularities of the different loci. The strategies were validated on standard samples and applied in small studies. A case-control-study on the possible association between HLA-DRB1 and alopecia areata was processed by means of the created typing strategy. A population genetic investigation of HLA-B on samples of individuals from Papua Newguinea was done. The method was applied for fast end convenient evaluation of allel separation after haplotyp specific extraction. The pyrosequencing-based protocols offer an efficient alternative and completition of the existing methods.</dc:description>
          <dc:date>2006-09-11</dc:date>
          <dc:type>doctoralthesis</dc:type>
          <dc:type>doc-type:doctoralthesis</dc:type>
          <dc:format>application/pdf</dc:format>
          <dc:identifier>http://opus4.kobv.de/opus4-tuberlin/frontdoor/index/index/docId/1332</dc:identifier>
          <dc:identifier>urn:nbn:de:kobv:83-opus-13741</dc:identifier>
          <dc:identifier>http://nbn-resolving.de/urn/resolver.pl?urn:nbn:de:kobv:83-opus-13741</dc:identifier>
          <dc:identifier>http://opus4.kobv.de/opus4-tuberlin/files/1332/entz_patricia.pdf</dc:identifier>
          <dc:language>deu</dc:language>
          <dc:rights>Deutsches Urheberrecht mit Print on Demand (u.a. für Dissertationen empfohlen)</dc:rights>
        </oai_dc:dc>
      </metadata>
    </record>
  </GetRecord>
</OAI-PMH>
