<?xml version="1.0" encoding="utf-8"?>
<?xml-stylesheet type="text/xsl" href="xsl/oai2.xsl"?><OAI-PMH xmlns="http://www.openarchives.org/OAI/2.0/" xmlns:xsi="http://www.w3.org/2001/XMLSchema-instance" xsi:schemaLocation="http://www.openarchives.org/OAI/2.0/ http://www.openarchives.org/OAI/2.0/OAI-PMH.xsd">
  <responseDate>2014-10-15T06:49:04Z</responseDate>
  <request verb="GetRecord" metadataPrefix="oai_dc" identifier="oai:kobv.de-opus4-tuberlin:1056">http://opus4.kobv.de/opus4-tuberlin/oai</request>
  <GetRecord>
    <record>
      <header>
        <identifier>oai:kobv.de-opus4-tuberlin:1056</identifier>
        <datestamp>2013-07-01</datestamp>
        <setSpec>doc-type:doctoralthesis</setSpec>
        <setSpec>bibliography:false</setSpec>
        <setSpec>ddc</setSpec>
        <setSpec>ddc:540</setSpec>
      </header>
      <metadata>
        <oai_dc:dc xmlns:oai_dc="http://www.openarchives.org/OAI/2.0/oai_dc/" xmlns:dc="http://purl.org/dc/elements/1.1/" xsi:schemaLocation="http://www.openarchives.org/OAI/2.0/oai_dc/ http://www.openarchives.org/OAI/2.0/oai_dc.xsd">
          <dc:title xml:lang="deu">Herstellung und Modifizierung maßgeschneiderter Adsorberpolymere für die Reinigung von Abwässern und Abluft</dc:title>
          <dc:creator>Reinhardt, Sylvia</dc:creator>
          <dc:subject>ddc:540</dc:subject>
          <dc:description xml:lang="deu">Es wurden stabile perlenförmige, hochporöse Adsorberpolymere mit hohen spezifischen Oberflächen bis 930m²/g und variabler Porosität in optimierten Herstellungsverfahren hergestellt, die für die Adsorption von in Wasser gelösten Inhaltsstoffen und Gasen geeignet sind. Die Adsorberpolymere sind regenerierbar und damit für die Mehrfachadsorption einsetzbar. Adsorberpolymere mit großen Porenvolumen können als Speichermedium für Gase verwendet werden, während die hochporösen Adsorberpolymere zur Feinreinigung von Abwässer und Abluft eingesetzt werden können. Durch Variation der Synthesebedingungen wurde der Einfluss der Polymerisationsparameter auf die spezifische Oberfläche, das Porenvolumen, die Porengröße und Porengrößenverteilung der Adsorberpolymere eingehend untersucht und die Möglichkeit eröffnet, die Porosität der Adsorberpolymere in Abhängigkeit von dem Einsatzgebiet zu variieren. Es wurde ein neues Verfahren zur Herstellung hochporöser Adsorberpolymere ohne Einsatz des hochtoxischen und karzinogenen Monochlordimethylethers entwickelt. In einem zweistufigen Verfahren konnten chlorhaltige hochporöse Adsorberpolymere hergestellt werden, deren adsorptive Eigenschaften mit kommerziell erhältlichen Adsorberpolymeren vergleichbar sind. Die Variation der chemischen Zusammensetzung der Adsorberpolymere mit polaren Comonomeren ermöglichte es, maßgeschneiderter Porensysteme für die Adsorption unterschiedlicher Adsorptive herzustellen. Der Einfluss der apparativen Eigenschaften und der Polymerisationsbedingungen auf die Partikelform und Partikelgröße der Adsorberpolymere wurde untersucht. Durch die variable Partikelgröße enger Verteilung können die AP als Festphasenmaterialien in adsorptiven Reinigungsverfahren eingesetzt werden. Es wurde ein neuer natürlicher Suspensionsstabilisator (Hefe) eingesetzt, der eine gute Umweltverträglichkeit aufweist und es ermöglicht, Adsorberpolymere mit einheitlich runder Partikelform herzustellen. Es wurde der Einfluss der spezifischen Oberfläche und der chemischen Modifizierung der polymeren Matrix auf die Thermostabilität der Adsorberpolymere untersucht. Die Thermostabilität der Adsorberpolymere nimmt vor allem mit steigender spezifischer Oberfläche zu. Untersuchungen zum Quellverhalten der AP in reinen organischen Flüssigkeiten führten zur Schlussfolgerung, dass sich die Adsorberpolymere nicht zur Adsorption von reinen organischen Flüssigkeiten eignen.</dc:description>
          <dc:date>2005-08-03</dc:date>
          <dc:type>doctoralthesis</dc:type>
          <dc:type>doc-type:doctoralthesis</dc:type>
          <dc:format>application/pdf</dc:format>
          <dc:identifier>http://opus4.kobv.de/opus4-tuberlin/frontdoor/index/index/docId/1056</dc:identifier>
          <dc:identifier>urn:nbn:de:kobv:83-opus-10404</dc:identifier>
          <dc:identifier>http://nbn-resolving.de/urn/resolver.pl?urn:nbn:de:kobv:83-opus-10404</dc:identifier>
          <dc:identifier>http://opus4.kobv.de/opus4-tuberlin/files/1056/reinhardt_sylvia.pdf</dc:identifier>
          <dc:language>deu</dc:language>
          <dc:rights>Deutsches Urheberrecht mit Print on Demand (u.a. für Dissertationen empfohlen)</dc:rights>
        </oai_dc:dc>
      </metadata>
    </record>
  </GetRecord>
</OAI-PMH>
