<?xml version="1.0" encoding="utf-8"?>
<?xml-stylesheet type="text/xsl" href="xsl/oai2.xsl"?><OAI-PMH xmlns="http://www.openarchives.org/OAI/2.0/" xmlns:xsi="http://www.w3.org/2001/XMLSchema-instance" xsi:schemaLocation="http://www.openarchives.org/OAI/2.0/ http://www.openarchives.org/OAI/2.0/OAI-PMH.xsd">
  <responseDate>2014-10-15T06:49:09Z</responseDate>
  <request verb="GetRecord" metadataPrefix="oai_dc" identifier="oai:kobv.de-opus4-tuberlin:1075">http://opus4.kobv.de/opus4-tuberlin/oai</request>
  <GetRecord>
    <record>
      <header>
        <identifier>oai:kobv.de-opus4-tuberlin:1075</identifier>
        <datestamp>2013-07-01</datestamp>
        <setSpec>doc-type:doctoralthesis</setSpec>
        <setSpec>bibliography:false</setSpec>
        <setSpec>ddc</setSpec>
        <setSpec>ddc:500</setSpec>
      </header>
      <metadata>
        <oai_dc:dc xmlns:oai_dc="http://www.openarchives.org/OAI/2.0/oai_dc/" xmlns:dc="http://purl.org/dc/elements/1.1/" xsi:schemaLocation="http://www.openarchives.org/OAI/2.0/oai_dc/ http://www.openarchives.org/OAI/2.0/oai_dc.xsd">
          <dc:title xml:lang="deu">Modellberechnungen zum Verhalten und Verbleib von Arzneimittelrückständen im Krankenhausabwasser und Beurteilungsmöglichkeiten ihres ökotoxikologischen Gefährdungspotentials</dc:title>
          <dc:title xml:lang="eng">pharmaceutical residues</dc:title>
          <dc:creator>Feldmann, Dirk F.</dc:creator>
          <dc:subject>ddc:500</dc:subject>
          <dc:description xml:lang="deu">Die vorliegende Arbeit beschreibt mathematisch-pharmakokinetische Modellberechnungen für die Ermittlung zu erwartender Arzneimittelrückstände in kommunalem Abwasser unter besonderer Berücksichtigung spezieller Verursacher wie Krankenhäusern und Pflegeeinrichtungen. Die erstellten Modelle wurden anhand von Feldversuchen im Bereich des Abwassersystems des Bundeswehrkrankenhauses Berlin auf ihre Anwendbarkeit hin untersucht und verschiedene Arzneimitteltypen auf ihre Eignung als Indikatorsubstanzen hin geprüft. Es kann gezeigt werden, dass die entwickelten Modellberechnungen die zu erwartenden Rückstände prinzipiell gut vorhersagen, dass aber auf der anderen Seite eine ganze Reihe an Faktoren die Kalkulationen erschweren. Vor allem die nur schwer zu erhebenden exakten Verbrauchsdaten der einzelnen Pharmaka und mangelnde Informationen über pharmakologische bzw. pharmakokinetische Prozesse im menschlichen Körper stellen hierbei ein großes Problem dar. Als ideale Versuchs- und Indikatorsubstanzen wurden Stoffe ermittelt, die eine hohe Resorptionsquote und eine minimale Metabolisierung ohne einfach konjugierte Anteile aufweisen. Die Substanzen müssen trotzdem in so hohem Maße unverändert ausgeschieden werden, dass die analytischen Messmethoden sie im Abwasser noch nachweisen können. Auch ist eine kontinuierliche Dauermedikation der Substanz wünschenswert, um jahreszeitliche Verbrauchsschwankungen zu vermeiden. Das Antiepileptikum Carbamazepin wird in allen drei Feldversuchen als solche Substanz identifiziert. Für das Krankenhausabwasser bieten sich weiterhin iodierte Röntgenkontrastmittel als Modellsubstanz an, da sie in der Regel im kommunalen Abwasser von Privathaushalten nur in geringen Mengen auftauchen. Auf Grund ihrer hohen Stabilität unterliegen sie keiner Metabolisierung und zeichnen sich sowohl im Abwasser als auch später in der aquatischen Umwelt durch ein sehr persistentes Verhalten aus. Im zweiten Teil der Arbeit wird das ökotoxikologische Potential der untersuchten Verbindungen unter Anwendung des Risiko-Bewertungsschemas der EMEA für die entsprechenden Oberflächengewässer, die dem einleitenden Klärwerk als Vorfluter dienen, durchgeführt. Das verwendete EMEA-Schema basiert auf einer mehrstufigen PEC/PNEC-Abschätzung, die unter Nutzung der erhobenen Arzneimitteldaten für das Einzugsgebiet des Klärwerkes Ruhleben entsprechend verfeinert wurde. Bei den hier untersuchten Pharmaka konnte lediglich für die beiden Substanzen Diclofenac und Erythromycin ein ökotoxikologisches Gefährdungspotenzial ermittelt werden. Zusätzlich werden Ergebnisse des dritten Feldversuches zu mikrobiologischen und biochemischen Untersuchungen zum Auftreten resistenter und multiresistenter Mikroorganismen im Abwasserstrom von Krankenhäusern präsentiert. Hier wird deutlich, dass sowohl resistente Bakterienstämme als auch Resistenzgene in kommunalem Abwasser bereits vor dem Einleiten von Krankenhausabwasser, aber auch deutlich gehäuft im Abwasser von Kliniken auftauchen. Die Bakterien werden im Klärwerk sehr effektiv entfernt und gelangen nicht oder nur in geringem Ausmaß in die angrenzenden Oberflächengewässer.</dc:description>
          <dc:description xml:lang="eng">pharmaceutical residues, hospital wastewater, risk assessment, calculation of residues, antibiotic resistance</dc:description>
          <dc:date>2005-08-11</dc:date>
          <dc:type>doctoralthesis</dc:type>
          <dc:type>doc-type:doctoralthesis</dc:type>
          <dc:format>application/pdf</dc:format>
          <dc:identifier>http://opus4.kobv.de/opus4-tuberlin/frontdoor/index/index/docId/1075</dc:identifier>
          <dc:identifier>urn:nbn:de:kobv:83-opus-10594</dc:identifier>
          <dc:identifier>http://nbn-resolving.de/urn/resolver.pl?urn:nbn:de:kobv:83-opus-10594</dc:identifier>
          <dc:identifier>http://opus4.kobv.de/opus4-tuberlin/files/1075/feldmann_dirk.pdf</dc:identifier>
          <dc:language>deu</dc:language>
          <dc:rights>Deutsches Urheberrecht mit Print on Demand (u.a. für Dissertationen empfohlen)</dc:rights>
        </oai_dc:dc>
      </metadata>
    </record>
  </GetRecord>
</OAI-PMH>
