<?xml version="1.0" encoding="utf-8"?>
<?xml-stylesheet type="text/xsl" href="xsl/oai2.xsl"?><OAI-PMH xmlns="http://www.openarchives.org/OAI/2.0/" xmlns:xsi="http://www.w3.org/2001/XMLSchema-instance" xsi:schemaLocation="http://www.openarchives.org/OAI/2.0/ http://www.openarchives.org/OAI/2.0/OAI-PMH.xsd">
  <responseDate>2014-10-15T06:48:57Z</responseDate>
  <request verb="GetRecord" metadataPrefix="oai_dc" identifier="oai:kobv.de-opus4-tuberlin:1032">http://opus4.kobv.de/opus4-tuberlin/oai</request>
  <GetRecord>
    <record>
      <header>
        <identifier>oai:kobv.de-opus4-tuberlin:1032</identifier>
        <datestamp>2013-07-01</datestamp>
        <setSpec>doc-type:doctoralthesis</setSpec>
        <setSpec>bibliography:false</setSpec>
        <setSpec>ddc</setSpec>
        <setSpec>ddc:530</setSpec>
      </header>
      <metadata>
        <oai_dc:dc xmlns:oai_dc="http://www.openarchives.org/OAI/2.0/oai_dc/" xmlns:dc="http://purl.org/dc/elements/1.1/" xsi:schemaLocation="http://www.openarchives.org/OAI/2.0/oai_dc/ http://www.openarchives.org/OAI/2.0/oai_dc.xsd">
          <dc:title xml:lang="deu">Entwicklung von Hot Electron Bolometer-Mischern für Terahertz-Heterodynempfänger</dc:title>
          <dc:creator>Richter, Heiko Helmut</dc:creator>
          <dc:subject>ddc:530</dc:subject>
          <dc:description xml:lang="deu">Bisher ist der ferninfrarote Spektralbereich  der Wellenlängen zwischen 50 um und 1 mm (entspricht dem Frequenzbereich zwischen 300 GHz und 6 THz) umfasst - ein weitgehend unerschlossener Teil des elektromagnetischen Spektrums. Gründe hierfür sind einerseits die auf Grund ihrer hohen Komplexität noch nicht so weit entwickelte Detektortechnologie wie dies für andere Spektralbereiche der Fall ist, andererseits sind Beobachtungen von der Erdoberfläche aus nur in äußerst eingeschränktem Umfang möglich, da nahezu die gesamte Infrarotstrahlung durch Wasserdampf, CO2, Ozon und andere Moleküle in den unteren Schichten der Erdatmosphäre absorbiert wird. Innerhalb der nächsten zehn Jahre werden verschiedene ballon-, flugzeug- und satellitengetragene Beobachtungsplattformen für den FIR-Bereich zum Einsatz kommen, die nicht - oder nur in stark eingeschränktem Maße - dem störenden Einfluss der Erdatmosphäre ausgesetzt sein werden. Diese Observatorien werden eine wesentlich bessere Empfindlichkeit und räumliche Auflösung bieten und daher neue Beobachtungen in diesem noch relativ unerforschten Teil des elektromagnetischen Spektrums ermöglichen. Damit nicht nur die Existenz von Elementen und Molekülen sowie deren Häufigkeit bestimmt werden kann, sondern noch zusätzliche physikalische Umgebungsbedingungen wie z. B. Temperatur, Dichte und das dynamische Verhalten des beobachteten Objektes, ist bei den schwachen, astronomischen Signalen der Einsatz eines hochauflösenden, empfindlichen Empfangssystemes, wie zum Beispiel eines Heterodynempfängers, erforderlich. Im Rahmen dieser Dissertation wurden Hot Electron Bolometer-Mischer (HEB) charakterisiert und weiterentwickelt, die zentraler Bestandteil der Heterodynempfänger für SOFIA (Stratosphären Observatorium Für Infrarot Astronomie) und TELIS (TeraHertz Limb Sounder) sind und Zugang zur hochauflösenden FIR-Spektroskopie ermöglichen werden. Hot Electron Bolometer sind dünne, supraleitende Mikrobrücken, in die Signal- und Lokaloszillatorstrahlung mittels einer Kombination aus Linse und Antenne eingekoppelt werden. In der Mikrobrücke entsteht ein normalleitender Bereich, dessen Größe mit der Differenzfrequenz beider Signale variiert und eine entsprechend niederfrequente und als Messsignal dienende Widerstandsänderung der Brücke mit der spektralen Zusammensetzung des Eingangssignales hervorruft. In dieser Arbeit wurden erstmalig Hot Electron Bolometer in einem Frequenzbereich bis 5,2 THz hinsichtlich ihrer radiometrischen Empfindlichkeit (Rauschtemperatur), Zwischenfrequenz-Bandbreite und Antennencharakteristik (Leistung und Polarisation) charakterisiert und optimiert. Weiterhin wurden der Einfluss der Substratoberfläche auf die Leistungsfähigkeit, sowie die Konversionseffizienz, die Linearität und die Stabilität der HEB-Mischer untersucht. Die Kenntnis der damit verbundenen charakteristischen HEB-Mischereigenschaften wie zum Beispiel Empfindlichkeit, Bedarf an Lokaloszillatorleistung und Strahleinkopplung, sind für eine wesentlich effizientere Nutzung der Beobachtungszeit sowie für die wissenschaftliche Datenqualität von sehr großer Bedeutung. Durch Spektroskopie einer Methanolemissionslinie konnte der praktische Einsatz eines THz-Heterodynempfängers mit einem NbN-HEB-Mischer demonstriert werden. Die in dieser Arbeit durchgeführten Messungen zeigen erstmalig die praktische Einsatzfähigkeit eines Hot Electron Bolometer als Mischer in einem Heterodynempfänger bei Frequenzen größer als 3 THz. Dies ist von elementarer Bedeutung für ihren Einsatz auf SOFIA und der dortigen Messung der OI-Linie bei 4,74 THz.</dc:description>
          <dc:date>2005-06-17</dc:date>
          <dc:type>doctoralthesis</dc:type>
          <dc:type>doc-type:doctoralthesis</dc:type>
          <dc:format>application/pdf</dc:format>
          <dc:identifier>http://opus4.kobv.de/opus4-tuberlin/frontdoor/index/index/docId/1032</dc:identifier>
          <dc:identifier>urn:nbn:de:kobv:83-opus-10218</dc:identifier>
          <dc:identifier>http://nbn-resolving.de/urn/resolver.pl?urn:nbn:de:kobv:83-opus-10218</dc:identifier>
          <dc:identifier>http://opus4.kobv.de/opus4-tuberlin/files/1032/richter_heiko.pdf</dc:identifier>
          <dc:language>deu</dc:language>
          <dc:rights>Deutsches Urheberrecht mit Print on Demand (u.a. für Dissertationen empfohlen)</dc:rights>
        </oai_dc:dc>
      </metadata>
    </record>
  </GetRecord>
</OAI-PMH>
