<?xml version="1.0" encoding="utf-8"?>
<?xml-stylesheet type="text/xsl" href="xsl/oai2.xsl"?><OAI-PMH xmlns="http://www.openarchives.org/OAI/2.0/" xmlns:xsi="http://www.w3.org/2001/XMLSchema-instance" xsi:schemaLocation="http://www.openarchives.org/OAI/2.0/ http://www.openarchives.org/OAI/2.0/OAI-PMH.xsd">
  <responseDate>2014-10-15T06:50:24Z</responseDate>
  <request verb="GetRecord" metadataPrefix="oai_dc" identifier="oai:kobv.de-opus4-tuberlin:1283">http://opus4.kobv.de/opus4-tuberlin/oai</request>
  <GetRecord>
    <record>
      <header>
        <identifier>oai:kobv.de-opus4-tuberlin:1283</identifier>
        <datestamp>2013-07-01</datestamp>
        <setSpec>doc-type:doctoralthesis</setSpec>
        <setSpec>bibliography:false</setSpec>
        <setSpec>ddc</setSpec>
        <setSpec>ddc:620</setSpec>
      </header>
      <metadata>
        <oai_dc:dc xmlns:oai_dc="http://www.openarchives.org/OAI/2.0/oai_dc/" xmlns:dc="http://purl.org/dc/elements/1.1/" xsi:schemaLocation="http://www.openarchives.org/OAI/2.0/oai_dc/ http://www.openarchives.org/OAI/2.0/oai_dc.xsd">
          <dc:title xml:lang="deu">Neue Auskoppelverfahren und Sensoren zur Vor-Ort-Teilentladungsmessung an Hochspannungs-Kabelanlagen</dc:title>
          <dc:title xml:lang="eng">New pd decoupling techniques and pd sensors for on-site measurements on high voltage cable systems</dc:title>
          <dc:creator>Rethmeier, Kay</dc:creator>
          <dc:subject>ddc:620</dc:subject>
          <dc:description xml:lang="deu">Die vorliegende Arbeit beschreibt neue Auskoppelverfahren und Sensoren zur empfindlichen Vor-Ort-Teilentladungsmessung an Hochspannungs-Kabelanlagen, insbesondere die induktive TE-Auskopplung an sensorlosen Kabelanlagen in Crossbonding-Ausführung, sowie neue Möglichkeiten, die sich durch die Anwendung der digitalen synchronen TE-Messung mit verteilter Sensorik ergeben. Bei Energiekabelanlagen großer Länge führt eine klassische TE-Auskopplung mittels Koppelkondensator am Kabelende zu keiner ausreichenden Messempfindlichkeit vor Ort. Sind keine speziellen zusätzlichen TE-Sensoren im Muffen- bzw. Endverschlussbereich implementiert, ist eine empfindliche TE-Messung nach bisherigem Stand der Technik nur stark eingeschränkt oder gar nicht möglich. Neben der technisch und auch wirtschaftlich nicht immer realisierbaren Sensornachrüstung ist jedoch für Kabelanlagen großer Länge eine induktive TE-Signalauskopplung im Bereich der Crossbonding-Schirmauskreuzung ohne größere Eingriffe in das Kabelsystem möglich. Erforderlich ist hierzu eine spezielle Versuchstechnik und Sensorik, die in der vorliegenden Arbeit detailliert beschrieben wird. Ein neuartiges digitales Mehrstellen-TE-Messsystem wurde diesbezüglich auf seine Eignung zum wissenschaftlichen Messeinsatz untersucht und durch zusätzliche Softwaretools weiterentwickelt bzw. ergänzt. Einen Schwerpunkt der Untersuchungen zu den alternativen TE-Auskoppelverfahren stellt der Einsatz spezieller induktiver Hochfrequenz-Transformatoren (RFCT) dar, deren Eignung zur empfindlichen TE-Messung an gut zugänglichen Erdverbindungen von Kabelendverschlüssen untersucht wird, bevor deren Einsatzbereich auch auf die externe Schirm¬verbindung einphasiger Trennmuffen ausgeweitet wird. Durch Messungen an vereinfachten Modellanordnungen, Labormessungen an Hochspannungskabelkomponenten und letztlich durch Vor-Ort-Erprobungen an Energiekabelanlagen im Netzbetrieb wird die Eignung des Messverfahrens und der verwendeten Sensorik zur empfindlichen TE-Messung an phasenübergreifenden Crossbonding-Verbindungen unter Berücksichtigung von Besonderheiten bei der TE-Fehlerortung durch Echometrie nachgewiesen. Abschließend wird die konsequente Ausweitung des vorgestellten sensorischen Konzeptes zu einem synchronen, räumlich verteilten Erfassungsnetzwerk (synchrone Mehrstellen-TE-Messung mit verteilter Sensorik) dargelegt. Die daraus resultierenden Vorteile für die TE-Fehlerortung und die erreichbaren Messempfindlichkeiten werden anhand von Praxismessungen detailliert beschrieben.</dc:description>
          <dc:description xml:lang="eng">This thesis reports on new pd decoupling techniques and pd sensors for sensitive pd on-site measurements on high voltage cable systems. In particular the thesis focuses on the inductive pd decoupling on sensorless cross-bonded cable systems. Additionally, new capabilities using an innovative digital synchronous pd measuring system with distributed pd sensors are presented. For power cable systems of long lengths, the classic pd decoupling method by means of coupling capacitors at one cable end, results in insufficient on-site measurement results. Given the state-of-the-art technology, a sensitive pd measurement is either limited or not possible without special additional pd sensors at joints or terminations. However, besides cost intensive and extensive technical sensor retrofitting, an inductive pd decoupling within the cross-bonding link area of long length cable systems is feasible without greater intervention in the cable system. This needs a special testing and sensor technology, which is described in detail within this thesis, as well as the use of a new type of digital multi-channel pd measuring system which was therefore checked for suitability and improved, respectively, by additional software tools. A main point of the investigations is the selection and the use of special inductive current transformers (RFCT). The suitability of these RFCTs for sensitive pd measurements is tested at accessible grounding links of cable screens, before the use is extended also to screen links of insulating joints. Computer simulations, measurements on high voltage cable components, as well as on-site cable system testing have been conducted to prove the suitability of this innovative method and sensor technology for sensitive pd decoupling and location at cross bonding joints. Finally, a consequent extension of the presented method for on-site pd decoupling to a synchronous, spatially distributed multi-site pd sensor network is explained. The resulting advantages and improvements in pd fault location and pd detection sensitivity are demonstrated by several actual examples of on-site pd measurements on long high voltage and extra high voltage XLPE-cable systems.</dc:description>
          <dc:date>2006-06-15</dc:date>
          <dc:type>doctoralthesis</dc:type>
          <dc:type>doc-type:doctoralthesis</dc:type>
          <dc:format>application/pdf</dc:format>
          <dc:identifier>http://opus4.kobv.de/opus4-tuberlin/frontdoor/index/index/docId/1283</dc:identifier>
          <dc:identifier>urn:nbn:de:kobv:83-opus-13137</dc:identifier>
          <dc:identifier>http://nbn-resolving.de/urn/resolver.pl?urn:nbn:de:kobv:83-opus-13137</dc:identifier>
          <dc:identifier>http://opus4.kobv.de/opus4-tuberlin/files/1283/rethmeier_kay.pdf</dc:identifier>
          <dc:language>deu</dc:language>
          <dc:rights>Deutsches Urheberrecht mit Print on Demand (u.a. für Dissertationen empfohlen)</dc:rights>
        </oai_dc:dc>
      </metadata>
    </record>
  </GetRecord>
</OAI-PMH>
