<?xml version="1.0" encoding="utf-8"?>
<?xml-stylesheet type="text/xsl" href="xsl/oai2.xsl"?><OAI-PMH xmlns="http://www.openarchives.org/OAI/2.0/" xmlns:xsi="http://www.w3.org/2001/XMLSchema-instance" xsi:schemaLocation="http://www.openarchives.org/OAI/2.0/ http://www.openarchives.org/OAI/2.0/OAI-PMH.xsd">
  <responseDate>2014-10-15T06:49:51Z</responseDate>
  <request verb="GetRecord" metadataPrefix="oai_dc" identifier="oai:kobv.de-opus4-tuberlin:1164">http://opus4.kobv.de/opus4-tuberlin/oai</request>
  <GetRecord>
    <record>
      <header>
        <identifier>oai:kobv.de-opus4-tuberlin:1164</identifier>
        <datestamp>2013-07-01</datestamp>
        <setSpec>doc-type:doctoralthesis</setSpec>
        <setSpec>bibliography:false</setSpec>
        <setSpec>ddc</setSpec>
        <setSpec>ddc:150</setSpec>
      </header>
      <metadata>
        <oai_dc:dc xmlns:oai_dc="http://www.openarchives.org/OAI/2.0/oai_dc/" xmlns:dc="http://purl.org/dc/elements/1.1/" xsi:schemaLocation="http://www.openarchives.org/OAI/2.0/oai_dc/ http://www.openarchives.org/OAI/2.0/oai_dc.xsd">
          <dc:title xml:lang="deu">Kontrastierungen als effektive Lerngelegenheiten zur Vermittlung von Wissen über Repräsentationsformen am Beispiel des Graphen einer linearen Funktion</dc:title>
          <dc:title xml:lang="eng">Contrasting cases as an effective learning environment for fostering knowledge of representational forms – the case of the slope of line graphs</dc:title>
          <dc:creator>Felbrich, Anja</dc:creator>
          <dc:subject>ddc:150</dc:subject>
          <dc:description xml:lang="deu">Ziel dieser empirischen Untersuchung war es, am Beispiel der Steigung des Graphen einer linearen Funktion zu erforschen, wie bereits Fünftklässler durch ein kurzes Training ein grundlegendes Verständnis von anspruchsvollen Repräsentationsformen erwerben können. Es wurde untersucht, ob mit Hilfe von gezielten Kontrastierungen im Trainingsmaterial das Verständnis des Graphen und seiner Steigung als einer Repräsentationsform gefördert werden kann, die spezifische Möglichkeiten der Repräsentation wie auch Einschränkungen bei der Anwendung aufweist, welche sich jeweils aus den Merkmalen der Repräsentationsform ergeben. Drei Arten der Kontrastierung wurden dazu untersucht: Erstens, eine inhaltliche Kontrastierung, bei der zwei verschiedene inhaltliche Konzepte mit Hilfe der Steigung dargestellt wurden. Zweitens, eine strukturelle Kontrastierung, bei der lediglich ein Konzept repräsentiert, jedoch im zweiten Fall die Interpretationsrichtung der Steigung durch ein Vertauschen der Achsenvariablen geändert wurde. Es wurde angenommen, dass insbesondere diese Manipulation die Art und Weise der Integration der Achsenvariablen in der Steigung transparent macht und somit Einblick in das Prinzip der Repräsentation durch die Steigung gewährt. Drittens, eine Kontrastierung, bei der die Variationen der inhaltlichen und der strukturellen Kontrastierung kombiniert wurden. 60 Fünftklässler nahmen an einem 4-stündigen Trainingsexperiment teil, in welchem sie die Steigung des Graphen inhaltlich interpretieren lernten. Dabei lernten je 15 Kinder mit einem der drei Kontraste, während weitere 15 Kinder kein Lernmaterial mit Variationen erhielten, die ihnen neue Einsichten in das Prinzip der Steigung ermöglicht hätten, sondern lediglich mit Zahlen aus einem anderen Zahlenbereich lernten (Kontrollgruppe). Die Ergebnisse zeigen, dass sich die Leistungen aller Trainingskinder bei der Interpretation von Graphen und ihren Steigungen im Vergleich zur einer untrainierten Baseline-Gruppe (N = 46) vom Vor- zum Nachtest deutlich verbesserten. Des Weiteren konnte belegt werden, dass die Art der Kontrastierung einen Einfluss auf das erworbene Verständnis der Steigung hat. Während eine kombinierte Kontrastierung die Schüler eher zu überfordern scheint und nicht zu einer höheren Transferleistung im Nachtest führte, zeigten sich Vorteile einer strukturellen Kontrastierung. So gelang es den Kindern, die mit einer strukturellen Kontrastierung gearbeitet hatten, besser als Kindern der anderen drei Gruppen, Steigungen in neuen Inhaltsbereichen zu interpretieren. Dieser Vorteil scheint jedoch noch an den Gebrauch einer im Training erlernten Strategie zum Erschließen des Steigungswertes gebunden zu sein. Weiterhin neigten die Kinder der inhaltlichen Gruppe und der Kontrollgruppe zu einer oberflächlichen Interpretation von Steigungen, bei der eine höhere Steigung immer auch mit einer höheren Ausprägung der dargestellten inhaltlichen Variablen assoziiert wird (sog. slope-mapping constraint, Gattis &amp; Holyoak, 1996). Insgesamt zeigt die Arbeit, dass bereits Fünftklässler, auch wenn sie die zugrunde liegenden mathematischen Zusammenhänge noch nicht beherrschen, in relativ kurzer Zeit ein grundlegendes Verständnis der Steigung eines Graphen erwerben können und dass der Einsatz von Kontrastierungen eine wirkungsvolle Methode des Wissenserwerbs ist, und die Art der Variation im Lernmaterial einen entscheidenden Einfluss auf diesen Wissenserwerb hat.</dc:description>
          <dc:description xml:lang="eng">This study investigates whether fifth-graders can already acquire a fundamental understanding of challenging representational forms, in this case the slope of line graphs. The potential of three kinds of contrasting cases as an effective means of fostering such an understanding of the slope as a representational form with specific affordances of representation as well as constraints in its use has been researched: First, a content-contrast where one concept represented by the slope of the graph is contrasted by a second concept from a different domain. Second, a structural-contrast which highlights the specific way in which information from both variables on the axes is integrated in the slope. Third, a combined-contrast where variations of both single contrasts were combined. It has been hypothesized that switching axis descriptions, as presented in the structural-contrast condition, will highlight the structural properties of the slope and thus lead to a deeper understanding of the slope as an integration of axis variables. 60 fifth graders participated in this experimental training study, with 15 children in each of the three contrast conditions and 15 children in a control group learning with some learning material without any meaningful variation. In two 2-hour training sessions, children in all four conditions learned to interpret the slope of line graphs in the context of speed tasks. Results show that children who participated in the training, as compared to an untrained baseline-group (N = 46), showed an increase in their performance from pre- to posttest for the interpretation of graphs and slopes. Furthermore, results from transfer to new domains indicate that students learning with the structural-contrast develop a deeper understanding of slope than students learning with the content-contrast. However, as a detailed analysis of test items showed, this only applies to tasks which afforded the correct and flexible use of a strategy for finding the slope value, whereas tasks which afforded the interpretation of slopes using a multiple-choice format revealed no differences between treatment groups. On the other hand, students learning with no contrast or with the content-contrast seem to develop a superficial knowledge of the slope - assuming that a steeper slope is always associated with a higher amount of the represented variable (slope-mapping constraint, Gattis &amp; Holyoak, 1996). In sum, this study shows that even fifth graders who do not possess knowledge about the underlying mathematical principles of the slope can develop a fundamental understanding of the slope of line-graphs. Furthermore, the use of contrasting cases seems promising for furthering this knowledge, but results also indicate that the nature of the contrast has to be fine-tuned to the learning goals.</dc:description>
          <dc:date>2005-12-16</dc:date>
          <dc:type>doctoralthesis</dc:type>
          <dc:type>doc-type:doctoralthesis</dc:type>
          <dc:format>application/pdf</dc:format>
          <dc:identifier>http://opus4.kobv.de/opus4-tuberlin/frontdoor/index/index/docId/1164</dc:identifier>
          <dc:identifier>urn:nbn:de:kobv:83-opus-11600</dc:identifier>
          <dc:identifier>http://nbn-resolving.de/urn/resolver.pl?urn:nbn:de:kobv:83-opus-11600</dc:identifier>
          <dc:identifier>http://opus4.kobv.de/opus4-tuberlin/files/1164/felbrich_anja.pdf</dc:identifier>
          <dc:language>deu</dc:language>
          <dc:rights>Deutsches Urheberrecht mit Print on Demand (u.a. für Dissertationen empfohlen)</dc:rights>
        </oai_dc:dc>
      </metadata>
    </record>
  </GetRecord>
</OAI-PMH>
