<?xml version="1.0" encoding="utf-8"?>
<?xml-stylesheet type="text/xsl" href="xsl/oai2.xsl"?><OAI-PMH xmlns="http://www.openarchives.org/OAI/2.0/" xmlns:xsi="http://www.w3.org/2001/XMLSchema-instance" xsi:schemaLocation="http://www.openarchives.org/OAI/2.0/ http://www.openarchives.org/OAI/2.0/OAI-PMH.xsd">
  <responseDate>2014-10-15T06:49:27Z</responseDate>
  <request verb="GetRecord" metadataPrefix="oai_dc" identifier="oai:kobv.de-opus4-tuberlin:1149">http://opus4.kobv.de/opus4-tuberlin/oai</request>
  <GetRecord>
    <record>
      <header>
        <identifier>oai:kobv.de-opus4-tuberlin:1149</identifier>
        <datestamp>2013-07-01</datestamp>
        <setSpec>doc-type:doctoralthesis</setSpec>
        <setSpec>bibliography:false</setSpec>
        <setSpec>ddc</setSpec>
        <setSpec>ddc:620</setSpec>
      </header>
      <metadata>
        <oai_dc:dc xmlns:oai_dc="http://www.openarchives.org/OAI/2.0/oai_dc/" xmlns:dc="http://purl.org/dc/elements/1.1/" xsi:schemaLocation="http://www.openarchives.org/OAI/2.0/oai_dc/ http://www.openarchives.org/OAI/2.0/oai_dc.xsd">
          <dc:title xml:lang="deu">Austauschbare Sachbilanzmodule auf Basis von Produktkomponenten</dc:title>
          <dc:title xml:lang="eng">Exchangeable Life Cycle Inventory Modules based on Product Components</dc:title>
          <dc:creator>Dose, Julia</dc:creator>
          <dc:subject>ddc:620</dc:subject>
          <dc:description xml:lang="deu">Die Modellierung des Produktsystems erfolgt bisher in Abhängigkeit von den Komponenten des gesamten Produktes in einer Baumstruktur. Eine unabhängige Modellierung von Sachbilanzmodulen für einzelne Komponenten ist aufgrund der dadurch ausgelösten Wechselwirkungen in der vernetzten Baumstruktur des Produktsystems nicht möglich. Ziel dieser Arbeit ist die Entwicklung einer Methodik für austauschbare Sachbilanzmodule auf Basis von Komponenten. Für Modifizierungen komplexer Produkte sollen die neuen Komponenten unabhängig von den bereits bestehenden Sachbilanzmodulen des Produktsystems modelliert werden. Die entwickelte Methodik beruht auf einer logischen Entkopplung der Baumstruktur des Produktsystems in Systemebenen entsprechend der Strukturhierarchie des Produktes (Produktmodell). Die Ableitung der Methodik für ein modifizierbares Produktsystem erfolgt über zwei Bedingungen. Die erste Bedingung für die Modellierung der Schnittstellen ist, dass die Sachbilanzergebnisse von Systemebene I, die alle Prozesse des Produktlebensweges integriert, identisch sind mit den Sachbilanzergebnissen der Baumstruktur. Die zweite Bedingung für die Modellierung der Schnittstellen ist die eindeutige Bestimmbarkeit der Mengenmultiplikatoren. Beide Bedingungen werden durch die entwickelte Methodik erfüllt. Die Komponenten eines Produktes bestimmen die möglichen Entsorgungswege. Durch Einführung des Systemzustandes wird untersucht, ob sich infolge der Substitution von Komponenten die Prozessketten der Entsorgung für bereits bestehende Sachbilanzmodule ändern. Mit dem Systemzustand wird die Kopplung der Bauteile und Baugruppen untereinander sowie die Materialarten dieser Komponenten analysiert. Die Produktstruktur von Produktvarianten wird zum einen mit Hilfe von Matrizen untersucht. Zum anderen wird die Menge der Materialarten für die Produktvarianten bestimmt. Die Untersuchung des Systemzustandes ermöglicht so den fehlerfreien Austausch von Sachbilanzmodulen des Produktsystems, die sich hinsichtlich der Prozessketten unterscheiden. Die entwickelte Methodik wird durch die Anwendung am Beispiel von Laugenpumpen von Waschmaschinen validiert. Das modifizierbare Produktsystem und der Systemzustand integrieren die Produkteigenschaften, die sich auf Änderungen der Masse von Bauteilen, Art verwendeter Materialien und der eingesetzten Verbindungselemente beziehen. Wenn ein bestehendes Produkt modifiziert wird, wird durch die in dieser Arbeit entwickelten Methodik das Minimum der Prozesse im vor- und nachkonsumtiven Bereich bestimmt, die für die jeweiligen Komponenten neu zu modellieren sind. Durch das Bestimmen der auszutauschenden Prozesse wird die Neumodellierung von zahlreichen Prozessen eingespart. Die Methodik liefert somit einen Beitrag zur erheblichen Zeitersparnis in der Modellentwicklung im Rahmen der Sachbilanz/ Ökobilanz. Bei Veränderungen in einem bestehenden Produkt erlaubt die Methodik, bereits in der Produktentwicklung gezielt den Einfluss einzelner Änderungen auf die potenziellen Umweltwirkungen zu berechnen, um so schnelle, objektive Entscheidungen zu treffen.</dc:description>
          <dc:description xml:lang="eng">Goal of this thesis is the development of a method for exchangeable life cycle inventory modules based on product components (hereafter: components). It should thus be possible to model changes in the characteristics of complex products independently from the already existing, modelled life cycle inventory modules. Typically, the product system is modelled in a tree structure in relation to characteristics of the entire product. Using this method, an independent modelling of life cycle inventory modules based on components is not possible due to the interdependent and interlaced tree structure of the products. The methodology developed in the framework of this thesis is based on a logical uncoupling of the tree structure of the product system in different levels. The system levels relate to the hierarchy of the product (product model). The derivation of the methodology takes place by complying with two conditions for the modelling of the interfaces of the life cycle inventory modules between the system levels. The first condition for the modelling of the interfaces is that the life cycle inventory results of the system level I – which integrates all processes of the life cycle – are identical with the life cycle inventory results of the tree structure. The second condition for the modelling of the interfaces is the unique determinability of the scaling factors. Both conditions are fulfilled by the developed methodology. The interdependencies between the components of a product, which determine the specific disposal processes, are analysed through the determination of the system state of the product. The state of the system determines the coupling of the components and assemblies to each other as well as the materials types of these coupled components. This takes place on one hand via a matrix representation, which provides an overview of the structure of the original as well as the enhanced product. On the other hand, the quantity of the material types is determined for the product alternatives. The system state analysis allows for the exchange of process chains (a group of interlinked processes) from the product system that differ in their material type. Since the components of a product affect each other regarding their disposal processes, the state of the system determines whether the insertion of a modified life cycle inventory module affects the disposal process chains for an already existing life cycle inventory module. The developed methodology is validated considering its implementation on the example of lye pumps of washing machines. The modifiable product system and the system state integrate the product properties, which refer to changes of the component mass, the materials used, and the types of joinings used. The methodology for exchangeable life cycle inventory modules developed in this thesis determines the minimum of processes that must be remodelled for the respective components. The methodology can therefore provide a substantial time saving in the model development in the framework of the life cycle inventory/ Life Cycle Assessment. This methodology allows decisions to be made during product development based on the selective calculation of the influence of individual changes of the product system.</dc:description>
          <dc:date>2005-11-28</dc:date>
          <dc:type>doctoralthesis</dc:type>
          <dc:type>doc-type:doctoralthesis</dc:type>
          <dc:format>application/pdf</dc:format>
          <dc:identifier>http://opus4.kobv.de/opus4-tuberlin/frontdoor/index/index/docId/1149</dc:identifier>
          <dc:identifier>urn:nbn:de:kobv:83-opus-11567</dc:identifier>
          <dc:identifier>http://nbn-resolving.de/urn/resolver.pl?urn:nbn:de:kobv:83-opus-11567</dc:identifier>
          <dc:identifier>http://opus4.kobv.de/opus4-tuberlin/files/1149/dose_julia.pdf</dc:identifier>
          <dc:language>deu</dc:language>
          <dc:rights>Deutsches Urheberrecht mit Print on Demand (u.a. für Dissertationen empfohlen)</dc:rights>
        </oai_dc:dc>
      </metadata>
    </record>
  </GetRecord>
</OAI-PMH>
