<?xml version="1.0" encoding="utf-8"?>
<?xml-stylesheet type="text/xsl" href="xsl/oai2.xsl"?><OAI-PMH xmlns="http://www.openarchives.org/OAI/2.0/" xmlns:xsi="http://www.w3.org/2001/XMLSchema-instance" xsi:schemaLocation="http://www.openarchives.org/OAI/2.0/ http://www.openarchives.org/OAI/2.0/OAI-PMH.xsd">
  <responseDate>2014-10-15T06:49:50Z</responseDate>
  <request verb="GetRecord" metadataPrefix="oai_dc" identifier="oai:kobv.de-opus4-tuberlin:1163">http://opus4.kobv.de/opus4-tuberlin/oai</request>
  <GetRecord>
    <record>
      <header>
        <identifier>oai:kobv.de-opus4-tuberlin:1163</identifier>
        <datestamp>2013-07-01</datestamp>
        <setSpec>doc-type:doctoralthesis</setSpec>
        <setSpec>bibliography:false</setSpec>
        <setSpec>ddc</setSpec>
        <setSpec>ddc:500</setSpec>
      </header>
      <metadata>
        <oai_dc:dc xmlns:oai_dc="http://www.openarchives.org/OAI/2.0/oai_dc/" xmlns:dc="http://purl.org/dc/elements/1.1/" xsi:schemaLocation="http://www.openarchives.org/OAI/2.0/oai_dc/ http://www.openarchives.org/OAI/2.0/oai_dc.xsd">
          <dc:title xml:lang="deu">Beiträge zur Heterogenisierung oligomergebundener Metathesekatalysatoren und die diastereoselektive Ringumlagerungsmetathese</dc:title>
          <dc:title xml:lang="eng">Contibutions to the heterogenisation of oligomerbound catalysts for metathesis and the diastereoselective ring rearrangement metathesis</dc:title>
          <dc:creator>Böhrsch, Verena</dc:creator>
          <dc:subject>ddc:500</dc:subject>
          <dc:description xml:lang="deu">In der vorliegenden Arbeit wurden zwei Themen aus dem Gebiet der Olefinmetathese bearbeitet. Die Immobilisierung polymergebundener Katalysatoren für die Metathese wurde unter unterschiedlichen Gesichtspunkten untersucht. Dabei wurden verschiedene Studien zur Fällungspolymerisation unternommen und - ausgehend von einem kieselgelgeträgertem Katalysator des Hoveyda-Blechert-Typs - polymerummantelte Materialien hergestellt. Diese dienten als Ausgangsmaterialien für festphasengebundene Katalysatoren. Sie zeichneten sich durch Rutheniumfängereigenschaften (Scavenger-Effekt) aus, und können als Basis für die Entwicklung neuer, anwenderfreundlicher Katalysatoren dienen. Desweiteren wurde das Konzept der diastereoselektiven Ringumlagerungsmetathese (dRRM) entwickelt und auf seine Anwendungsbreite hin untersucht. Es wurden monosubstituierte Ringe verschiedener Ringgrößen, darunter auch Diensysteme, dargestellt und in der dRRM untersucht. Dabei wurden mäßige bis exzellente Diastereoselektivitäten erzielt. Es zeigte sich, daß die Diastereoselektivität der Reaktion sowohl von der Substratstruktur als auch vom eingesetzten Katalysator abhängt. Es wurden neben gängigen auch neuartige Katalysatoren mit unsymmetrischen Carbenliganden untersucht. Mit dieser Methode konnten höher substituierte Carbazyklen und Heterozyklen unter Etablierung eines neuen Stereozentrums via dRRM dargestellt werden. Besonders interessant sind hierbei die 1,5-disubstituierten Piperideine, Dihydropyrrole und Dihydropyrane, welche Kernstrukturen von Natur- und Wirkstoffen darstellen. Im Folgenden wurde die Methode der dRRM zur stereoselektiven Synthese des antibiotischen Naturstoffes (-)-Centrolobin angewandt. Hierbei kamen als Schlüsselschritte eine iridiumkatalysierte asymmetrische Veretherung, eine rutheniumkatalysierte Sequenz aus dRRM/Alkenisomerisierung und ein Eintopfverfahren der Kreuzmetathese mit anschließender Hydrierung zweier Doppelbindungen zum Einsatz. Die Gesamtausbeute betrug 22 % über 5 Stufen.</dc:description>
          <dc:description xml:lang="eng">In this work, two different topics from the field of olefin metathesis have been investigated. The immobilisation of polymer bound catalysts has been examined under different points of view. Various studies have been made on the precipitation polymerisation and –starting from a silica supported Hoveyda-Blechert-type catalyst- polymer coated materials have been prepared. The materials have been used for the preparation of solid phase supported catalysts. They show ruthenium scavenging properties and can serve as a start for the development of new, user friendly catalysts. Further on the concept of the diastereoselective ring rearrangement metathesis (dRRM) has been developed and its scope has been examined. Monosubstituted rings of different ring sizes, including dienes, were prepared and investigated in dRRM. Moderate to excellent diastereoselectivities were achieved. The diastereoselectivity of the reaction depends on the structure of the substrate as well as on the catalyst applied. In addition to the use of common catalysts new catalysts with non symmetric carbenes have been investigated. With this method, higher substituted carbacycles and heterocycles could be prepared and a new stereocenter was generated via dRRM. Especially the preparation of 2.6-disubstituted dihydropiperidines, dihydropyrroles and dihydropyranes is of particular interest, because these structures represent core structures of natural products and drugs. The method of the dRRM has been applied in the synthesis of the antibiotic natural product (-)-centrolobine. The keysteps of the synthesis were an iridium catalysed asymmetric etherferication, a ruthenium catalysed dRRM/isomerisation-sequence and a one pot procedure of cross metathesis followed by the hydrogenation of two double bonds. The overall yield was 22 % for 5 steps.</dc:description>
          <dc:date>2005-12-16</dc:date>
          <dc:type>doctoralthesis</dc:type>
          <dc:type>doc-type:doctoralthesis</dc:type>
          <dc:format>application/pdf</dc:format>
          <dc:identifier>http://opus4.kobv.de/opus4-tuberlin/frontdoor/index/index/docId/1163</dc:identifier>
          <dc:identifier>urn:nbn:de:kobv:83-opus-11808</dc:identifier>
          <dc:identifier>http://nbn-resolving.de/urn/resolver.pl?urn:nbn:de:kobv:83-opus-11808</dc:identifier>
          <dc:identifier>http://opus4.kobv.de/opus4-tuberlin/files/1163/boehrsch_verena.pdf</dc:identifier>
          <dc:language>deu</dc:language>
          <dc:rights>Deutsches Urheberrecht mit Print on Demand (u.a. für Dissertationen empfohlen)</dc:rights>
        </oai_dc:dc>
      </metadata>
    </record>
  </GetRecord>
</OAI-PMH>
