<?xml version="1.0" encoding="utf-8"?>
<?xml-stylesheet type="text/xsl" href="xsl/oai2.xsl"?><OAI-PMH xmlns="http://www.openarchives.org/OAI/2.0/" xmlns:xsi="http://www.w3.org/2001/XMLSchema-instance" xsi:schemaLocation="http://www.openarchives.org/OAI/2.0/ http://www.openarchives.org/OAI/2.0/OAI-PMH.xsd">
  <responseDate>2014-10-15T06:49:57Z</responseDate>
  <request verb="GetRecord" metadataPrefix="oai_dc" identifier="oai:kobv.de-opus4-tuberlin:1188">http://opus4.kobv.de/opus4-tuberlin/oai</request>
  <GetRecord>
    <record>
      <header>
        <identifier>oai:kobv.de-opus4-tuberlin:1188</identifier>
        <datestamp>2013-07-01</datestamp>
        <setSpec>doc-type:doctoralthesis</setSpec>
        <setSpec>bibliography:false</setSpec>
        <setSpec>ddc</setSpec>
        <setSpec>ddc:530</setSpec>
      </header>
      <metadata>
        <oai_dc:dc xmlns:oai_dc="http://www.openarchives.org/OAI/2.0/oai_dc/" xmlns:dc="http://purl.org/dc/elements/1.1/" xsi:schemaLocation="http://www.openarchives.org/OAI/2.0/oai_dc/ http://www.openarchives.org/OAI/2.0/oai_dc.xsd">
          <dc:title xml:lang="eng">Properties of the CuGaSe2 and CuInSe2 (001) Surface</dc:title>
          <dc:title xml:lang="deu">Eigenschaften der CuGaSe2 und CuInSe2 (001) Oberfläche</dc:title>
          <dc:creator>Deniozou, Thalia</dc:creator>
          <dc:subject>ddc:530</dc:subject>
          <dc:description xml:lang="eng">The main task of this work was to investigate the (001) CuGaSe2 andCuInSe2 surface in dependence of preparation and stoichiometry. The knowledge of the atomic structure as well as other surface properties is important in respect to optimization of novel thin film solar cells. For the characterization of the layers mainly Auger electron Spectroscopy, low-energy electron diffraction and photoelectron spectroscopy were implemented. The development of an appropriate procedure with Ar+ sputtering and annealing combined with decapping enabled the preparation of clean and well-ordered surfaces. Different surface structures were observed in dependence of the layer preparation and composition. A (4x1) reconstruction was observed for the first time on CuGaSe2 layers grown with a moderate Cu-excess after preparation by sputtering and annealing. Similarly a (4x2) reconstruction was detected on CuInSe2 surfaces of Cu-poor layers. A reconstruction could be also observed on Cu-poorer layers, however the facets/steps could not be completely removed. Cu-richer layers were facet-free, however the observed reconstruction was also weaker. Thus it was shown that in contrary to recent expectations, according to which only the (112) surface is stable, also the (001) can be stable under particular conditions. The appearance of facets or steps is correlated with the presence of CuIn3Se5 or CuGa3Se5 phases. This information is furthermore important for the understanding of grain boundaries in polycrystalline CuGaSe2 and CuInSe2. Binding energy shifts were observed for the first time on all Se3d, In4d, Ga3d, Cu3d core levels of the reconstructed surfaces. By comparison with results from the literature from the similar ZnSe (100) surface a modell for the (4x2) reconstruction was proposed. The surface components in the Se3d, In4d and Cu3d emission were attributed to Se dimers or In and Cu adatoms respectively. The x1 periodicity of the (4x1) reconstruction of CuGaSe2 is interpreted as a Ca/Cu disorder in the adatom chains.</dc:description>
          <dc:description xml:lang="deu">In der vorliegenden Arbeit wird die (001) Oberfläche von CuGaSe2 und CuInSe2 in Abhängigkeit von Präparation und Stöchiometrie untersucht. Die Kenntnis der atomaren Struktur sowie anderer Oberflächeneigenschaften ist wichtig in Hinsicht auf die Optimierung von neuartigen Dünnschichtsolarzellen. Zur Charakterisierung der Schichten wurden hauptsächlich Augerelektronenspektroskopie, niederenergetische Elektronenbeugung und Photoelektronenspektroskopie durchgeführt. Die Entwicklung eines geeigneten Verfahrens mit Ar+ Sputtern und Annealen kombiniert mit Decappen ermöglichte die Präparation von sauberen und gut geordneten Oberflächen. In Abhängigkeit von der Präparation und der Zusammensetzung der Schichten wurden unterschiedliche Oberflächenstrukturen beobachtet. Nach der Präparation mit Sputtern und Annealen wurde zum ersten Mal eine (4x1) Rekonstruktion auf CuGaSe2-Schichten, die mit moderatem Cu-Überschuss gewachsen wurden, beobachtet. Entsprechend konnte zum ersten Mal auf CuInSe2-Oberflächen von Cu-armen Schichten eine (4x2) Rekonstruktion nachgewiesen werden. Auf Cu-ärmere Schichten wurde auch eine Rekonstruktion beobachtet, allerdings konnten (112) Facetten/Stufen nicht vollständig entfernt werden. Cu-reichere Schichten waren facettenfrei, allerdings war die beobachtete Rekonstruktion auch schwächer. Infolgedessen wurde gezeigt, dass im Gegensatz zu den bisherigen Erwartungen, an Hand dessen nur die (112) Fläche stabil ist, auch die (001) unter bestimmten Bedingungen stabil ist. Das Auftreten der Facetten oder Stufen geht einher mit dem Vorhandensein von CuIn3Se5 bzw CuGa3Se5 Phasen. Diese Information ist bedeutend auch für das Verständnis der Korngrenzen im polykristallinem CuGaSe2 und CuInSe2. Verschiebungen der Bindungsenergien wurden zum ersten Mal auf allen Se3d, In4d, Ga3d, Cu3d Rumpfniveaus der rekonstruierten Oberflächen gefunden. Durch den Vergleich mit Ergebnissen aus der Literatur für die ähnliche ZnSe (100) Oberfläche wurde ein Modell für die (4x2) Rekonstruktion vorgeschlagen. Die Oberflächenkomponenten in der Se3d, In4d und Cu3d Emission wurde Se Dimeren bzw In und Cu Adatomen zugeordnet. Die x1 Periodizität bei der (4x1) Rekonstruktion von CuGaSe2 wird als Ga/Cu Unordnung in den Adatom Ketten erklärt.</dc:description>
          <dc:date>2006-01-18</dc:date>
          <dc:type>doctoralthesis</dc:type>
          <dc:type>doc-type:doctoralthesis</dc:type>
          <dc:format>application/pdf</dc:format>
          <dc:identifier>http://opus4.kobv.de/opus4-tuberlin/frontdoor/index/index/docId/1188</dc:identifier>
          <dc:identifier>urn:nbn:de:kobv:83-opus-11961</dc:identifier>
          <dc:identifier>http://nbn-resolving.de/urn/resolver.pl?urn:nbn:de:kobv:83-opus-11961</dc:identifier>
          <dc:identifier>http://opus4.kobv.de/opus4-tuberlin/files/1188/deniozou_thalia.pdf</dc:identifier>
          <dc:language>eng</dc:language>
          <dc:rights>Deutsches Urheberrecht mit Print on Demand (u.a. für Dissertationen empfohlen)</dc:rights>
        </oai_dc:dc>
      </metadata>
    </record>
  </GetRecord>
</OAI-PMH>
