<?xml version="1.0" encoding="utf-8"?>
<?xml-stylesheet type="text/xsl" href="xsl/oai2.xsl"?><OAI-PMH xmlns="http://www.openarchives.org/OAI/2.0/" xmlns:xsi="http://www.w3.org/2001/XMLSchema-instance" xsi:schemaLocation="http://www.openarchives.org/OAI/2.0/ http://www.openarchives.org/OAI/2.0/OAI-PMH.xsd">
  <responseDate>2014-10-15T06:50:59Z</responseDate>
  <request verb="GetRecord" metadataPrefix="oai_dc" identifier="oai:kobv.de-opus4-tuberlin:1410">http://opus4.kobv.de/opus4-tuberlin/oai</request>
  <GetRecord>
    <record>
      <header>
        <identifier>oai:kobv.de-opus4-tuberlin:1410</identifier>
        <datestamp>2013-07-01</datestamp>
        <setSpec>doc-type:doctoralthesis</setSpec>
        <setSpec>bibliography:false</setSpec>
        <setSpec>ddc</setSpec>
        <setSpec>ddc:370</setSpec>
      </header>
      <metadata>
        <oai_dc:dc xmlns:oai_dc="http://www.openarchives.org/OAI/2.0/oai_dc/" xmlns:dc="http://purl.org/dc/elements/1.1/" xsi:schemaLocation="http://www.openarchives.org/OAI/2.0/oai_dc/ http://www.openarchives.org/OAI/2.0/oai_dc.xsd">
          <dc:title xml:lang="deu">Digitale Medien im Musikunterricht. Ansätze zur Didaktik und Methodik des computergestützen Musikunterrichts</dc:title>
          <dc:title xml:lang="eng">Digital Media in the Music Classroom. Didactics and Methods of Computer-based Music Instruction</dc:title>
          <dc:creator>Strasbaugh, Lamar Gene</dc:creator>
          <dc:subject>ddc:370</dc:subject>
          <dc:description xml:lang="deu">Diese Arbeit behandelt im umfassenden Rundblick den Einsatz von digitalen Medien im Musikunterricht der allgemeinbildenden Schule. In musikdidaktischen und mediendidaktischen Persepktiven werden untersucht: u. a. die räumlichen und technischen Voraussetzungen, unterschiedliche Methoden des Computereinsatzes – einschließlich der Vor- und Nachteile gegenüber anderen Medien – und vielfältige Formen der Interaktion im computergestützten Musikunterricht. Unter den unterschiedlichen Perspektiven von Schülern und Lehrern werden Erfordernisse und Bedingungen der musikalischen und medialen Kompetenzentwicklung dargestellt. Die Erörterungen erfassen mit vielen Anwendungsbeispielen zahlreiche alltägliche Unterrichtssituationen in allen Altersgruppen und regen Entwicklungen an, die wiederum zu neuen alltäglichen Situationen führen könnten. Zum Schluss werden 140 Lernsequenzen mit Computern im Musikunterricht, die von verschiedenen Autoren veröffentlicht wurden, im Hinblick auf ihre Verwendung im Unterricht nach diversen Kriterien untersucht, tabellarisch gelistet und kurz kommentiert.</dc:description>
          <dc:description xml:lang="eng">This thesis presents a comprehensive panorama of the use of digital media in the music classroom. From the perspectives of the didactics of music and the didactics of media, it examines spatial and technical prerequisites, various roles the computer can have in music instruction--including advantages and disadvantages in comparison with other media--and diverse forms of interaction in computer-supported instruction scenarios. The different vantage points of students and teachers are examined to highlight the respective needs and requirements of both groups in the processes of developing musical and media competence. The discussions include numerous everyday classroom situations involving music and media in all student age groups and encourage developments which could eventually lead to the implementation of new everyday situations. In the final chapter of the thesis, 140 classroom plans which incorporate computers in the music classroom are analysed. The classroom plans published by other authors are examined according to various criteria, presented in table form and briefly commented.</dc:description>
          <dc:date>2007-01-05</dc:date>
          <dc:type>doctoralthesis</dc:type>
          <dc:type>doc-type:doctoralthesis</dc:type>
          <dc:format>application/pdf</dc:format>
          <dc:identifier>http://opus4.kobv.de/opus4-tuberlin/frontdoor/index/index/docId/1410</dc:identifier>
          <dc:identifier>urn:nbn:de:kobv:83-opus-14604</dc:identifier>
          <dc:identifier>http://nbn-resolving.de/urn/resolver.pl?urn:nbn:de:kobv:83-opus-14604</dc:identifier>
          <dc:identifier>http://opus4.kobv.de/opus4-tuberlin/files/1410/strasbaugh_lamar.pdf</dc:identifier>
          <dc:language>deu</dc:language>
          <dc:rights>Deutsches Urheberrecht mit Print on Demand (u.a. für Dissertationen empfohlen)</dc:rights>
        </oai_dc:dc>
      </metadata>
    </record>
  </GetRecord>
</OAI-PMH>
