<?xml version="1.0" encoding="utf-8"?>
<?xml-stylesheet type="text/xsl" href="xsl/oai2.xsl"?><OAI-PMH xmlns="http://www.openarchives.org/OAI/2.0/" xmlns:xsi="http://www.w3.org/2001/XMLSchema-instance" xsi:schemaLocation="http://www.openarchives.org/OAI/2.0/ http://www.openarchives.org/OAI/2.0/OAI-PMH.xsd">
  <responseDate>2014-10-15T06:50:35Z</responseDate>
  <request verb="GetRecord" metadataPrefix="oai_dc" identifier="oai:kobv.de-opus4-tuberlin:1319">http://opus4.kobv.de/opus4-tuberlin/oai</request>
  <GetRecord>
    <record>
      <header>
        <identifier>oai:kobv.de-opus4-tuberlin:1319</identifier>
        <datestamp>2013-07-01</datestamp>
        <setSpec>doc-type:doctoralthesis</setSpec>
        <setSpec>bibliography:false</setSpec>
        <setSpec>ddc</setSpec>
        <setSpec>ddc:620</setSpec>
      </header>
      <metadata>
        <oai_dc:dc xmlns:oai_dc="http://www.openarchives.org/OAI/2.0/oai_dc/" xmlns:dc="http://purl.org/dc/elements/1.1/" xsi:schemaLocation="http://www.openarchives.org/OAI/2.0/oai_dc/ http://www.openarchives.org/OAI/2.0/oai_dc.xsd">
          <dc:title xml:lang="deu">Erdbebensicherheit von Lehmsteinbauten untersucht für den Standort Oaxaca, Mexiko</dc:title>
          <dc:title xml:lang="eng">Earthquake-Resistance of Adobe-Houses for the District Oaxaca in Mexico</dc:title>
          <dc:creator>Gasparini, Jeanette</dc:creator>
          <dc:subject>ddc:620</dc:subject>
          <dc:description xml:lang="deu">Für die Erdbebenregion Oaxaca in Mexiko wird basierend auf umfangreichen anwendungsorientierten Untersuchungen ein kostengünstiges erdbebensicheres Wohnhaus entwickelt, das mit örtlich verfügbaren Mitteln einfach erstellt werden kann. Vorhandene Bauweisen und Bauschäden nach Erdbeben sind mit Aufmassen vor Ort dokumentiert und mögliche Verbesserungen angegeben. Beim Lehmsteinbau (Adobe) wird das größte Entwicklungspotenzial gesehen. Materialprüfungen im Labor belegen den Nutzen von Bewehrungen mit Sisalseilen im Lehmstein-Mauerwerk und höhere Tragfähigkeit im Vergleich zum unbewehrten Mauerwerk. Dynamische Analysen und Berechnungen mit der Finite-Element-Methode (FEM) zeigen für eingeschossige Baukörper bei limitierten Abmessungen und mit eingefügten konstruktiven Aussteifungen, dass typische Erdbebenlasten von Oaxaca beherrschbar sind. Die Untersuchungen führen zu Entwurfsregeln für einen erdbebengerechten Lehmsteinbau. Ein nach diesen Regeln entworfenes Musterhaus, dass in den Projekten der TU Berlin erfolgreich realisiert wurde, wird zum Schluss vorgestellt.</dc:description>
          <dc:description xml:lang="eng">The research work at hand is application–oriented. To develop a low cost, simple constructed and earthquake resistant residential house for the earthquake region Oaxaca in Mexico investigations in different fields are made. The survey of simple cottages in the region of Oaxaca documents construction style and structural damage. The potential to gain a higher level of construction was figured out for the adobe style buildings. With material tests in the laboratory the use of sisal-fibre-ropes as reinforcement of the bed joint is tested and optimized. The load-bearing capacity of sisal-fibre-ropes reinforced and unreinforced adobe is evaluated. With a dynamic analysis by use of the finite element method and the computer program Sofisitk (Sofitik AG, Oberschleißheim) the earthquake resistance of single floor adobe buildings is shown. Use of struttings and a limitation of dimensions are recommended. Based on established design rules an example of an adobe house shows the design and the way of construction.</dc:description>
          <dc:date>2006-08-10</dc:date>
          <dc:type>doctoralthesis</dc:type>
          <dc:type>doc-type:doctoralthesis</dc:type>
          <dc:format>application/pdf</dc:format>
          <dc:identifier>http://opus4.kobv.de/opus4-tuberlin/frontdoor/index/index/docId/1319</dc:identifier>
          <dc:identifier>urn:nbn:de:kobv:83-opus-13513</dc:identifier>
          <dc:identifier>http://nbn-resolving.de/urn/resolver.pl?urn:nbn:de:kobv:83-opus-13513</dc:identifier>
          <dc:identifier>http://opus4.kobv.de/opus4-tuberlin/files/1319/gasparini_jeanette.pdf</dc:identifier>
          <dc:language>deu</dc:language>
          <dc:rights>Deutsches Urheberrecht mit Print on Demand (u.a. für Dissertationen empfohlen)</dc:rights>
        </oai_dc:dc>
      </metadata>
    </record>
  </GetRecord>
</OAI-PMH>
