<?xml version="1.0" encoding="utf-8"?>
<?xml-stylesheet type="text/xsl" href="xsl/oai2.xsl"?><OAI-PMH xmlns="http://www.openarchives.org/OAI/2.0/" xmlns:xsi="http://www.w3.org/2001/XMLSchema-instance" xsi:schemaLocation="http://www.openarchives.org/OAI/2.0/ http://www.openarchives.org/OAI/2.0/OAI-PMH.xsd">
  <responseDate>2014-10-15T06:49:10Z</responseDate>
  <request verb="GetRecord" metadataPrefix="oai_dc" identifier="oai:kobv.de-opus4-tuberlin:1080">http://opus4.kobv.de/opus4-tuberlin/oai</request>
  <GetRecord>
    <record>
      <header>
        <identifier>oai:kobv.de-opus4-tuberlin:1080</identifier>
        <datestamp>2013-07-01</datestamp>
        <setSpec>doc-type:doctoralthesis</setSpec>
        <setSpec>bibliography:false</setSpec>
        <setSpec>ddc</setSpec>
        <setSpec>ddc:550</setSpec>
      </header>
      <metadata>
        <oai_dc:dc xmlns:oai_dc="http://www.openarchives.org/OAI/2.0/oai_dc/" xmlns:dc="http://purl.org/dc/elements/1.1/" xsi:schemaLocation="http://www.openarchives.org/OAI/2.0/oai_dc/ http://www.openarchives.org/OAI/2.0/oai_dc.xsd">
          <dc:title xml:lang="eng">Mineralogical and Geochemical Studies of Carbonaceous Shale Deposits from Egypt</dc:title>
          <dc:title xml:lang="deu">Mineralogische und geochemische Analyse von kohlehaltigen Tonsteinabfolgen aus Ägypten</dc:title>
          <dc:creator>Temraz, Mostafa Gouda Mohamed Attia</dc:creator>
          <dc:subject>ddc:550</dc:subject>
          <dc:description xml:lang="eng">The present investigations focus on an integrated sedimentological, mineralogical and geochemical evaluation of the carbonaceous shales from Egypt. The analysis of the black shales of the Ataqa Formation and the Safa Formation in both, Southern and Northern Sinai, indicate improved depositional environmental condititions during Carboniferous and Jurassic in Egypt. The dominance of detrital kaolinite, the enrichment in chemically immobile elements SiO2, Al2O3 and TiO2 and high values of Chemical Index of Alteration (CIA) suggest intensive chemical weathering of the source rocks under tropical to subtropical humid climatic conditions. The occurrence of coal seams within the Ataqa Formation in Abu Zinema and within the Safa Formation in Al Maghara (here with mineable coal beds), as well as the absence of foraminifera in both formations indicate their deposition in a continental lagoonal environment. In the black and carbonaceous shales of Duwi Formation, Dakhla Shale and Esna Shale of Upper Cretaceous and Lower Tertiary age in Abu Tartur, Nile Valley and Quseir, detrital smectite is the dominant clay mineral in addition to minor kaolinite and chlorite contents. The smectite content gives evidence of considerable marine influence during the sedimentary processes in South Egypt in comparison to Sinai, whereas the origin of detrital sedimentary input derived from granitic to basaltic source rock, and the weathering conditions were the same for both areas. The Duwi Formation in Abu Tartur was deposited in a shallow and restricted marine environment under prevailing reducing conditions. There, the Campanian/Maastrichtian transgression was interrupted by multiple regressive phases which caused intensive reworking of sediments and enrichment of the phosphate layers in this formation. The Duwi Formation is characterized by absence of foraminifera, compared to the abundance of foraminifera's assemblages in Dakhla and Esna shales which suggest open marine environments and prograding marine transgression during the deposition of these formations. The studied shales show significant enrichment in organic matter in the black shale of Ataqa and Safa formations of Carboniferous and Jurassic age and Duwi Formation of Cretaceous age whereas the total organic carbon content (TOC) of Dakhla Shale and Esna Shale was depleted by oxidation under surface conditions in outcrops. All studied shales are immature for hydrocarbon generation with a fair hydrocarbon potential of kerogen type III.</dc:description>
          <dc:description xml:lang="deu">Die vorliegende Arbeit konzentrierte sich auf die integrierte sedimentologische, mineralogische und geochemische Analyse von kohlehaltigen Tonsteinabfolgen aus Ägypten. Die Untersuchungen der Schwarzschiefer der Ataqa Formation des Karbon und der Safa Formation des Jura im südlichen und nördlichen Sinai erlauben Rückschlüsse auf optimale Bedingungen zur Zeit der Ablagerung. Die Dominanz an detritischem Kaolinit, die Anreicherung an den chemisch immobilen Elementen SiO2, Al2O3 und TiO2 sowie die hohen Werte im Chemischem Alterierungs-Index (CIA = Chemical Indix of Alteration), liefern Hinweise auf eine intensive chemische Verwitterung der Ausgangsgesteine und auf tropische bis subtropische, feuchtwarme Klimabedingungen im Hinterland. Das Auftreten von Kohleflözen in der Ataqa Formation in Abu Zinema und in der Safa Formation in Al Maghara (hier mit abbauwürdigen Kohleflözen) sowie das Fehlen von marinen Mikrofossilien weisen auf eine Sedimentation unter kontinentalen bis lagunären Bedingungen hin. Die Schwarzschiefer der Duwi Formation, des Dakhla Shale und des Esna Shale (Oberkreide bis Tertiär) in Abu Tartur, im Nile Valley und in Quseir zeichnen sich durch einen sehr hohen Anteil an detritischem Smektit aus. Kaolinit und Chlorit treten nur untergeordnet auf. Das erhöhte Auftreten von Smektit belegt deutliche marine Einflüsse während der Ablagerung der Sedimente in Südägypten im Vergleich zur Region des Sinai. Der Ursprung der Sedimente, abgeleitet von granitischen bis basaltischen Ausgangsgesteinen und die Verwitterungsbedingungen im Hinterland waren in beidem Regionen gleich. Die Duwi Formation war unter eingeschränkt flachmarinen Bedingungen, vorwiegend in einem reduzierenden Milieu zur Ablagerung gekommen. Die fortschreitende Campan-Maastricht Transgression wurde unterbrochen durch eine mehrphasige intensive Aufarbeitung von Sedimenten und der resultierenden Anreicherung von Phosphatlagen in dieser Formation. Charakterisch ist das Fehlen von Mikrofossilien in der Duwi Formation, während reiche Foraminiferen-Vergesellschaftungen im darüber liegenden Dakhla Shale und im Esna Shale das Wiedereinsetzen und den Höhepunkt der Transgression unter offenmarinen Bedingungen aufzeigen. Die untersuchten Schwarzschiefer der Ataqa Formation (Karbon), der Safa Formation (Jura) und der Duwi Formation (Oberkreide) zeigen deutliche Anreicherungen an organischer Substanz (Total Organic Content, TOC). Im Dakhla Shale und im Esna Shale ist die organische Substanz durch tiefgründige Verwitterung und Qxidation deutlich reduziert. Alle untersuchten Schwarzschiefer-Proben sind immatur hinsichtlich einer Kohlenwasserstoffgenerierung mit niedrigen Werten im Hydrogen Potential (HI)-Index vom Kerogen-Typus III.</dc:description>
          <dc:date>2005-08-16</dc:date>
          <dc:type>doctoralthesis</dc:type>
          <dc:type>doc-type:doctoralthesis</dc:type>
          <dc:format>application/pdf</dc:format>
          <dc:identifier>http://opus4.kobv.de/opus4-tuberlin/frontdoor/index/index/docId/1080</dc:identifier>
          <dc:identifier>urn:nbn:de:kobv:83-opus-10633</dc:identifier>
          <dc:identifier>http://nbn-resolving.de/urn/resolver.pl?urn:nbn:de:kobv:83-opus-10633</dc:identifier>
          <dc:identifier>http://opus4.kobv.de/opus4-tuberlin/files/1080/temraz_mostafa.pdf</dc:identifier>
          <dc:language>eng</dc:language>
          <dc:rights>Deutsches Urheberrecht mit Print on Demand (u.a. für Dissertationen empfohlen)</dc:rights>
        </oai_dc:dc>
      </metadata>
    </record>
  </GetRecord>
</OAI-PMH>
