<?xml version="1.0" encoding="utf-8"?>
<?xml-stylesheet type="text/xsl" href="xsl/oai2.xsl"?><OAI-PMH xmlns="http://www.openarchives.org/OAI/2.0/" xmlns:xsi="http://www.w3.org/2001/XMLSchema-instance" xsi:schemaLocation="http://www.openarchives.org/OAI/2.0/ http://www.openarchives.org/OAI/2.0/OAI-PMH.xsd">
  <responseDate>2014-10-15T06:50:53Z</responseDate>
  <request verb="GetRecord" metadataPrefix="oai_dc" identifier="oai:kobv.de-opus4-tuberlin:1398">http://opus4.kobv.de/opus4-tuberlin/oai</request>
  <GetRecord>
    <record>
      <header>
        <identifier>oai:kobv.de-opus4-tuberlin:1398</identifier>
        <datestamp>2013-07-01</datestamp>
        <setSpec>doc-type:doctoralthesis</setSpec>
        <setSpec>bibliography:false</setSpec>
        <setSpec>ddc</setSpec>
        <setSpec>ddc:620</setSpec>
      </header>
      <metadata>
        <oai_dc:dc xmlns:oai_dc="http://www.openarchives.org/OAI/2.0/oai_dc/" xmlns:dc="http://purl.org/dc/elements/1.1/" xsi:schemaLocation="http://www.openarchives.org/OAI/2.0/oai_dc/ http://www.openarchives.org/OAI/2.0/oai_dc.xsd">
          <dc:title xml:lang="deu">Entwicklung eines modularen Konzeptes für die Instandhaltung schienengebundener Fahrzeuge im öffentlichen Personennahverkehr</dc:title>
          <dc:title xml:lang="eng">Development of a modularly structured maintenance concept for trains in public passenger transportation</dc:title>
          <dc:creator>Schwarzer, Christian</dc:creator>
          <dc:subject>ddc:620</dc:subject>
          <dc:description xml:lang="deu">Die Verkehrsunternehmen im öffentlichen Personennahverkehr stehen u.a. durch die Öffnung der Märkte und die kritische Haushaltslage der Kommunen zunehmend unter dem Druck, ihre Wirtschaftlichkeit weiter zu steigern. Neben dem Betrieb verursachen die Fahrzeuge in ihrer Instandhaltung und Erneuerung einen großen Teil der Gesamtkosten eines Verkehrsunternehmens. Die Unterhaltung des Fuhrparks unter technisch und wirtschaftlich optimalen Gesichtspunkten im Sinne der Life Cycle Cost wird somit für die Fahrzeugbetreiber zu einer zentralen Herausforderung auf dem Weg der langfristigen Kostensenkung. In dieser Arbeit wird auf Basis umfangreicher Felddaten eines realen Systems die Instandhaltung von Schienenfahrzeugen in Bezug auf kostentreibende und qualitätskritische Prozesse analysiert und bewertet. Neben einer Lebenszykluskostenanalyse über einen Zeitraum von 35 Jahren, werden unter Einsatz statistischer Hilfsmittel die Problemfelder in der Instandhaltung in Bezug auf Kosten und Kundenzufriedenheit aufgezeigt. In diesem Zusammenhang wird auch der Einfluss des Herstellers auf die Zuverlässigkeit der Fahrzeuge und somit auf die erforderliche Fahrzeugreserve herausgestellt. Auf Grundlage der Untersuchungen wird ein praxisnahes, modular aufgebautes Konzept entwickelt, das hilft, die Wettbewerbsposition von Verkehrsunternehmen oder Instandhaltungsbetrieben im schienengebundenen ÖPNV durch eine ganzheitliche und kennzahlengestützte Sichtweise zu verbessern. Das System zielt darauf ab, durch Einführung prozess- und qualitätsorientierter Instrumente wie Kaizen und Six Sigma die Kundenzufriedenheit zu steigern und die Gesamtkosten zu reduzieren. Ein zweistufig aufgebautes instandhaltungsgerechtes Kennzahlensystem ermöglicht dabei eine durchgängige Mess- und Bewertbarkeit einzelner Systemparameter.</dc:description>
          <dc:description xml:lang="eng">Companies involved in providing public passenger transportation services are increasingly forced to improve their competitive cost position due to intensifying competition in the wake of the opening of the transportation markets and the critical budgetary situation of municipalities, states and the federal government. Besides operations, the maintenance and renewal of rolling stock constitutes a substantial part of the operating costs of a transportation company and therefore, to perform the former tasks in a cost optimal way, minimising life cycle costs and reaching sustainable cost reductions becomes one of the major challenges. Within this thesis and based on actual rolling stock data, cost and quality relevant maintenance processes of rolling stock are analysed and evaluated in detail. Besides a life-cycle-cost analysis over a period of 35 years, this thesis analyses the relevant maintenance problems with regard to costs and customer satisfaction by extensively using of statistical instruments. Within this context, this work analyses the influence of rolling stock manufacturers on the reliability of vehicles and thus on the necessary size of vehicle reserves. Based on this analysis, a practical and modularly structured maintenance concept is developed with the aim to improve the competitive position of train operating companies or maintenance providers through a comprehensive and key performance indicator (KPI) aided methodology. The systems aims to introduce process- and quality-oriented tools such as Kaizen or Six-Sigma to improve customer satisfaction and reduce operating costs. This is accomplished by a two-tiered maintenance-oriented KPI-tree system, which realises the measurement and evaluation of single system parameters throughout the entire value-added chain of vehicle maintenance.</dc:description>
          <dc:date>2006-12-20</dc:date>
          <dc:type>doctoralthesis</dc:type>
          <dc:type>doc-type:doctoralthesis</dc:type>
          <dc:format>application/vnd.ms-excel</dc:format>
          <dc:format>application/pdf</dc:format>
          <dc:identifier>http://opus4.kobv.de/opus4-tuberlin/frontdoor/index/index/docId/1398</dc:identifier>
          <dc:identifier>urn:nbn:de:kobv:83-opus-14567</dc:identifier>
          <dc:identifier>http://nbn-resolving.de/urn/resolver.pl?urn:nbn:de:kobv:83-opus-14567</dc:identifier>
          <dc:identifier>http://opus4.kobv.de/opus4-tuberlin/files/1398/original_schwarzer_christian.doc</dc:identifier>
          <dc:identifier>http://opus4.kobv.de/opus4-tuberlin/files/1398/schwarzer_christian.pdf</dc:identifier>
          <dc:language>deu</dc:language>
          <dc:rights>Deutsches Urheberrecht mit Print on Demand (u.a. für Dissertationen empfohlen)</dc:rights>
        </oai_dc:dc>
      </metadata>
    </record>
  </GetRecord>
</OAI-PMH>
