<?xml version="1.0" encoding="utf-8"?>
<?xml-stylesheet type="text/xsl" href="xsl/oai2.xsl"?><OAI-PMH xmlns="http://www.openarchives.org/OAI/2.0/" xmlns:xsi="http://www.w3.org/2001/XMLSchema-instance" xsi:schemaLocation="http://www.openarchives.org/OAI/2.0/ http://www.openarchives.org/OAI/2.0/OAI-PMH.xsd">
  <responseDate>2014-10-15T06:49:21Z</responseDate>
  <request verb="GetRecord" metadataPrefix="oai_dc" identifier="oai:kobv.de-opus4-tuberlin:1127">http://opus4.kobv.de/opus4-tuberlin/oai</request>
  <GetRecord>
    <record>
      <header>
        <identifier>oai:kobv.de-opus4-tuberlin:1127</identifier>
        <datestamp>2013-07-01</datestamp>
        <setSpec>doc-type:doctoralthesis</setSpec>
        <setSpec>bibliography:false</setSpec>
        <setSpec>ddc</setSpec>
        <setSpec>ddc:004</setSpec>
      </header>
      <metadata>
        <oai_dc:dc xmlns:oai_dc="http://www.openarchives.org/OAI/2.0/oai_dc/" xmlns:dc="http://purl.org/dc/elements/1.1/" xsi:schemaLocation="http://www.openarchives.org/OAI/2.0/oai_dc/ http://www.openarchives.org/OAI/2.0/oai_dc.xsd">
          <dc:title xml:lang="deu">Adaptive Overlays in Peer-to-Peer Netzwerken</dc:title>
          <dc:title xml:lang="eng">Adaptive Overlays in Peer-to-Peer Networks</dc:title>
          <dc:creator>Löser, Alexander</dc:creator>
          <dc:subject>ddc:004</dc:subject>
          <dc:description xml:lang="deu">Drei aktuelle Trends haben neue Perspektiven für die Recherche in Unternehmensdaten geschaffen: Eine Explosion lokal gespeicherter Daten, der Bedarf des Austausches dieser Daten in und zwischen einzelnen Unternehmen und ein zunehmender Kundenwunsch nach einer integrativen Suche in lokalen und entfernten Quellen. Alle drei Aspekte zusammen bewirken einen Marktwert für Dienste der Art 'Integrierte Suche'. Ein wesentlicher Teilaspekt eines unternehmensübergreifenden Suchdienstes ist die Auswahl relevanter Datenquellen, beispielsweise vernetzte Desktops im Unternehmen. Der Mehrwert dieses Dienstes entsteht in der effizienten und geschickten Auswahl von Quellen; der Dienst soll möglichst wenig Quellen anfragen und trotzdem möglichst alle relevanten Quellen finden. Aufgrund der Unübersehbarkeit und Dynamik der Daten sowie der Volatilität und Autonomie der Quellen ist die Entwicklung dieses Dienstes eine besondere Herausforderung für die Informatik. Die vorliegende Dissertation beschreibt einen solchen Dienst am Beispiel von Peer-to-Peer Netzwerken. Inspiriert durch Milgram's Untersuchungen der Small World Netzwerke entwickeln wir eine neue Routing Strategie für ein volatiles Netzwerk, in dem ein Peer eine Person repräsentiert. Aus den Interaktionen der Peers leiten wir zusätzliche Verbindungen im Netzwerk, sogenannte Shortcuts, ab, die jeder Peer lokal in einem Index speichert. Dadurch entsteht ein Overlay Netzwerk, welches eine für das effiziente Routing besonders hilfreiche Anordnung der Peers aufweist: Peers mit ähnlichen Interessen sind direkt miteinander vernetzt. Eine dynamische Kombination von themenspezifischen, vernetzungsabhängigen und zufälligen Routing Strategien entlang der Shortcuts ermöglicht die gezielte und effiziente Auswahl relevanter Quellen mit minimaler Belastung des Netzwerkes und ohne manuelle Unterstützung durch den Benutzer. Für die Verwaltung der lokalen Shortcut Indices entwickeln wir einen neue Indexstrategie. Diese erlaubt die gezielte Aktualisierung lokal gespeicherter Shortcuts und berücksichtigt sowohl Änderungen der Verfügbarkeit von Quellen als auch von Daten im Netzwerk. Die Ergebnisse der vorliegenden Arbeit unterstützen maßgeblich die Entwicklung eines integrierten Suchdienstes. Simulationen zeigen, dass, gegenüber vergleichbaren Ansätzen, der Recall für eine Anfrage deutlich erhöht und die Kosten für eine Anfrage drastisch gesenkt werden. Shortcut Overlay Netzwerke sind robust, sie tolerieren wechselnde Interessen sowie eine hohe Volatilität der Peers. Diese Eigenschaften, kombiniert mit der vollständig lokalen Erstellung, Auswahl und Verwaltung der Indices, machen Shortcut Overlay Netzwerke zu einer sehr vielversprechenden Alternative zu Flooding-basierten Ansätzen oder verteilten Hashtabellen.</dc:description>
          <dc:description xml:lang="eng">In research and business currently we notify three key trends: the explosion of unstructured data; the critical need to formally manage content; and internetworking and collaboration within and between enterprises. Peer-to-Peer information systems address the need to access content wherever it resides, to produce content while maintaining control over it, and to collaborate efficiently by sharing real-time data within a distributed network of stakeholders. Enterprises that are highly dependent on sharing real-time information across geographically spread knowledge workers are likely to benefit immediately from peer-to-peer information systems. This thesis focuses on the issue of determining a relevant peer in a completely decentralized and volatile setting without any static peers, such as necessitated by peer-to-peer information systems in virtual organizations. Example applications, such as the networked semantic desktop and legal music sharing, serve as rationale throughout the thesis. We discuss, which routing strategies exist, when they should be used, and -most importantly- how can we enhance their recall and lower their communication costs. The full autonomy of peers as well as the full control of their own resources preclude prominent resource location and query routing schemes, such as distributed hash tables. We propose a new resource location and a semantic query routing approach that exploits social metaphors of topical experts and experts' experts as well as semantic similarity of queries and information sources. The novel design principle of our approach lies in the dynamic adaptation of the network topology, driven by the history of successful or semantically similar queries. This is memorized by using bounded local shortcut indexes storing semantically labelled shortcuts and a dynamic shortcut selection strategy, which forwards queries to a community of peers that are likely to best answer queries. Our results support the development of a completely decentralized peer-to-peer information system significant. Extensive simulations show that the clustering of peers within semantic communities drastically improves the overall performance of our algorithm even in a highly volatile setting, while our index policy locally indices the 'right' peers, that provide resources to the core interests of a requesting peer. Shortcut overlays are robust; they tolerate interests shifts and high network volatility. These attractive properties, combined with the locality preserving design of the index management and peer selection algorithm, pose shortcut overlay networks as a very promising alternative to state of the art semantic routing approaches.</dc:description>
          <dc:date>2005-10-27</dc:date>
          <dc:type>doctoralthesis</dc:type>
          <dc:type>doc-type:doctoralthesis</dc:type>
          <dc:format>application/pdf</dc:format>
          <dc:identifier>http://opus4.kobv.de/opus4-tuberlin/frontdoor/index/index/docId/1127</dc:identifier>
          <dc:identifier>urn:nbn:de:kobv:83-opus-11363</dc:identifier>
          <dc:identifier>http://nbn-resolving.de/urn/resolver.pl?urn:nbn:de:kobv:83-opus-11363</dc:identifier>
          <dc:identifier>http://opus4.kobv.de/opus4-tuberlin/files/1127/loeser_alexander.pdf</dc:identifier>
          <dc:language>deu</dc:language>
          <dc:rights>Deutsches Urheberrecht mit Print on Demand (u.a. für Dissertationen empfohlen)</dc:rights>
        </oai_dc:dc>
      </metadata>
    </record>
  </GetRecord>
</OAI-PMH>
