<?xml version="1.0" encoding="utf-8"?>
<?xml-stylesheet type="text/xsl" href="xsl/oai2.xsl"?><OAI-PMH xmlns="http://www.openarchives.org/OAI/2.0/" xmlns:xsi="http://www.w3.org/2001/XMLSchema-instance" xsi:schemaLocation="http://www.openarchives.org/OAI/2.0/ http://www.openarchives.org/OAI/2.0/OAI-PMH.xsd">
  <responseDate>2014-10-15T06:50:48Z</responseDate>
  <request verb="GetRecord" metadataPrefix="oai_dc" identifier="oai:kobv.de-opus4-tuberlin:1374">http://opus4.kobv.de/opus4-tuberlin/oai</request>
  <GetRecord>
    <record>
      <header>
        <identifier>oai:kobv.de-opus4-tuberlin:1374</identifier>
        <datestamp>2013-07-01</datestamp>
        <setSpec>doc-type:doctoralthesis</setSpec>
        <setSpec>bibliography:false</setSpec>
        <setSpec>ddc</setSpec>
        <setSpec>ddc:610</setSpec>
      </header>
      <metadata>
        <oai_dc:dc xmlns:oai_dc="http://www.openarchives.org/OAI/2.0/oai_dc/" xmlns:dc="http://purl.org/dc/elements/1.1/" xsi:schemaLocation="http://www.openarchives.org/OAI/2.0/oai_dc/ http://www.openarchives.org/OAI/2.0/oai_dc.xsd">
          <dc:title xml:lang="deu">Ein modulares Navigationssystem für die dentale Implantologie</dc:title>
          <dc:title xml:lang="eng">A modular navigation system for dental implantology</dc:title>
          <dc:creator>Krüger, Timo</dc:creator>
          <dc:subject>ddc:610</dc:subject>
          <dc:description xml:lang="deu">Die vorliegende Arbeit stellt ein modulares Navigationssystem für die dentale Implantologie vor. Dentale Implantate sind Verankerungen im Knochen eines Patienten für Zahnprothesen. Die wichtigsten Anforderungen beim Setzen von Implantaten sind ein möglichst fester Sitz der Implantate im Knochen, die Schonung sensibler Strukturen, z.B. Nerven und Kieferhöhle, eine möglichst ästhetische Prothetik, eine hohe Langzeithaltbarkeit der Implantate im Knochen, die Möglichkeit der Sofortversorgung, schnell und genau durchführbare Eingriffe und ein Qualitätsnachweis der Versorgung. Navigationssysteme stellen dem Implantologen visuelle und akustische Informationen zur Verfügung, die ihm eine Positionierung und Ausrichtung des Bohrers zu präoperativ geplanten Implantaten ermöglichen. Die Planung der Implantlagen erfolgt auf der Grundlage von 3D Bilddaten. Zur Generierung der Informationen für den Implantologen erfolgt während des Eingriffs die Messung der relativen Position und Ausrichtung des Bohrers zum Patienten. Dazu sind sowohl am Patienten als auch am Winkelstück (Bohrmaschine) des Implantologen Tracker (Lokalisatoren) angebracht. Durch die vollständige dreidimensionale Positions- und Ausrichtungsdarstellung bieten die Systeme eine umfangreiche intraoperative Unterstützung. Im Rahmen dieser Arbeit wurde das erste modulare, tragbare Navigationssystem für die dentale Navigation entwickelt und medizinisch zugelassen. Alle Komponenten des Systems, die mit dem Patienten in Berührung kommen, sind autoklavierbar (sterilisierbar). Das System ist Laptop basiert und im Gegensatz zu allen am Markt befindlichen Systemen unterschiedlich konfigurierbar und leicht zu transportieren (tragbar). Dieses Navigationssystem kann als Schulungssystem konfiguriert werden und ermöglicht somit einen breiten Zugang zu dieser Technologie. Die Ermittlung der Genauigkeit der Umsetzung von Planungsdaten bezüglich ihrer Winkel- und Positionsgenauigkeit ist Bestandteil des Systems. Die klinische Gesamtgenauigkeit wurde durch Messungen in postoperativ aufgenommen Röntgenbildern ermittelt. Durch die Realisierung eines konfigurierbaren Systems mit vollständig autoklavierbaren und ergonomischen Lokalisatoren ist die Praxistauglichkeit im Hinblick auf vergleichbare Systeme deutlich gestiegen. Im Rahmen einer internationalen multizentrischen klinischen Studie wurde die Qualität von navigiert gesetzten Implantaten nachgewiesen. Die vorgestellten Ergebnisse zeigen, dass das realisierte modulare Navigationssystem einen wichtigen Beitrag zur weiteren Etablierung dentaler Navigationssysteme im klinischen Alltag liefern kann. Des Weiteren können die in dieser Arbeit vorgestellten Konzepte und Realisierungen Anregungen für die weitere Entwicklung von computerassistierten Systemen in anderen Bereichen der computerassistierten Chirurgie geben. Timo Krüger, im Sommer 2006</dc:description>
          <dc:description xml:lang="eng">This thesis presents a modular navigation system for dental implantology. Dental implants are anchors in the bone of a patient meant for dental prostheses. The main requirements for placing implants are a preferably firm fit in the jaw, the protection of sensitive structures, e.g. nerves and maxillary sinus, an aesthetic prosthodontics, a long term durability of the implants in the jaw, the possibility of immediate load, quick and precise feasible interventions and a verification of the quality of the medical care. Navigation systems provide the implantologist with visual and audible information that enables him to position and align the dental burr with respect to pre-operatively planned implants. The planning of the implant poses is based on 3d image data. The pose information for the implantologist is generated by measuring the relative position and orientation of the burr during the intervention with regard to the patient. For that, trackers (localizer) are fit to the patient as well as to the surgical instrument (drill). Due to the complete three-dimensional visualization of position and orientation the systems provide wide inter-operative support. Within the scope of this work the first modular, portable navigation system for dental implantology has been developed and approved according to the medical device directive. All system components that are likely to contact the patient are autoclavable (sterilizable). The system is laptop based and in contrast to all other commercial systems, it can be configured variable and is easy to transport. The presented navigation system can be set up as training system, thus, offering a broad access to this technology. Accuracy determination of the transference of the implant planning regarding angulation and position accuracy is provided by the system. The clinical overall accuracy has been found by comparative measurements in post-operative projection images. With the accomplishment of a configurable system with completely autoclavable and ergonomic localizers the suitability for daily use has been increased noticeably as to comparable systems. The quality of implants placed with navigation support has been demonstrated within the scope of an international multicenter clinical study. The presented results show that the accomplished modular navigation system contributes considerably to the further establishment of navigation technology in the clinical routine of dental implantology. In addition, the concepts and implementations presented in this work can animate other developments of assist systems for computer assisted surgery in different clinical fields. Timo Krüger, Summer 2006</dc:description>
          <dc:date>2006-11-16</dc:date>
          <dc:type>doctoralthesis</dc:type>
          <dc:type>doc-type:doctoralthesis</dc:type>
          <dc:format>application/pdf</dc:format>
          <dc:identifier>http://opus4.kobv.de/opus4-tuberlin/frontdoor/index/index/docId/1374</dc:identifier>
          <dc:identifier>urn:nbn:de:kobv:83-opus-14241</dc:identifier>
          <dc:identifier>http://nbn-resolving.de/urn/resolver.pl?urn:nbn:de:kobv:83-opus-14241</dc:identifier>
          <dc:identifier>http://opus4.kobv.de/opus4-tuberlin/files/1374/krueger_timo.pdf</dc:identifier>
          <dc:language>deu</dc:language>
          <dc:rights>Deutsches Urheberrecht mit Print on Demand (u.a. für Dissertationen empfohlen)</dc:rights>
        </oai_dc:dc>
      </metadata>
    </record>
  </GetRecord>
</OAI-PMH>
