<?xml version="1.0" encoding="utf-8"?>
<?xml-stylesheet type="text/xsl" href="xsl/oai2.xsl"?><OAI-PMH xmlns="http://www.openarchives.org/OAI/2.0/" xmlns:xsi="http://www.w3.org/2001/XMLSchema-instance" xsi:schemaLocation="http://www.openarchives.org/OAI/2.0/ http://www.openarchives.org/OAI/2.0/OAI-PMH.xsd">
  <responseDate>2014-10-15T06:49:52Z</responseDate>
  <request verb="GetRecord" metadataPrefix="oai_dc" identifier="oai:kobv.de-opus4-tuberlin:1170">http://opus4.kobv.de/opus4-tuberlin/oai</request>
  <GetRecord>
    <record>
      <header>
        <identifier>oai:kobv.de-opus4-tuberlin:1170</identifier>
        <datestamp>2013-07-01</datestamp>
        <setSpec>doc-type:doctoralthesis</setSpec>
        <setSpec>bibliography:false</setSpec>
        <setSpec>ddc</setSpec>
        <setSpec>ddc:720</setSpec>
      </header>
      <metadata>
        <oai_dc:dc xmlns:oai_dc="http://www.openarchives.org/OAI/2.0/oai_dc/" xmlns:dc="http://purl.org/dc/elements/1.1/" xsi:schemaLocation="http://www.openarchives.org/OAI/2.0/oai_dc/ http://www.openarchives.org/OAI/2.0/oai_dc.xsd">
          <dc:title xml:lang="deu">Instrumente zur Planung und Gestaltung des öffentlichen Straßenraumes in Deutschland und deren Anwendungschancen in Chile</dc:title>
          <dc:title xml:lang="eng">Streetscape planning and design tools in Germany and their implementation chances in Chile</dc:title>
          <dc:creator>Herrmann Lunecke, Marie Geraldine</dc:creator>
          <dc:subject>ddc:720</dc:subject>
          <dc:description xml:lang="deu">Die vorliegende Studie enthält eine vergleichende Untersuchung der Instrumente zur Planung und Gestaltung des öffentlichen Straßenraumes in Deutschland und Chile. Anhand von Praxisbeispielen beider Länder wird untersucht, ob und mit welchen planerischen Instrumenten ein quantitativ ausreichend bemessener und qualitativ ansprechend gestalteter öffentlicher Raum gefördert werden kann. Die Studie gliedert sich in drei Teile. Zuerst werden Struktur und Defizite der Instrumente zur Planung und Gestaltung des öffentlichen Straßenraumes in Chile untersucht und Planungsansätze anhand dreier Beispiele aus der Praxis dargestellt. Der zweite Teil der Arbeit analysiert die Instrumente zur Qualifizierung des öffentlichen Straßenraumes in Deutschland. Zunächst wird anhand des Baugesetzbuches, des Bundesnaturschutzgesetzes, der Straßenverkehrsordnung und der Empfehlungen der Forschungsgesellschaft für Strassen- und Verkehrswesen untersucht, welche Instrumente zur Planung und Gestaltung des öffentlichen Straßenraumes in Deutschland zur Verfügung stehen. Anschließend wird die tatsächliche Anwendung und Wirksamkeit der juristischen Instrumente, aber auch der Einsatz informeller Instrumente anhand von Fallstudien aus der deutschen Planungspraxis überprüft. Mit Hilfe der Fallstudienanalyse werden Inhalt, Problemlösungsfähigkeit und Einsatzgrenzen der einzelnen Planungsinstrumente analysiert und erfolgreiche ‚Rezepte‘ und Lösungswege – wie gesamtstädtische Pläne zur Entwicklung öffentlicher Räume, gestalterische Rahmenpläne und informelle Kooperationsstrategien – zum Vorschein gebracht. Der dritte Teil der Untersuchung analysiert die Übertragbarkeit und Anwendungschancen dieser erfolgreichen ‚Rezepte und Lösungswege’ in Chile. Da Systeme auf Änderungen nur im Rahmen ihres eigenen Funktionsmodus reagieren können, werden in diesem Teil der Arbeit die Instrumente zur Planung und Gestaltung des öffentlichen Straßenraumes in beiden Ländern verglichen und Gemeinsamkeiten und kulturelle Unterschiede hervorgehoben. Abschließend werden Vorschläge für die Aufbesserung des öffentlichen Straßenraumes in den Städten und Gemeinden Chiles entwickelt. Grundlage dieser Empfehlungen sind deutsche Vorschriften und Anwendungserfahrungen, welche jeweils auf ihre Übertragbarkeit in die Rechts- und Verwaltungspraxis Chiles überprüft und modifiziert werden.</dc:description>
          <dc:description xml:lang="eng">This PhD contains a comparative study of planning and design tools for streetscape in Germany and Chile. Urban planning policies and design instruments are analysed through case studies in both countries in search of instruments that can promote a high quality streetscape design. The study is divided in three parts. The first part analyses the structure and deficits of the Chilean planning regulatory framework and planning tools aimed at public spaces. Also three best practice cases of planning initiatives are researched. The second part studies the German urban planning tools to qualify streetscape design. First, legal instruments – such as the Bundesnaturschutzgesetzes, Straßenverkehrsordnung and Empfehlungen der Forschungsgesellschaft für Strassen- und Verkehrswesen – are reviewed in search of tools that promote public spaces. Then through best practice cases in Germany the implementation and success of these ‘formal’ instruments, as well as the use of ‘informal’ tools are studied. The practice analysis identifies the content, effectiveness and limitations of the specific urban planning tools and brings out successful ‘prescriptions and solutions’, such as city-wide public space plans, streetscape design guidelines and co-operation strategies. The third part analyses the transferability and possible implementation of these successful ‘prescriptions and solutions’ in Chile. In this section of the study the streetscape planning and design tools of both countries are compared and similarities and cultural differences highlighted. Finally the study develops proposals for the improvement of the planning tools that promote better public spaces in Chile's streets. The base of these recommendations are successful German regulations and implementation experiences, which are reviewed and modified to suit the Chilean legal and planning context making possible their transferability.</dc:description>
          <dc:date>2005-12-20</dc:date>
          <dc:type>doctoralthesis</dc:type>
          <dc:type>doc-type:doctoralthesis</dc:type>
          <dc:format>application/pdf</dc:format>
          <dc:identifier>http://opus4.kobv.de/opus4-tuberlin/frontdoor/index/index/docId/1170</dc:identifier>
          <dc:identifier>urn:nbn:de:kobv:83-opus-11741</dc:identifier>
          <dc:identifier>http://nbn-resolving.de/urn/resolver.pl?urn:nbn:de:kobv:83-opus-11741</dc:identifier>
          <dc:identifier>http://opus4.kobv.de/opus4-tuberlin/files/1170/herrmannlunecke_marie.pdf</dc:identifier>
          <dc:language>deu</dc:language>
          <dc:rights>Deutsches Urheberrecht mit Print on Demand (u.a. für Dissertationen empfohlen)</dc:rights>
        </oai_dc:dc>
      </metadata>
    </record>
  </GetRecord>
</OAI-PMH>
