<?xml version="1.0" encoding="utf-8"?>
<?xml-stylesheet type="text/xsl" href="xsl/oai2.xsl"?><OAI-PMH xmlns="http://www.openarchives.org/OAI/2.0/" xmlns:xsi="http://www.w3.org/2001/XMLSchema-instance" xsi:schemaLocation="http://www.openarchives.org/OAI/2.0/ http://www.openarchives.org/OAI/2.0/OAI-PMH.xsd">
  <responseDate>2014-10-15T06:50:23Z</responseDate>
  <request verb="GetRecord" metadataPrefix="oai_dc" identifier="oai:kobv.de-opus4-tuberlin:1279">http://opus4.kobv.de/opus4-tuberlin/oai</request>
  <GetRecord>
    <record>
      <header>
        <identifier>oai:kobv.de-opus4-tuberlin:1279</identifier>
        <datestamp>2013-07-01</datestamp>
        <setSpec>doc-type:doctoralthesis</setSpec>
        <setSpec>bibliography:false</setSpec>
        <setSpec>ddc</setSpec>
        <setSpec>ddc:620</setSpec>
      </header>
      <metadata>
        <oai_dc:dc xmlns:oai_dc="http://www.openarchives.org/OAI/2.0/oai_dc/" xmlns:dc="http://purl.org/dc/elements/1.1/" xsi:schemaLocation="http://www.openarchives.org/OAI/2.0/oai_dc/ http://www.openarchives.org/OAI/2.0/oai_dc.xsd">
          <dc:title xml:lang="eng">Reliability based analysis of the crosswind stability of railway vehicles</dc:title>
          <dc:title xml:lang="deu">Zuverlässigkeitsbasierte Analyse der Seitenwindstabilität von Schienenfahrzeugen</dc:title>
          <dc:creator>Carrarini, Antonio</dc:creator>
          <dc:subject>ddc:620</dc:subject>
          <dc:description xml:lang="eng">Nowadays, crosswind stability is a key topic for the homologation of railway vehicles and thus a pivotal boundary condition in their design process. In many countries, including Germany, the safety proof is based on the numerical simulation of the driving behaviour of the vehicle in extreme situations and must necessarily include the aerodynamic and driving performances of the vehicle as well as the wind conditions to be reasonably expected during operation. It follows that the quality of the safety proof depends on the accuracy of the available models. In this respect a deep gap can be observed: on the one hand high accuracy can be reached by multibody simulation in the investigation of the driving dynamics; on the other hand the aerodynamic loads acting on the vehicle, which depend on the vehicle shape and the wind scenario, can be estimated only with poor accuracy. The latter problem is due to the difficulties in the set up of models and the determination of the system parameters because of the complexity of the three dimensional flow around the vehicle and the implicit stochastic nature of atmospheric wind. In the present norms for crosswind stability such modelling uncertainties are usually not considered or are very empirically taken into account by safety factors. In this work some improvement in the modelling of the aerodynamic phenomena and the driving dynamics are firstly introduced. It could be observed that with regard to aerodynamics more complex models than usual are necessary, e.g. to cover unsteady phenomena; on the contrary, simpler models than usual can be sufficient for the analysis of the driving dynamics, allowing, for example, the use of linear system theory. Then, in order to include parametric uncertainty in the safety proof, the conventional risk analysis for crosswind stability has been coupled with methods from reliability analysis. Such methods, which are quite common in structural mechanics and are available in different formulations, lead to the efficient assessment of the risk and thus to a reduction of the safety factors, provided that a statistical description of the uncertainties is available. Even though the provision of such a description is often a challenge, good results can be also achieved on the basis of little available information. Furthermore, sensitivity analysis and optimisation can be reformulated on the basis of the proposed approach, so that reliability analysis can be integrated not only in the safety proof but also in the design process. The discussed methods have been tested on the real case of a German high speed train.</dc:description>
          <dc:description xml:lang="deu">Die Seitenwindstabilität spielt heutzutage eine entscheidende Rolle im Zulassungsverfahren von Schienenfahrzeugen und wird oft zur zentralen Randbedingung im Entwurfsprozess. In vielen Ländern, einschließlich Deutschland, basiert der Sicherheitsnachweis auf der numerischen Simulation des Fahrverhaltens unter ausgewählten Randbedingungen und enthält sowohl die fahrdynamischen und aerodynamischen Eigenschaften des Fahrzeugs als auch die zu erwartenden Windverhältnisse. Die Güte des Nachweises hängt deshalb von der Genauigkeit der verfügbaren Berechnungsmodelle ab. In dieser Hinsicht ist eine große Diskrepanz festzustellen: mittels der Mehrkörperdynamik ist es einerseits möglich, bei bekannten Randbedingungen das Verhalten des fahrenden Fahrzeugs sehr genau zu ermitteln; andererseits können die auf das Fahrzeug wirkenden aerodynamischen Lasten, die von der aerodynamischen Gestaltung des Fahrzeugs und dem Windszenario abhängen, nur grob geschätzt werden. Die Ursache liegt in der Komplexität der Strömung um das Fahrzeug und dem stochastischen Charakter des atmosphärischen Windes, die die Erstellung von Modellen und die Ermittlung der Werte der Systemparameter erschweren. In den Normen zur Seitenwindstabilität bleiben solche parametrischen Unsicherheiten grundsätzlich unberücksichtigt bzw. sie werden mit empirischen Sicherheitsfaktoren behandelt. In dieser Arbeit werden zunächst Verbesserungen in der Modellierung erarbeitet, sowohl auf der aerodynamischen als auch der fahrzeugdynamischen Seite. Es ergibt sich, dass im ersteren Fall komplexe Modelle unbedingt notwendig sind, um z.B. instationäre aerodynamische Vorgänge abzubilden, während im letzteren Fall einfachere Modelle als die üblichen kompletten Mehrkörpermodelle ausreichend wären und zum Beispiel die Anwendung der linearen Systemanalyse erlauben würden. Um die parametrischen Unsicherheiten in den Sicherheitsnachweis einzubeziehen, wird dann in dieser Arbeit die konventionelle Risikoanalyse mit Methoden aus der Zuverlässigkeitsanalyse gekoppelt. Solche Methoden, die in verschiedenen Formulierungen verfügbar sind und breite Anwendung in der Strukturmechanik finden, führen zur Quantifizierung des Risikos und erlauben deshalb letztendlich eine Reduktion der notwendigen Sicherheitsfaktoren. Dabei wird vorausgesetzt, dass eine statistische Beschreibung der Unsicherheiten gegeben ist. Obwohl die Erfüllung dieser Bedingung eine große Herausforderung darstellt, können wertvolle Aussagen auch bei minimaler verfügbarer Information gemacht werden. Darüber hinaus werden Sensitivitätsanalyse und Optimierung entsprechend dem vorgestellten Ansatzes formuliert und erweitert, um die Anwendung der Zuverlässigkeitsanalyse nicht nur im Nachweis- sondern auch im Entwurfsprozess zu ermöglichen. Die vorgestellten Methoden werden auf den realistischen Fall eines Hochgeschwindigkeitszugs angewandt.</dc:description>
          <dc:date>2006-06-14</dc:date>
          <dc:type>doctoralthesis</dc:type>
          <dc:type>doc-type:doctoralthesis</dc:type>
          <dc:format>application/pdf</dc:format>
          <dc:identifier>http://opus4.kobv.de/opus4-tuberlin/frontdoor/index/index/docId/1279</dc:identifier>
          <dc:identifier>urn:nbn:de:kobv:83-opus-12997</dc:identifier>
          <dc:identifier>http://nbn-resolving.de/urn/resolver.pl?urn:nbn:de:kobv:83-opus-12997</dc:identifier>
          <dc:identifier>http://opus4.kobv.de/opus4-tuberlin/files/1279/carrarini_antonio.pdf</dc:identifier>
          <dc:language>eng</dc:language>
          <dc:rights>Deutsches Urheberrecht mit Print on Demand (u.a. für Dissertationen empfohlen)</dc:rights>
        </oai_dc:dc>
      </metadata>
    </record>
  </GetRecord>
</OAI-PMH>
