<?xml version="1.0" encoding="utf-8"?>
<?xml-stylesheet type="text/xsl" href="xsl/oai2.xsl"?><OAI-PMH xmlns="http://www.openarchives.org/OAI/2.0/" xmlns:xsi="http://www.w3.org/2001/XMLSchema-instance" xsi:schemaLocation="http://www.openarchives.org/OAI/2.0/ http://www.openarchives.org/OAI/2.0/OAI-PMH.xsd">
  <responseDate>2014-10-15T06:49:18Z</responseDate>
  <request verb="GetRecord" metadataPrefix="oai_dc" identifier="oai:kobv.de-opus4-tuberlin:1113">http://opus4.kobv.de/opus4-tuberlin/oai</request>
  <GetRecord>
    <record>
      <header>
        <identifier>oai:kobv.de-opus4-tuberlin:1113</identifier>
        <datestamp>2013-07-01</datestamp>
        <setSpec>doc-type:doctoralthesis</setSpec>
        <setSpec>bibliography:false</setSpec>
        <setSpec>ddc</setSpec>
        <setSpec>ddc:004</setSpec>
      </header>
      <metadata>
        <oai_dc:dc xmlns:oai_dc="http://www.openarchives.org/OAI/2.0/oai_dc/" xmlns:dc="http://purl.org/dc/elements/1.1/" xsi:schemaLocation="http://www.openarchives.org/OAI/2.0/oai_dc/ http://www.openarchives.org/OAI/2.0/oai_dc.xsd">
          <dc:title xml:lang="eng">IT-supported Visualization and Evaluation of Virtual Knowledge Communities. Applying Social Network Intelligence Software in Knowledge Management to enable knowledge oriented People Network Management</dc:title>
          <dc:title xml:lang="deu">IT-gestützte Visualisierung und Analyse virtueller Communities of Practice. Die Anwendung von Social Network Intelligence Software im Wissensmanagement zur Ermöglichung eines wissensorientierten Managements von Expertennetzwerken</dc:title>
          <dc:creator>Trier, Matthias</dc:creator>
          <dc:subject>ddc:004</dc:subject>
          <dc:description xml:lang="eng">After analyzing current economic indicators to prove the necessity of Knowledge Management for maintaining competitiveness, the basic foundations of the discipline are analyzed. This includes a detailed discussion of the core term ‘knowledge’ itself as well as a comprehensive overview of the development of KM approaches. This results in a timeline which shows the development of the research discipline of KM during the past decades. Afterwards, the underlying complex theories of systems sciences and sociology are developed towards an overview about properties and requirements of modern and complex network organizations. As a result, in part 3.6., novel and concrete implications for a modern and network oriented approach to KM are derived from this discussion. Subsequently, Communities of Practice are identified and described as a major recent concept, which is an actual instantiation of a networked organization for organizing Knowledge Work in expert groups. Their main properties, roles, and processes of a community and its development through lifecycle stages are described. The resulting picture of the basic mechanisms is then extended with an extensive discussion of Information Technology to support the expert networks. However, the analysis results in the insight, that current IT is not at all satisfying the requirements of virtual Knowledge Communities in corporate applications. Especially, the important role of the community moderator and manager is unsatisfactorily supported. This person needs transparency about the large group he is responsible for. This implies the necessity of instruments for monitoring, measurement and evaluation, which is also emphasized by thought leaders and major institutions in the CoP area. Further, the sociability of the expert group needs to be improved. To address these issues, a comprehensive measurement system for analyzing virtual Knowledge Communities is developed. It draws its measures primarily from sociological domains, such as Social Capital and Trust research and Social Network Analysis; but it also includes Knowledge Processes and plain structural analysis. To implement the conceptualized support for CoPs with appropriate measures and visualizations, an extensive software solution which aids as an add-on to current community platforms has been developed and is introduced. The primary challenge was to create insightful visualizations, which integrate 2D and 3D Graph Drawing Techniques for Social Network Analysis with Topic and Keyword Analysis methods and to merge this conglomerate with the measurement system. Finally, three case studies are introduced to illustrate the application of the software solution and its benefits for providing a CoP moderator or manager with detailed insights about the structure and processes of his group.</dc:description>
          <dc:description xml:lang="deu">Nach einer Analyse der gegenwärtigen ökonomischen Indikatoren zum Beleg der Notwendigkeit des Wissensmanagements zur Erhaltung der Wettbewerbsfähigkeit werden zunächst die theoretischen Grundlagen der verwendeten Theorien und Konzepte geschaffen. Das beinhaltet eine detaillierte Diskussion des Hauptbegriffes ‘Wissen’ selbst sowie einen umfangreichen Überblick über die zeitliche und inhaltliche Entwicklung der Disziplin Wissensmanagement. Im Resultat entsteht eine Zeitlinie, welche die wesentlichen Erkenntnisbeiträge der vergangenen Dekaden zu integrieren sucht. Anschließend wird der abstrakte Unterbau der Systemtheorie und der Soziologie miteinbezogen um daraus einen Überblick über die Eigenschaften moderne netzwerkbasierte Organisationsformen und ihre entsprechenden Anforderungen für einen modernen und netzwerkbasierten Wissensmanagementansatz abzuleiten. Darauf aufbauend werden Communities of Practice als eine wichtige Instanziierung einer netzwerkbasierenden und wissensintensiven Organisationsform identifiziert, welche ermöglicht Wissensarbeit in Expertengruppen durchzuführen. Dabei werden die wesentlichen Eigenschaften, Rollen, und Prozesse solcher Communities diskutiert, um ihre Arbeitsweise transparent darzulegen. Das sich ergebende Bild der grundlegenden Wirkmechanismen wird dann mit einer umfangreichen Diskussion der IT Einsatzes zur Unterstützung von Expertennetzwerken erweitert. Allerdings ergibt sich im Rahmen der Untersuchung, dass gegenwärtige IT System nicht alle wesentlichen Voraussetzung zur effektiven unternehmerischen Anwendung von Wissensgemeinschaften erfüllen. Insbesondere die wichtige Rolle des Community Moderatoren und Managers wird unzufriedenstellend unterstützt. Diese Person benötigt vor allem Transparenz über die sehr große Gruppe in ihrem Verantwortungsbereich. Das impliziert die Erforderlichkeit von Instrumenten zum Monitoring, zur Messung und zur Bewertung der Arbeit in der CoP. Dieser Aspekt wird ggw. auch von Meinungsführern und einschlägigen Organisationen dringend gefordert. Desweiteren muss der soziale Elemente virtueller Arbeit besser herausgestellt und gefördert werden. Um diese Ansprüche zu adressieren, wird in ein umfangreiches Mess- und Bewertungssystem zur Analyse virtueller Knowledge Communities entwickelt. Es bezieht dabei insbesondere soziologische Aspekte, wie z.B. die Entwicklung von Sozialkapital, Vertrauensforschung und Social Network Analysis mit ein. Zusätzlich existieren auch Indikatoren zur Bewertung der Wissensprozesse aber auch der quantitativen Struktur des Expertennetzwerkes. Um dieses Analysekonzept mit entsprechenden Messzahlen und dazugehörigen Visualisierungen umzusetzen, wird eine komplexe Softwarelösung entwickelt und vorgestellt. Die Hauptherausforderung war die Schaffung einsichtsreicher und aussagekräftiger Visualisierungen, welche 2D und 3D Graph Drawing Techniken im Bereich der Social Network Analysis mit Themen- und Keyword-Analyseverfahren verbinden und dieses Konglomerat an das Messsystem knüpfen. Abschließend werden drei Fallstudien vorgestellt, welche die Anwendung der Softwarelösung demonstrieren und damit auch die Nutzeneffekte für den CoP Moderator und Manager aufzeigen. Dieser erhält umfangreiche Einsichten in die Strukturen und Prozesse seiner Expertengruppe</dc:description>
          <dc:date>2005-10-14</dc:date>
          <dc:type>doctoralthesis</dc:type>
          <dc:type>doc-type:doctoralthesis</dc:type>
          <dc:format>application/pdf</dc:format>
          <dc:identifier>http://opus4.kobv.de/opus4-tuberlin/frontdoor/index/index/docId/1113</dc:identifier>
          <dc:identifier>urn:nbn:de:kobv:83-opus-10720</dc:identifier>
          <dc:identifier>http://nbn-resolving.de/urn/resolver.pl?urn:nbn:de:kobv:83-opus-10720</dc:identifier>
          <dc:identifier>http://opus4.kobv.de/opus4-tuberlin/files/1113/trier_matthias.pdf</dc:identifier>
          <dc:language>eng</dc:language>
          <dc:rights>Deutsches Urheberrecht mit Print on Demand (u.a. für Dissertationen empfohlen)</dc:rights>
        </oai_dc:dc>
      </metadata>
    </record>
  </GetRecord>
</OAI-PMH>
