<?xml version="1.0" encoding="utf-8"?>
<?xml-stylesheet type="text/xsl" href="xsl/oai2.xsl"?><OAI-PMH xmlns="http://www.openarchives.org/OAI/2.0/" xmlns:xsi="http://www.w3.org/2001/XMLSchema-instance" xsi:schemaLocation="http://www.openarchives.org/OAI/2.0/ http://www.openarchives.org/OAI/2.0/OAI-PMH.xsd">
  <responseDate>2014-10-15T06:50:23Z</responseDate>
  <request verb="GetRecord" metadataPrefix="oai_dc" identifier="oai:kobv.de-opus4-tuberlin:1275">http://opus4.kobv.de/opus4-tuberlin/oai</request>
  <GetRecord>
    <record>
      <header>
        <identifier>oai:kobv.de-opus4-tuberlin:1275</identifier>
        <datestamp>2013-07-01</datestamp>
        <setSpec>doc-type:doctoralthesis</setSpec>
        <setSpec>bibliography:false</setSpec>
        <setSpec>ddc</setSpec>
        <setSpec>ddc:510</setSpec>
      </header>
      <metadata>
        <oai_dc:dc xmlns:oai_dc="http://www.openarchives.org/OAI/2.0/oai_dc/" xmlns:dc="http://purl.org/dc/elements/1.1/" xsi:schemaLocation="http://www.openarchives.org/OAI/2.0/oai_dc/ http://www.openarchives.org/OAI/2.0/oai_dc.xsd">
          <dc:title xml:lang="eng">Generalized Inverses of Differential-Algebraic Equations and their Discretization</dc:title>
          <dc:title xml:lang="deu">Verallgemeinerte Inverse von Differentiell-Algebraischen Operatoren und ihre Diskretisierung</dc:title>
          <dc:creator>Seufer, Ingo</dc:creator>
          <dc:subject>ddc:510</dc:subject>
          <dc:description xml:lang="eng">In this dissertation we present numerical methods for the computation of generalized solutions of over- or underdetermined differential-algebraic equations (DAEs). After an introdution in the theory of linear DAEs and the associated generalized solutions we present the following main results: - In section 3.2 we show that the local (step-wise) minimization of a BDF discretization of a linear DAE leads to an O(h) approximation of a certain generalized solution of the DAE. - In section 3.3 it is shown that the global minimization of a linear DAE, i.e., the least-squares solution of the discretization, leads to an O(h) approximation of the least-squares solution of the DAE. Implementations of the methods presented here are given on the enclosed CD-ROM. In section 4 of this dissertation the above results are verified by numerical tests.</dc:description>
          <dc:description xml:lang="deu">Die vorliegende Dissertation beschäftigt sich mit numerischen Verfahren zur Berechnung von verallgemeinerten Lösungen über- oder unterbestimmter differentiell-algebraischer Gleichungen (DAEs). Nach einer Einführung in die Theorie linearer DAEs und der zugehörigen verallgemeinerten Lösungen werden die folgenden Hauptresultate vorgestellt: - In Abschnitt 3.2 wird gezeigt, dass die lokale (schrittweise) Minimierung einer BDF-Diskretisierung einer linearen DEA eine O(h)-Approximation an eine bestimmte verallgemeinerte Lösung der DAE ergibt. - In Abschnitt 3.3 wird gezeigt, dass die globale Minimierung einer BDF-Diskretisierung einer linearen DAE, das heisst die Lösung dieser Diskretisierung im Sinne der kleinsten Quadrate, auf eine O(h)-Approximation der Kleinste-Quadrate-Lösung der DAE führt. Implementationen der vorgestellten Verfahren werden auf einer beigelegten CD-ROM zur Verfügung gestellt. In Abschnitt 4 der Arbeit werden die o. g. theoretischen Ergebnisse anhand einiger numerischer Tests verifiziert.</dc:description>
          <dc:date>2006-06-14</dc:date>
          <dc:type>doctoralthesis</dc:type>
          <dc:type>doc-type:doctoralthesis</dc:type>
          <dc:format>application/pdf</dc:format>
          <dc:format>application/zip</dc:format>
          <dc:identifier>http://opus4.kobv.de/opus4-tuberlin/frontdoor/index/index/docId/1275</dc:identifier>
          <dc:identifier>urn:nbn:de:kobv:83-opus-12924</dc:identifier>
          <dc:identifier>http://nbn-resolving.de/urn/resolver.pl?urn:nbn:de:kobv:83-opus-12924</dc:identifier>
          <dc:identifier>http://opus4.kobv.de/opus4-tuberlin/files/1275/seufer_ingo.pdf</dc:identifier>
          <dc:identifier>http://opus4.kobv.de/opus4-tuberlin/files/1275/seufer_ingo_software.zip</dc:identifier>
          <dc:language>eng</dc:language>
          <dc:rights>Deutsches Urheberrecht mit Print on Demand (u.a. für Dissertationen empfohlen)</dc:rights>
        </oai_dc:dc>
      </metadata>
    </record>
  </GetRecord>
</OAI-PMH>
