<?xml version="1.0" encoding="utf-8"?>
<?xml-stylesheet type="text/xsl" href="xsl/oai2.xsl"?><OAI-PMH xmlns="http://www.openarchives.org/OAI/2.0/" xmlns:xsi="http://www.w3.org/2001/XMLSchema-instance" xsi:schemaLocation="http://www.openarchives.org/OAI/2.0/ http://www.openarchives.org/OAI/2.0/OAI-PMH.xsd">
  <responseDate>2014-10-15T06:48:47Z</responseDate>
  <request verb="GetRecord" metadataPrefix="oai_dc" identifier="oai:kobv.de-opus4-tuberlin:1004">http://opus4.kobv.de/opus4-tuberlin/oai</request>
  <GetRecord>
    <record>
      <header>
        <identifier>oai:kobv.de-opus4-tuberlin:1004</identifier>
        <datestamp>2014-05-28</datestamp>
        <setSpec>doc-type:workingpaper</setSpec>
        <setSpec>bibliography:false</setSpec>
        <setSpec>ddc</setSpec>
        <setSpec>ddc:004</setSpec>
      </header>
      <metadata>
        <oai_dc:dc xmlns:oai_dc="http://www.openarchives.org/OAI/2.0/oai_dc/" xmlns:dc="http://purl.org/dc/elements/1.1/" xsi:schemaLocation="http://www.openarchives.org/OAI/2.0/oai_dc/ http://www.openarchives.org/OAI/2.0/oai_dc.xsd">
          <dc:title xml:lang="eng">Automatic Segmentation and Skeletonization of Neurons from Confocal Microscope Images based on the 3D Wavelet Transform.</dc:title>
          <dc:creator>Dima, Anca</dc:creator>
          <dc:creator>Klaus Scholz, Michael</dc:creator>
          <dc:creator>Obermayer, Klaus</dc:creator>
          <dc:subject>ddc:004</dc:subject>
          <dc:description xml:lang="eng">Methods for the preprocessing of neurons from 3D confocal microscope images.</dc:description>
          <dc:contributor>Fachgebiet Neuronale Informationsverarbeitung</dc:contributor>
          <dc:date>2005-09-14</dc:date>
          <dc:type>workingpaper</dc:type>
          <dc:type>doc-type:workingpaper</dc:type>
          <dc:format>application/pdf</dc:format>
          <dc:format>application/zip</dc:format>
          <dc:identifier>http://opus4.kobv.de/opus4-tuberlin/frontdoor/index/index/docId/1004</dc:identifier>
          <dc:identifier>urn:nbn:de:kobv:83-opus-10970</dc:identifier>
          <dc:identifier>http://nbn-resolving.de/urn/resolver.pl?urn:nbn:de:kobv:83-opus-10970</dc:identifier>
          <dc:identifier>http://opus4.kobv.de/opus4-tuberlin/files/1004/DimaSegmentation.pdf</dc:identifier>
          <dc:identifier>http://opus4.kobv.de/opus4-tuberlin/files/1004/DimaSegmentation.zip</dc:identifier>
          <dc:language>eng</dc:language>
          <dc:rights>Deutsches Urheberrecht mit Print on Demand (u.a. für Dissertationen empfohlen)</dc:rights>
        </oai_dc:dc>
      </metadata>
    </record>
  </GetRecord>
</OAI-PMH>
