<?xml version="1.0" encoding="utf-8"?>
<?xml-stylesheet type="text/xsl" href="xsl/oai2.xsl"?><OAI-PMH xmlns="http://www.openarchives.org/OAI/2.0/" xmlns:xsi="http://www.w3.org/2001/XMLSchema-instance" xsi:schemaLocation="http://www.openarchives.org/OAI/2.0/ http://www.openarchives.org/OAI/2.0/OAI-PMH.xsd">
  <responseDate>2014-10-15T06:50:18Z</responseDate>
  <request verb="GetRecord" metadataPrefix="oai_dc" identifier="oai:kobv.de-opus4-tuberlin:1252">http://opus4.kobv.de/opus4-tuberlin/oai</request>
  <GetRecord>
    <record>
      <header>
        <identifier>oai:kobv.de-opus4-tuberlin:1252</identifier>
        <datestamp>2013-07-01</datestamp>
        <setSpec>doc-type:doctoralthesis</setSpec>
        <setSpec>bibliography:false</setSpec>
        <setSpec>ddc</setSpec>
        <setSpec>ddc:530</setSpec>
      </header>
      <metadata>
        <oai_dc:dc xmlns:oai_dc="http://www.openarchives.org/OAI/2.0/oai_dc/" xmlns:dc="http://purl.org/dc/elements/1.1/" xsi:schemaLocation="http://www.openarchives.org/OAI/2.0/oai_dc/ http://www.openarchives.org/OAI/2.0/oai_dc.xsd">
          <dc:title xml:lang="eng">Synchronization, Waves, and Turbulence in Systems of Interacting Chemical Oscillators</dc:title>
          <dc:title xml:lang="deu">Synchronisation, Wellen und Turbulenz bei wechselwirkenden chemischen Oszillatoren</dc:title>
          <dc:creator>Casagrande, Vanessa</dc:creator>
          <dc:subject>ddc:530</dc:subject>
          <dc:description xml:lang="eng">The aim of this thesis is to investigate systems of interacting nonlinear oscillators. We analyze nonlocally coupled oscillators where the interaction among the dynamical units is long-ranged and distance-dependent. In the proposed model, the oscillatory dynamics are given by the complex Ginzburg-Landau equation, which provides a general description of reaction-diffusion systems close to the Hopf bifurcation. The system is further coupled to a passive component which is diffusing as well, and inertial. This second field has a much larger diffusion constant than the first one, thus it provides an effective nonlocal coupling. The single oscillator-system displays birhythmicity, i.e. the coexistence of two stable limit cycles with different amplitudes and frequencies. Linear stability analysis of the phase approximation of the extended system shows that the two limit cycles have different stability properties against propagation of weak perturbations. Numerical solution of the equations displays patterns such as uniform oscillations, phase and amplitude turbulence, spiral breakup, bursts of synchronization, and bursts of desynchronization. We suggest that, besides the known oscillatory phenomena in biology such as glycolytic oscillations and calcium waves, a novel type of self-organized spatio-temporal behavior could arise from synchronization among enzyme molecules. We propose a system of product-activated allosteric enzymes interacting through diffusion of small product molecules with regulatory function. We describe an enzyme as a phase oscillator: An individual catalytic event is a circular motion in the enzyme’s conformational space. This sequence of structural changes allows conversion of one substrate molecule into one product molecule. The released product can then either bind to another enzyme and regulate its activity, or decay. This feedback mechanism causes synchronization of the enzymatic cycles, resulting in oscillations of the product concentration on the time scale of the duration of an individual catalytic reaction. The enzyme population can also split into clusters. In the extended system where product diffusion does not allow complete mixing, a codimension-2 Hopf-wave bifurcation is found. Numerical simulations reveal the existence of patterns such as standing and travelling waves, ripples, pacemakers, and spirals.</dc:description>
          <dc:description xml:lang="deu">Die vorliegende Doktorarbeit beschäftigt sich mit wechselwirkenden nichtlinearen Oszillatoren. Es werden nichtlokal gekoppelte Oszillatoren untersucht, deren Wechselwirkung langreichweitig und abstandsabhängig ist. Zur mathematischen Modellierung der oszillatorischen Dynamik solcher Systeme wird die komplexe Ginzburg-Landau-Gleichung (CGLE) verwendet, die eine allgemeingültige Beschreibung von Reaktions-Diffusions-Systemen nahe der Hopf-Bifurkation liefert. Die CGLE wird zur Beschreibung der langreichweitigen Wechselwirkung mit einer zusätzlichen Gleichung gekoppelt, welche die langsame zeitliche Entwicklung einer weiteren diffundierenden passiven Komponente beschreibt. Aufgrund ihrer großen Diffusionskonstante ist die durch die passive Komponente vermittelte Kopplung nichtlokal. Das Ein-Oszillator-System weist Birhythmizität auf, d.h. zwei Grenzzyklen mit unterschiedlichen Amplituden und Frequenzen koexistieren. Die lineare Stabilitätsanalyse der Phasenapproximation des räumlich ausgedehnten Systems zeigt, dass die zwei Grenzzyklen unterschiedliche Stabilitätseigenschaften in Bezug auf die Propagation kleiner Störungen besitzen. Die numerische Lösung der Gleichungen zeigt zahlreiche Strukturen auf, wie homogene Oszillationen, Phasen- und Amplitudenturbulenz, aufbrechende Spiralen sowie Synchronisations- und Desynchronisationsausbrüche. Wir schlagen vor, dass - neben bekannten Oszillationsvorgängen in der Biologie wie z.B. glycolytische Oszillationen oder Kalzium-Wellen - eine selbstorganisierte raum-zeitliche Strukturbildung im Bereich biologischer Systeme aufgrund von Synchronisation der Konformationszyklen der Enzyme zustande kommen kann. Ein Modell, in dem allosterische Enzyme durch Diffusion kleiner regulatorischer Produktmoleküle miteinander wechselwirken, wird vorgestellt. Jedes Enzym wird als Phasenoszillator beschrieben: Ein einzelner katalytischer Vorgang ist eine zyklische Sequenz von Konformationsänderungen. Durch eine solche Abfolge struktureller Änderungen kann ein Substratmolekül in ein Produktmolekül umgewandelt werden. Entweder bindet das abgegebene Produktmolekül an ein anderes Enzym, und beeinflußt damit dessen katalytische Aktivität, oder es zersetzt sich. Diese Rückkopplung bewirkt die Synchronisation der Enzymzyklen, so dass die Produktkonzentration mit einer Zeitperiode in der Größenordnung der Dauer einer einzelnen katalytischen Reaktion oszilliert. Die Enzympopulation kann auch in mehrere Gruppen zerfallen (Clusterbildung). In einem ausgedehnten System, in dem keine Durchmischung durch Produktdiffusion erfolgt, tritt eine Kodimension-2 Hopf-Wellen-Bifurkation auf. Numerische Simulationen zeigen die Entstehung raum-zeitlicher Strukturen wie stehender oder propagierender Wellen, Ripples, Kreiswellenmuster und Spiralwellen.</dc:description>
          <dc:date>2006-04-28</dc:date>
          <dc:type>doctoralthesis</dc:type>
          <dc:type>doc-type:doctoralthesis</dc:type>
          <dc:format>application/pdf</dc:format>
          <dc:identifier>http://opus4.kobv.de/opus4-tuberlin/frontdoor/index/index/docId/1252</dc:identifier>
          <dc:identifier>urn:nbn:de:kobv:83-opus-12739</dc:identifier>
          <dc:identifier>http://nbn-resolving.de/urn/resolver.pl?urn:nbn:de:kobv:83-opus-12739</dc:identifier>
          <dc:identifier>http://opus4.kobv.de/opus4-tuberlin/files/1252/casagrande_vanessa.pdf</dc:identifier>
          <dc:language>eng</dc:language>
          <dc:rights>Deutsches Urheberrecht mit Print on Demand (u.a. für Dissertationen empfohlen)</dc:rights>
        </oai_dc:dc>
      </metadata>
    </record>
  </GetRecord>
</OAI-PMH>
