<?xml version="1.0" encoding="utf-8"?>
<?xml-stylesheet type="text/xsl" href="xsl/oai2.xsl"?><OAI-PMH xmlns="http://www.openarchives.org/OAI/2.0/" xmlns:xsi="http://www.w3.org/2001/XMLSchema-instance" xsi:schemaLocation="http://www.openarchives.org/OAI/2.0/ http://www.openarchives.org/OAI/2.0/OAI-PMH.xsd">
  <responseDate>2014-10-15T06:50:25Z</responseDate>
  <request verb="GetRecord" metadataPrefix="oai_dc" identifier="oai:kobv.de-opus4-tuberlin:1284">http://opus4.kobv.de/opus4-tuberlin/oai</request>
  <GetRecord>
    <record>
      <header>
        <identifier>oai:kobv.de-opus4-tuberlin:1284</identifier>
        <datestamp>2013-07-01</datestamp>
        <setSpec>doc-type:doctoralthesis</setSpec>
        <setSpec>bibliography:false</setSpec>
        <setSpec>ddc</setSpec>
        <setSpec>ddc:620</setSpec>
      </header>
      <metadata>
        <oai_dc:dc xmlns:oai_dc="http://www.openarchives.org/OAI/2.0/oai_dc/" xmlns:dc="http://purl.org/dc/elements/1.1/" xsi:schemaLocation="http://www.openarchives.org/OAI/2.0/oai_dc/ http://www.openarchives.org/OAI/2.0/oai_dc.xsd">
          <dc:title xml:lang="eng">Electron-Radio-Frequency Quadrupole (ERFQ) Linear Accelerator: Theory, Design and Measurements for the GHz Region</dc:title>
          <dc:title xml:lang="deu">Elektron Hochfrequenz Quadrupol: Theorie, Entwurf und Messung im GHz-Bereich</dc:title>
          <dc:creator>Gueye, Serigne Bira</dc:creator>
          <dc:subject>ddc:620</dc:subject>
          <dc:description xml:lang="eng">When traversing RF cavities, particle beams experience in the majority of cases defocusing forces during their acceleration. The resonator field and the beam self field are acting on the particles. With the RF Quadrupole (RFQ), invented by Kapchinskii and Tepliakov in 1970, a resulting focusing force is produced and at the same time an acceleration. This structure has been first manufactured at the Los Alamos Scientific Laboratory (LASL) for proton beams at 425 MHz. Nowadays, it is used in some hospitals for tumor therapy. The first essay to design RFQ for electrons in the GHz region is done at Frascati for 3 GHz in 1990. In this work, the electromagnetic fields are approximated with good accuracy by solving the wave equation. Then, the transverse and longitudinal particle dynamics are treated. Thus, a 10 GHz scaled model is designed, manufactured and measured. Lastly, an Electron Radio-Frequency Quadrupole (ERFQ) at 91 GHz is designed and beam computations are performed with the Particle-in-Cell (PIC) method.</dc:description>
          <dc:description xml:lang="deu">Es geht in dieser Doktorarbeit um das Design von Laufwellenroehren, welche die Eigenschaft haben, Elektronstrahlen zu beschleunigen, zu bunchen und zu fokussieren. Ihr Entwurf ist sowohl durch die Hochfrequenztechnik als auch durch die Strahldynamik bestimmt. Diese Strukturen koennen z.B. in Kliniken bei der Strahlentherapie eingesetzt werden. Bis jetzt wurden sie fuer schwere Ionen bei 400 MHz aufgebaut und es gab Versuche fuer Elektronen bei 3 GHz . Die Dissertation behandelt die Theorie, den Entwurf und die Messung von ERFQs fuer relativistische Elektronen bei 90 GHz.</dc:description>
          <dc:date>2006-06-20</dc:date>
          <dc:type>doctoralthesis</dc:type>
          <dc:type>doc-type:doctoralthesis</dc:type>
          <dc:format>application/pdf</dc:format>
          <dc:identifier>http://opus4.kobv.de/opus4-tuberlin/frontdoor/index/index/docId/1284</dc:identifier>
          <dc:identifier>urn:nbn:de:kobv:83-opus-13115</dc:identifier>
          <dc:identifier>http://nbn-resolving.de/urn/resolver.pl?urn:nbn:de:kobv:83-opus-13115</dc:identifier>
          <dc:identifier>http://opus4.kobv.de/opus4-tuberlin/files/1284/gueye_serigne.pdf</dc:identifier>
          <dc:language>eng</dc:language>
          <dc:rights>Deutsches Urheberrecht mit Print on Demand (u.a. für Dissertationen empfohlen)</dc:rights>
        </oai_dc:dc>
      </metadata>
    </record>
  </GetRecord>
</OAI-PMH>
