<?xml version="1.0" encoding="utf-8"?>
<?xml-stylesheet type="text/xsl" href="xsl/oai2.xsl"?><OAI-PMH xmlns="http://www.openarchives.org/OAI/2.0/" xmlns:xsi="http://www.w3.org/2001/XMLSchema-instance" xsi:schemaLocation="http://www.openarchives.org/OAI/2.0/ http://www.openarchives.org/OAI/2.0/OAI-PMH.xsd">
  <responseDate>2014-10-15T06:50:17Z</responseDate>
  <request verb="GetRecord" metadataPrefix="oai_dc" identifier="oai:kobv.de-opus4-tuberlin:1248">http://opus4.kobv.de/opus4-tuberlin/oai</request>
  <GetRecord>
    <record>
      <header>
        <identifier>oai:kobv.de-opus4-tuberlin:1248</identifier>
        <datestamp>2013-07-01</datestamp>
        <setSpec>doc-type:doctoralthesis</setSpec>
        <setSpec>bibliography:false</setSpec>
        <setSpec>ddc</setSpec>
        <setSpec>ddc:620</setSpec>
      </header>
      <metadata>
        <oai_dc:dc xmlns:oai_dc="http://www.openarchives.org/OAI/2.0/oai_dc/" xmlns:dc="http://purl.org/dc/elements/1.1/" xsi:schemaLocation="http://www.openarchives.org/OAI/2.0/oai_dc/ http://www.openarchives.org/OAI/2.0/oai_dc.xsd">
          <dc:title xml:lang="deu">Analyse und Kalibration von linearen Microstrip-Patch-Antennenarrays</dc:title>
          <dc:title xml:lang="eng">Analysis and Calibration of Linear Microstrip-Patch-Antenna-Arrays</dc:title>
          <dc:creator>Kortke, Andreas</dc:creator>
          <dc:subject>ddc:620</dc:subject>
          <dc:description xml:lang="deu">Im ersten Teil der Arbeit wird ein Verfahren zur messtechnischen Analyse der Strahlungseigenschaften von Microstrip-Antennenarrays vorgestellt. Das Verfahren beruht auf Nahfeldmessungen des elektrischen Feldes auf einem ebenen Raster mit einem optischen Feldsensor. Die speziell entwickelten Auswertungsalgorithmen liefern Ersatzquellenverteilungen in Form von komplexen magnetischen Strombelägen mit sehr hoher Ortsauflösung, welche die Strahlungseigenschaften der untersuchten Antennenarrays sehr genau nachbilden. Die hohe Ortsauflösung der berechneten Ersatzquellenverteilungen erlaubt eine eindeutige Zuordnung der Strahlungsquellen zu den Regionen bzw. Komponenten der Antennenarrays. Insbesondere lassen sich die Strahlungsbeiträge eines gespeisten Antennenelementes von denen der ungespeisten Antennenelemente unterscheiden, die durch elektromagnetische Verkopplung zur Aussendung parasitärer Strahlung angeregt werden. Darüber hinaus kann mit dem vorgestellten Verfahren die Abstrahlung elektromagnetischer Wellen an den Substratkanten von Microstrip- Patch-Antennenarrays quantitativ untersucht werden. Mit dieser Messanordnung und dem Analyseverfahren wurden die Strahlungs- eigenschaften von fünf verschiedenen linearen Microstrip-Patch-Antennenarrays untersucht, die auf unterschiedlichen Substratmaterialien gefertigt wurden bzw. deren Antennenelemente unterschiedlich auf dem Substrat angeordnet waren. Überraschenderweise zeigte sich bei der Auswertung der Ergebnisse, dass die Abstrahlung der Substratkanten in nahezu allen untersuchten Fällen der überwiegende parasitäre Strahlungseffekt war. Bisher ging man allgemein davon aus, dass die gegenseitige Verkopplung der Antennenelemente in Microstrip-Arrays der dominierende Störeffekt bei der Verwendung der Antennenarrays für die Strahlformung oder die Richtungsschätzung ist. Der zweite Teil der Arbeit beschäftigt sich mit der Kalibration von linearen Microstrip-Patch-Antennenarrays. Es wurde ein spezielles Kalibriermodell für Microstrip-Patch-Antennenarrays entwickelt, in das die Ergebnisse der Analysen aus dem ersten Teil der Arbeit eingeflossen sind. In diesem erweiterten Kalibriermodell wird der Effekt der Substratkantenstrahlung durch imaginäre Antennenelemente nachgebildet. Diese sind durch die Elemente einer erweiterten Koppelmatrix mit den Signalen der realen Antennenelemente verknüpft. Die erweiterte Koppelmatrix wird durch die Anwendung des vorgestellten neuen Kalibrierverfahrens bestimmt. Für die Herleitung des Kalibrierverfahrens und die Bewertung der Kalibrationsergebnisse wurden mehrere Fehlermaße in systematischer Weise eingeführt und deren Zusammenhänge untereinander und mit Verfahren der Strahlformung und der Richtungsschätzung diskutiert. Das erweiterte Kalibriermodell und das neue Kalibrierverfahren wurden experimentell überprüft. Dafür wurde ein Smart-Antennas Experimentalsystem entworfen und angefertigt, dessen Parameter sich an den technischen Spezifikationen von UMTS orientieren. Die Ergebnisse der Kalibrationsexperimente zeigen, dass das erweiterte Kalibriermodell bei bestimmten Arraytypen die erzielbare Kalibriergenauigkeit gegenüber dem bisher üblicherweise eingesetzten Standardkalibriermodell deutlich übertrifft. Weiterhin konnte gezeigt werden, dass das neue Kalibrierverfahren effizient und stabil funktioniert. Die verbesserte Genauigkeit lässt sich jedoch nur durch einen erhöhten Aufwand bei der Modellierung der Antennenarrays und bei der Gewinnung der Kalibriersignale realisieren. Neben dem neuen Verfahren zur Kalibration der Antennenarrays wurde ein Verfahren zur Kalibration der Verbindungsnetzwerke bzw. Sende- und Empfangs-RF-Frontends dargestellt, das ohne zusätzliche Hardwarekomponenten auskommt. Es werden lediglich die Komponenten des Kommunikationssystems verwendet, die ohnehin für die Signalübertragung mit kohärenten Übertragungsverfahren vorhanden sind. Dadurch reduziert sich der Hardwareaufwand gegenüber anderen Kalibrierverfahren, was für die Anwendung in kommerziellen Mobilfunksystemen attraktiv ist.</dc:description>
          <dc:description xml:lang="eng">In the first part of the thesis a method for the measurement based analyzation of the radiation properties of microstrip-antenna arrays is presented. The method is based on measurements of the electric near-field in a plane grid with an optical field-sensor. The developed algorithms produce equivalent magnetic current distribution functions with very high spatial resolution. These current distribution functions reproduce the radiation characteristics of the examined antenna arrays very accurate. The high spatial resolution of the calculated equivalent current distribution functions permits a unique assignment of the radiation sources to different components or regions of the antenna array. In particular the radiation contribution of a fed antenna element is distinguishable from the parasitic radiation contributions of the un-fed antenna elements, which are excited by electromagnetic coupling. Moreover, the radiation of electromagnetic waves from the substrate edges of microstrip patch antenna arrays can be investigated quantitatively. Utilizing this measurement setup and the analysis method, the radiation properties of five different linear microstrip patch antenna arrays have been examined. The antenna arrays where manufactured on different substrate material or with different orientation of the antenna elements. Surprisingly, the evaluation of the results showed that the substrate edge-radiation effect was the dominant parasitic radiation effect in nearly all studied cases. Until now it was generally accepted that mutual coupling of antenna elements is the dominant disturbing effect in beamforming and direction-of-arrival estimation applications of antenna arrays. The second part of the thesis considers calibration of linear microstrip patch antenna arrays. A special calibration model for microstrip patch antenna arrays has been developed which takes the results of the first part into account. In this extended calibration model the effect of substrate edge radiation is modeled by imaginary antenna elements which are linked to the signals of the real antenna elements by an extended coupling matrix. This extended coupling matrix can be determined by the application of a new calibration algorithm. Different error measures have been introduced in a systematic manner to evaluate the calibration results. Some of their mutual relations as well as relations to beamforming and direction of arrival estimation methods have been discussed. The extended calibration model as well as the new calibration algorithm have been evaluated by experiments. For this purpose a smart antennas experimental communication system has been designed and manufactured which follows UMTS technical specifications. The results of the calibration experiments have shown clear improvements of accuracy in comparison with the usually applied standard calibration model. Furthermore, it has been shown that the new calibration algorithm works efficient and stable. However, the improved calibration accuracy requires an increased effort in antenna array modeling and in obtaining calibration signals. Beside the new antenna array calibration algorithm an algorithm for calibration of feeding networks and rf-frontends has been described which not relies on additional hardware components. Only components of the communication system are required which are necessary for coherent transmission schemes anyway. Therefore the amount of hardware is reduced in comparison to other calibration methods. This is very attractive for commercial mobile communication systems.</dc:description>
          <dc:date>2006-04-28</dc:date>
          <dc:type>doctoralthesis</dc:type>
          <dc:type>doc-type:doctoralthesis</dc:type>
          <dc:format>application/pdf</dc:format>
          <dc:identifier>http://opus4.kobv.de/opus4-tuberlin/frontdoor/index/index/docId/1248</dc:identifier>
          <dc:identifier>urn:nbn:de:kobv:83-opus-12614</dc:identifier>
          <dc:identifier>http://nbn-resolving.de/urn/resolver.pl?urn:nbn:de:kobv:83-opus-12614</dc:identifier>
          <dc:identifier>http://opus4.kobv.de/opus4-tuberlin/files/1248/kortke_andreas.pdf</dc:identifier>
          <dc:language>deu</dc:language>
          <dc:rights>Deutsches Urheberrecht mit Print on Demand (u.a. für Dissertationen empfohlen)</dc:rights>
        </oai_dc:dc>
      </metadata>
    </record>
  </GetRecord>
</OAI-PMH>
