<?xml version="1.0" encoding="utf-8"?>
<?xml-stylesheet type="text/xsl" href="xsl/oai2.xsl"?><OAI-PMH xmlns="http://www.openarchives.org/OAI/2.0/" xmlns:xsi="http://www.w3.org/2001/XMLSchema-instance" xsi:schemaLocation="http://www.openarchives.org/OAI/2.0/ http://www.openarchives.org/OAI/2.0/OAI-PMH.xsd">
  <responseDate>2014-10-15T06:49:14Z</responseDate>
  <request verb="GetRecord" metadataPrefix="oai_dc" identifier="oai:kobv.de-opus4-tuberlin:1098">http://opus4.kobv.de/opus4-tuberlin/oai</request>
  <GetRecord>
    <record>
      <header>
        <identifier>oai:kobv.de-opus4-tuberlin:1098</identifier>
        <datestamp>2013-07-01</datestamp>
        <setSpec>doc-type:doctoralthesis</setSpec>
        <setSpec>bibliography:false</setSpec>
        <setSpec>ddc</setSpec>
        <setSpec>ddc:830</setSpec>
      </header>
      <metadata>
        <oai_dc:dc xmlns:oai_dc="http://www.openarchives.org/OAI/2.0/oai_dc/" xmlns:dc="http://purl.org/dc/elements/1.1/" xsi:schemaLocation="http://www.openarchives.org/OAI/2.0/oai_dc/ http://www.openarchives.org/OAI/2.0/oai_dc.xsd">
          <dc:title xml:lang="deu">Hans Baldung Grien und Dyl Ulenspiegel. Studien zu den Illustrationen und zur Text-Bild-Struktur des Straßburger Eulenspiegeldruckes S 1515.</dc:title>
          <dc:title xml:lang="eng">Hans Baldung Grien and Dyl Ulenspiegel. Studies of the illustrations and the text-image-structure of the Strasbourg Eulenspiegel book S 1515.</dc:title>
          <dc:creator>Buchloh, Julia</dc:creator>
          <dc:subject>ddc:830</dc:subject>
          <dc:description xml:lang="deu">Thema der Arbeit ist das Straßburger Eulenspiegelbuch S 1515 mit seinen Illustrationen. Die inhomogene Illustrierung des Werkes weist auf mehrere Reißer hin. Insgesamt lassen sich fünf Stile unterscheiden. Da einige qualitativ schwächere Holzschnitte deutliche Parallelen zu Holzschnitten aus der von Hans Baldung Grien gefertigten Gruppe aufweisen, ist es wahrscheinlich, dass die Herstellung der schwächeren Holzschnitte zeitlich gesehen nach derjenigen der Arbeiten Baldungs erfolgte, d. h. nach dessen Vorlage oder durch seine Unterstützung in seiner am Druckort Straßburg angesiedelten Werkstatt. Unter anderem Aufgrund stilistischer Details und der der Satzspiegelbreite des Buches besser angepaßten Verwendung eines Querformates konnten die Holzschnitte der Gruppe B im Vergleich zu allen anderen als etwas jünger eingestuft werden. Wegen ihrer stilistischen Qualität, die eine direkte Abhängigkeit von Baldung erkennen läßt, können diese Arbeiten nur in Kenntnis des Oeuvres Baldungs entstanden sein, wahrscheinlich in direktem Zusammenhang mit dessen Werkstatt in Straßburg. Ein Großteil der Illustrationen des Eulenspiegelbuches ist folglich in direktem Zusammenhang mit der Straßburger Werkstatt Hans Baldung Griens zu vermuten. D. h., die Illustrationen sind trotz mehrerer Künstlerhände in einem engeren zeitlichen und geographischen Zusammenhang entstanden. Die Holzschnitte der Gruppe B wurden auf stilkritischem Wege als Arbeiten des Schweizer Künstlers Hans Leu d. J. erkannt. Eine für diesen Künstler bislang lediglich vermutete Lehrzeit bei Baldung scheint durch seine Arbeiten für den Eulenspiegel nunmehr gesichert. Leu war offenbar bereits 1510/11 in Baldungs Straßburger Werkstatt tätig. Es konnte nachgewiesen werden, dass in allen vier Frühdrucken dieselben Holzstöcke verwendet wurden. Darüber hinaus konnte aufgrund der eindeutig zu verfolgenden zunehmenden Fehlerhaftigkeit und Abnutzung der Holzstöcke nachgewiesen werden, dass die Frühdatierung des Exemplares S 1510/11, welches sich im Privatbesitz von Professor Hucker in Vechta befindet, zu Recht erfolgte. Die Arbeit mit diesem Exemplar erlaubte die Beschreibung zweier bislang unveröffentlichter Holzschnitte aus dem alten Bestand, die in den nachfolgenden Auflagen des Eulenspiegelbuches nicht mehr abgedruckt wurden. Es existiert keine Gleichberechtigung von Text und Bild. Nach Ansicht der Autorin steuern die Illustrationen keine über den Text hinausweisenden Informationen bei.</dc:description>
          <dc:description xml:lang="eng">Topic of the work is the illustrated Strasbourg Eulenspiegel book S 1515. The inhomogenous illustrations of the work suggest the participation of several engravers. Altogether there can be distinguished five different styles or artists. Since some of the qualitatively inferior woodcuts clearly show parallels to the group of woodcuts manufactured by Hans Baldung Grien, it is likely that these woodcuts have been produced later than those of Baldung, either imitateing Baldung´s originals or even with his support in his Strasbourg workshop. The woodcuts of group B were classified as slightly younger than all others due to stylistic details and the use of a landscape format better adapted to the width of the the book´s print space. Due to their stylistic quality, which shows a direct connection to Baldung, these works could only have been manufactured in knowledge Baldung´s works, probably in direct correlation with his Strasbourg workshop. Accordingly a majority of the illustrations of the Eulenspiegel book is to be assumed in direct correlation to the Strasbourg workshop of Hans Baldung Grien. I.e., the illustrations were generated in a close temporal and geographical connection though several artists were involved. On style-critical ways the woodcuts of group B were recognized as work of the swiss artist Hans Leu jun. The up to now merely assumed apprenticeship of this artist with Baldung now seems assured by his work for the Eulenspiegel book. Obviously Leu was already working in Baldung´s Strasbourg workshop in 1510/11. It could be provided evidence that for all four early prints of the Eulenspiegel book the same plates were used. On the basis of the increasing defectiveness and wear of the wood plates it could moreover be proven clearly that the dating of the copy S 1510/11 (which is in the private property of professor Hucker in Vechta) as the eldest copy took place accurately. The work with Prof. Hucker´s copy allowed the description of two up to now unpublished woodcuts of the old stock, which were not any longer printed in following editions of the Eulenspiegel book. In opinion of the authoress text and illustrations are not equivalent, the illustrations do not contribute informations beyond the text.</dc:description>
          <dc:date>2005-09-20</dc:date>
          <dc:type>doctoralthesis</dc:type>
          <dc:type>doc-type:doctoralthesis</dc:type>
          <dc:format>application/pdf</dc:format>
          <dc:identifier>http://opus4.kobv.de/opus4-tuberlin/frontdoor/index/index/docId/1098</dc:identifier>
          <dc:identifier>urn:nbn:de:kobv:83-opus-10956</dc:identifier>
          <dc:identifier>http://nbn-resolving.de/urn/resolver.pl?urn:nbn:de:kobv:83-opus-10956</dc:identifier>
          <dc:identifier>http://opus4.kobv.de/opus4-tuberlin/files/1098/buchloh_julia.pdf</dc:identifier>
          <dc:language>deu</dc:language>
          <dc:rights>Deutsches Urheberrecht mit Print on Demand (u.a. für Dissertationen empfohlen)</dc:rights>
        </oai_dc:dc>
      </metadata>
    </record>
  </GetRecord>
</OAI-PMH>
