<?xml version="1.0" encoding="utf-8"?>
<?xml-stylesheet type="text/xsl" href="xsl/oai2.xsl"?><OAI-PMH xmlns="http://www.openarchives.org/OAI/2.0/" xmlns:xsi="http://www.w3.org/2001/XMLSchema-instance" xsi:schemaLocation="http://www.openarchives.org/OAI/2.0/ http://www.openarchives.org/OAI/2.0/OAI-PMH.xsd">
  <responseDate>2014-10-15T06:51:06Z</responseDate>
  <request verb="GetRecord" metadataPrefix="oai_dc" identifier="oai:kobv.de-opus4-tuberlin:1443">http://opus4.kobv.de/opus4-tuberlin/oai</request>
  <GetRecord>
    <record>
      <header>
        <identifier>oai:kobv.de-opus4-tuberlin:1443</identifier>
        <datestamp>2013-07-01</datestamp>
        <setSpec>doc-type:doctoralthesis</setSpec>
        <setSpec>bibliography:false</setSpec>
        <setSpec>ddc</setSpec>
        <setSpec>ddc:620</setSpec>
      </header>
      <metadata>
        <oai_dc:dc xmlns:oai_dc="http://www.openarchives.org/OAI/2.0/oai_dc/" xmlns:dc="http://purl.org/dc/elements/1.1/" xsi:schemaLocation="http://www.openarchives.org/OAI/2.0/oai_dc/ http://www.openarchives.org/OAI/2.0/oai_dc.xsd">
          <dc:title xml:lang="deu">Entwicklung eines flugtauglichen Laserlokaloszillators für Terahertz-Heterodynempfänger</dc:title>
          <dc:title xml:lang="eng">Development of an airworthy Laser Local Oscillator for Tera Hertz Heterodyn Receiver</dc:title>
          <dc:creator>Schwarz, Martin</dc:creator>
          <dc:subject>ddc:620</dc:subject>
          <dc:description xml:lang="deu">SOFIA ist das Stratosphären Observatorium für Infrarot Astronomie: Die abgebildete Boeing 747 SP (hier bei einem Testflug) ist die Plattform für ein Teleskop mit 2,5m nutzbarem Spiegeldurchmesser, das sich hinter der schwarz markierten Stelle am Heck befinden wird. SOFIA wird regelmäßigen Zugang zum ferninfraroten Spektralbereich ermöglichen, ohne dem störenden Einfluss der Erdatmosphäre ausgesetzt zu sein. Durch die Integration in ein Flugzeug ist eine hohe Mobilität des Systems gegeben und besondere Phänomene können an beliebiger Stelle beobachtet werden. Der im Rahmen dieser Arbeit charakterisierte und weiterentwickelte Laser-Lokaloszillator ist wesentlicher Bestandteil eines Heterodynspektrometers, das auf SOFIA zum Einsatz kommen wird, und damit hoch auflösende Ferninfrarot-Spektroskopie ermöglichen wird. Diese Arbeit wurde von Herrn Prof. Dr. Röser betreut und von Herrn Prof. Dr. Brieß begutachtet.</dc:description>
          <dc:description xml:lang="eng">SOFIA is a stratosphere observatory for infrared astronomy. The shown Boeing 747 SP (shown on a test flight) is the platform for a telescope with a usable mirror diameter of 2,5m which will be mounted in the black marked part of the fuselage in the back of the plane. SOFIA will continuously give access to the far infrared spectrum without being in contact with the disturbing lower atmosphere. The integration of the system into the airplane allows high mobility so that special phenomena can be observed at any place. The laser local oscillator - a main element of a heterodyne spectrometer - was characterised and developed in this dissertation. It will be used on SOFIA and will allow far infrared spectroscopy. This work was supervised by Mr. Prof. Dr. Röser and evaluated by Mr. Prof. Dr. Brieß.</dc:description>
          <dc:date>2007-02-21</dc:date>
          <dc:type>doctoralthesis</dc:type>
          <dc:type>doc-type:doctoralthesis</dc:type>
          <dc:format>application/msword</dc:format>
          <dc:format>application/pdf</dc:format>
          <dc:identifier>http://opus4.kobv.de/opus4-tuberlin/frontdoor/index/index/docId/1443</dc:identifier>
          <dc:identifier>urn:nbn:de:kobv:83-opus-15039</dc:identifier>
          <dc:identifier>http://nbn-resolving.de/urn/resolver.pl?urn:nbn:de:kobv:83-opus-15039</dc:identifier>
          <dc:identifier>http://opus4.kobv.de/opus4-tuberlin/files/1443/original_schwarz_martin.doc</dc:identifier>
          <dc:identifier>http://opus4.kobv.de/opus4-tuberlin/files/1443/schwarz_martin.pdf</dc:identifier>
          <dc:language>deu</dc:language>
          <dc:rights>Deutsches Urheberrecht mit Print on Demand (u.a. für Dissertationen empfohlen)</dc:rights>
        </oai_dc:dc>
      </metadata>
    </record>
  </GetRecord>
</OAI-PMH>
