<?xml version="1.0" encoding="utf-8"?>
<?xml-stylesheet type="text/xsl" href="xsl/oai2.xsl"?><OAI-PMH xmlns="http://www.openarchives.org/OAI/2.0/" xmlns:xsi="http://www.w3.org/2001/XMLSchema-instance" xsi:schemaLocation="http://www.openarchives.org/OAI/2.0/ http://www.openarchives.org/OAI/2.0/OAI-PMH.xsd">
  <responseDate>2014-10-15T06:44:39Z</responseDate>
  <request verb="GetRecord" metadataPrefix="oai_dc" identifier="oai:kobv.de-opus4-tuberlin:126">http://opus4.kobv.de/opus4-tuberlin/oai</request>
  <GetRecord>
    <record>
      <header>
        <identifier>oai:kobv.de-opus4-tuberlin:126</identifier>
        <datestamp>2013-07-01</datestamp>
        <setSpec>doc-type:doctoralthesis</setSpec>
        <setSpec>bibliography:false</setSpec>
        <setSpec>ddc</setSpec>
        <setSpec>ddc:540</setSpec>
      </header>
      <metadata>
        <oai_dc:dc xmlns:oai_dc="http://www.openarchives.org/OAI/2.0/oai_dc/" xmlns:dc="http://purl.org/dc/elements/1.1/" xsi:schemaLocation="http://www.openarchives.org/OAI/2.0/oai_dc/ http://www.openarchives.org/OAI/2.0/oai_dc.xsd">
          <dc:title xml:lang="deu">Stereoselektive, übergangsmetallkatalysierte Michael-Reaktionen</dc:title>
          <dc:title xml:lang="eng">Stereoselective, transition metal catalyzed Michael-reactions</dc:title>
          <dc:creator>Rößler, Ulrich</dc:creator>
          <dc:subject>ddc:540</dc:subject>
          <dc:description xml:lang="deu">In der vorliegenden Arbeit wird eine neue, asymmetrische, übergangsmetallkatalysierte Michael-Reaktion beschrieben, die es erlaubt, bei der Reaktion von 1,3-Dicarbonylverbindungen als Michael-Donor mit Methylvinylketon als Michael-Akzeptor quartäre Stereozentren mit Enantiomerenüberschüssen von bis zu 91% ee aufzubauen. Die milden Reaktionsbedingungen sind ein Vorteil dieser Methode: Die Reaktion verläuft bei Raumtemperatur ohne Ausschluß von Feuchtigkeit oder Sauerstoff. Diese Methode konnte durch ein kombinatorisches Massen-Screening einer großen Anzahl verschiedener, chiraler, mehrzähniger Liganden mit verschiedenen Metallsalze verwirklicht werden. Im ersten Teil dieser Arbeit wird die Synthese neuer, chiraler, mehrzähniger Liganden für dieses kombinatorische Massen-Screening beschrieben. Ausgehend von a-Hydroxyestern konnten in guten Gesamtausbeuten neue, chirale, C2-symmetrische, dreizähnige Liganden mit O,O,O-, O,S,O-, S,O,S-, S,S,S- und P,O,P-Donorsätzen und zweizähnige Liganden mit O,S- und O,P-Donorsätzen synthetisiert werden. Der zweite Teil dieser Arbeit behandelt das Screening-Programm zur asymmetrischen, übergangsmetallkatalysierten Michael-Reaktion. In einem Primär-Screening wurden zunächst verschiedene neu synthetisierte sowie bekannte Liganden mit verschiedenen Lewis-sauren Metallsalzen auf eine asymmetrische Induktion in der Michael-Reaktion anhand einer einheitlichen Testreaktion hin untersucht. Bei positiven Ergebnissen wurden anschließend in einem Sekundär-Screening verschiedene Versuchsparameter wie Reaktionstemperatur, Lösungsmittel, Katalysatormenge und das Metallsalz-Ligand-Verhältnis optimiert. Mit den optimierten Parametern wurde in einem Tertiär-Screening wiederum die asymmetrische Induktion bei der Verwendung diverses Michael-Donoren bestimmt. Auf diese Weise konnte eine durch Nickel(II) und (R,R)-1,2-Diaminocyclohexan katalysierte Michael-Reaktion entwickelt werden, mit der Enantiomerenüberschüsse von bis zu 91% ee erzielt werden können.</dc:description>
          <dc:date>2001-02-02</dc:date>
          <dc:type>doctoralthesis</dc:type>
          <dc:type>doc-type:doctoralthesis</dc:type>
          <dc:format>application/pdf</dc:format>
          <dc:identifier>http://opus4.kobv.de/opus4-tuberlin/frontdoor/index/index/docId/126</dc:identifier>
          <dc:identifier>urn:nbn:de:kobv:83-opus-1211</dc:identifier>
          <dc:identifier>http://nbn-resolving.de/urn/resolver.pl?urn:nbn:de:kobv:83-opus-1211</dc:identifier>
          <dc:identifier>http://opus4.kobv.de/opus4-tuberlin/files/126/roessler_ulrich.pdf</dc:identifier>
          <dc:language>deu</dc:language>
          <dc:rights>Deutsches Urheberrecht mit Print on Demand (u.a. für Dissertationen empfohlen)</dc:rights>
        </oai_dc:dc>
      </metadata>
    </record>
  </GetRecord>
</OAI-PMH>
