<?xml version="1.0" encoding="utf-8"?>
<?xml-stylesheet type="text/xsl" href="xsl/oai2.xsl"?><OAI-PMH xmlns="http://www.openarchives.org/OAI/2.0/" xmlns:xsi="http://www.w3.org/2001/XMLSchema-instance" xsi:schemaLocation="http://www.openarchives.org/OAI/2.0/ http://www.openarchives.org/OAI/2.0/OAI-PMH.xsd">
  <responseDate>2014-10-15T06:48:51Z</responseDate>
  <request verb="GetRecord" metadataPrefix="oai_dc" identifier="oai:kobv.de-opus4-tuberlin:1010">http://opus4.kobv.de/opus4-tuberlin/oai</request>
  <GetRecord>
    <record>
      <header>
        <identifier>oai:kobv.de-opus4-tuberlin:1010</identifier>
        <datestamp>2013-07-01</datestamp>
        <setSpec>doc-type:doctoralthesis</setSpec>
        <setSpec>bibliography:false</setSpec>
        <setSpec>ddc</setSpec>
        <setSpec>ddc:620</setSpec>
      </header>
      <metadata>
        <oai_dc:dc xmlns:oai_dc="http://www.openarchives.org/OAI/2.0/oai_dc/" xmlns:dc="http://purl.org/dc/elements/1.1/" xsi:schemaLocation="http://www.openarchives.org/OAI/2.0/oai_dc/ http://www.openarchives.org/OAI/2.0/oai_dc.xsd">
          <dc:title xml:lang="deu">Untersuchung stationärer Betriebsgrößen des Drehstromasynchron-Linearmotors für Synchrongeschwindigkeiten unter 3m/s</dc:title>
          <dc:title xml:lang="eng">Investigation of steady operating quanteties of the three-phase asynchronous linearmotor for speeds less than 3m/s</dc:title>
          <dc:creator>Kleemann, Dietmar</dc:creator>
          <dc:subject>ddc:620</dc:subject>
          <dc:description xml:lang="deu">Drehstromasynchron-Linearmotoren (DLM) werden kommerziell mit der kleinsten Synchrongeschwindigkeit von 3,0m/s angeboten. Die Stillstandskraft des DLM mit der kleinsten Baugröße liegt bei ca. 30N, so dass damit eine Glasschiebetür mit einer Masse bis 20kg angetrieben werden kann. Bei der üblichen Beharrungsgeschwindigkeit der Glasschiebetür von 0,5m/s sinkt der Wirkungsgrad auf 3 bis 3,5% ab. Bei der Geschwindigkeit von 1,5m/s beträgt er 8,5%. In der vorliegenden Arbeit wird untersucht, ob ein DLM mit einer Synchrongeschwindigkeit von 1,845m/s zu besseren Betriebseigenschaften bei der Anpassung an einen Schiebetürantrieb führt. Dafür ist bei Betrieb an einem 50Hz-Drehstromnetz eine Polteilung von 18,45mm mit Zahnbreiten von 3mm oder darunter erforderlich. Die Lösung besteht in einer neuen Bauweise, bei der die Zähne als Blechpakete in um 90° zum Jochblechpaket angeordnete 3 mm tiefe Nuten gepresst werden. Für den Funktionsnachweis wurde ein neunpoliger Linearmotor mit dem dafür entwickelten Programm DLMCALC berechnet, als Prototyp gebaut und dessen stationäre Kennlinien gemessen. Folgende Ergebnisse wurden erzielt: Die berechneten stationären Kennlinien der Schubkraft, des Stroms, des Wirkungsgrades und des Leistungsfaktors über der Geschwindigkeit wichen an einzelnen Punkten maximal um 4% von den Messwerten ab. Der zusätzliche Bedarf an magnetischer Durchflutung ist mit 1,2% marginal. Der optimierte DLM erreicht bei einem Schlupf von 0,5 einen Wirkungsgrad von 6,0%, bei der von 39 mm auf 49mm erhöhten Statorbreite 7,0%. Eine vergleichende Antriebsberechnung für eine Glasschiebetür zeigt, dass die Verluste des optimierten Prototyps kleiner sind als die des DLM mit der Synchrongeschwindigkeit von 3,0m/s. Die Arbeit enthält Hinweise für die Dimensionierung von DLM mit einer Synchrongeschwindigkeit von unter 2m/s.</dc:description>
          <dc:date>2005-07-14</dc:date>
          <dc:type>doctoralthesis</dc:type>
          <dc:type>doc-type:doctoralthesis</dc:type>
          <dc:format>application/pdf</dc:format>
          <dc:identifier>http://opus4.kobv.de/opus4-tuberlin/frontdoor/index/index/docId/1010</dc:identifier>
          <dc:identifier>urn:nbn:de:kobv:83-opus-10008</dc:identifier>
          <dc:identifier>http://nbn-resolving.de/urn/resolver.pl?urn:nbn:de:kobv:83-opus-10008</dc:identifier>
          <dc:identifier>http://opus4.kobv.de/opus4-tuberlin/files/1010/kleemann_dietmar.pdf</dc:identifier>
          <dc:language>deu</dc:language>
          <dc:rights>Deutsches Urheberrecht mit Print on Demand (u.a. für Dissertationen empfohlen)</dc:rights>
        </oai_dc:dc>
      </metadata>
    </record>
  </GetRecord>
</OAI-PMH>
