<?xml version="1.0" encoding="utf-8"?>
<?xml-stylesheet type="text/xsl" href="xsl/oai2.xsl"?><OAI-PMH xmlns="http://www.openarchives.org/OAI/2.0/" xmlns:xsi="http://www.w3.org/2001/XMLSchema-instance" xsi:schemaLocation="http://www.openarchives.org/OAI/2.0/ http://www.openarchives.org/OAI/2.0/OAI-PMH.xsd">
  <responseDate>2014-10-15T06:50:25Z</responseDate>
  <request verb="GetRecord" metadataPrefix="oai_dc" identifier="oai:kobv.de-opus4-tuberlin:1286">http://opus4.kobv.de/opus4-tuberlin/oai</request>
  <GetRecord>
    <record>
      <header>
        <identifier>oai:kobv.de-opus4-tuberlin:1286</identifier>
        <datestamp>2013-07-01</datestamp>
        <setSpec>doc-type:doctoralthesis</setSpec>
        <setSpec>bibliography:false</setSpec>
        <setSpec>ddc</setSpec>
        <setSpec>ddc:610</setSpec>
      </header>
      <metadata>
        <oai_dc:dc xmlns:oai_dc="http://www.openarchives.org/OAI/2.0/oai_dc/" xmlns:dc="http://purl.org/dc/elements/1.1/" xsi:schemaLocation="http://www.openarchives.org/OAI/2.0/oai_dc/ http://www.openarchives.org/OAI/2.0/oai_dc.xsd">
          <dc:title xml:lang="eng">Examination of the association between fruit and vegetable consumption and risk of epithelial ovarian cancer in the EPIC-Study – a comparative analysis of the impact of calibration of dietary data in a multi-center study</dc:title>
          <dc:title xml:lang="deu">Untersuchung der Assoziation zwischen Obst- und Gemüseverzehr und Ovarialkrebsrisiko in der EPIC-Studie - eine vergleichende Analyse des Einflusses der Kalibrierung von Ernährungsdaten in einer multi-zentrischen Studie</dc:title>
          <dc:creator>Schulz, Mandy</dc:creator>
          <dc:subject>ddc:610</dc:subject>
          <dc:description xml:lang="eng">From a prospective point of view, the association between fruit and vegetable consumption and risk of ovarian cancer remains unclear. Therefore, the aim of the present study was to investigate the association between consumption of fruits and vegetables and risk of the development of epithelial ovarian cancer in the multi-center large scale EPIC- (European Prospective Investigation into Cancer and Nutrition) cohort study. Special attention was paid to the evaluation of the impact of calibrating multi-center dietary data. Female participants (n = 325,640) of the EPIC-Study, free of any cancer at baseline, were followed on average for 6.3 years to develop ovarian cancer. During 2,049,346 person-years, 581 verified cases of primary, invasive epithelial ovarian cancer were accrued. Consumption of fruits and vegetables as well as subgroups of vegetables, estimated from validated dietary questionnaires and calibrated thereafter, was related to ovarian cancer incidence in multivariable hazard regression models. In the present study, high consumption of fruits and vegetables did not reduce the risk of developing ovarian cancer. There was suggestive indication for a positive association with risk of ovarian cancer among very low fruit and vegetable consumers. Also, data indicated an inverse association between a high consumption of garlic and onion vegetables and ovarian cancer risk. The calibration of dietary data was found to have a remarkable impact on absolute intake values. However, the impact on risk estimates was rather small. In conclusion, a high intake of fruits and vegetables did not seem to protect from ovarian cancer. Garlic/onion vegetables may exert a beneficial effect. The study of the histologic subtype of the tumor in relation to fruit and vegetable consumption as well as the study of vegetable subgroup consumption and ovarian cancer risk warrants further investigation.</dc:description>
          <dc:description xml:lang="deu">Die Assoziation zwischen dem Obst- und Gemüseverzehr und dem Risiko für Ovarialkrebs ist, aus prospektiver Sicht, weitgehend ungeklärt. Ziel der vorliegenden Studie war deshalb, die Beziehung zwischen Obst- und Gemüsekonsum und dem Risiko an Ovarialkrebs zu erkranken in der multi-zentrischen Kohortenstudie EPIC (European Prospective Investigation into Cancer and Nutrition) zu erforschen. Besonderes Augenmerk wurde dazu auf den Einfluss der Kalibrierung von Ernährungsdaten gelegt. Es wurden 325 640 Studienteilnehmerinnen der EPIC-Studie, die zur Erstuntersuchung keine Krebserkrankung aufwiesen, über einen mittleren Zeitraum von 6,3 Jahren hinsichtlich der Entwicklung eines Ovarialkarzinoms beobachtet. Während mehr als 2 Millionen Personenjahren wurden 581 inzidente und verifizierte Ovarialkrebsfälle registriert. Sowohl der Gesamtverzehr von Obst und Gemüse als auch der Verzehr von einzelnen Gemüsearten, der mit Hilfe von validierten Ernährungsfragebögen erhoben wurde, wurde in multivariablen Regressionsmodellen zur Erkrankungsrate in Beziehung gebracht. Ein hoher Obst- und Gemüseverzehr war in der vorliegenden Studie nicht mit einem erniedrigten Risiko an Ovarialkrebs zu erkranken verbunden. Es gab jedoch Hinweise darauf, dass Frauen mit einem besonders niedrigen Verzehr ein erhöhtes Risiko haben könnten. Außerdem deuteten die Studienergebnisse auf eine inverse Beziehung zwischen einem hohen Verzehr von Zwiebelgemüsen und dem Risiko eines Ovarialkarzinoms hin. Die Kalibrierung der Ernährungsdaten hatte einen deutlichen Einfluss auf die absoluten Verzehrsmengen, beeinflusste die Risikoschätzung jedoch nur in geringem Maße. Schlussfolgernd scheint ein hoher Obst- und Gemüseverzehr nicht vor Ovarialkrebs zu schützen. Zwiebelgemüse hingegen könnten einen schützenden Effekt ausüben. Weitere Studien zur Untersuchung des Einflusses des Obst- und Gemüseverzehrs auf die verschiedenen histologischen Subtypen von Ovarialtumoren als auch der Wirkung von bestimmten Gemüsesorten sind notwendig.</dc:description>
          <dc:date>2006-06-22</dc:date>
          <dc:type>doctoralthesis</dc:type>
          <dc:type>doc-type:doctoralthesis</dc:type>
          <dc:format>application/pdf</dc:format>
          <dc:identifier>http://opus4.kobv.de/opus4-tuberlin/frontdoor/index/index/docId/1286</dc:identifier>
          <dc:identifier>urn:nbn:de:kobv:83-opus-13088</dc:identifier>
          <dc:identifier>http://nbn-resolving.de/urn/resolver.pl?urn:nbn:de:kobv:83-opus-13088</dc:identifier>
          <dc:identifier>http://opus4.kobv.de/opus4-tuberlin/files/1286/schulz_mandy.pdf</dc:identifier>
          <dc:language>eng</dc:language>
          <dc:rights>Deutsches Urheberrecht mit Print on Demand (u.a. für Dissertationen empfohlen)</dc:rights>
        </oai_dc:dc>
      </metadata>
    </record>
  </GetRecord>
</OAI-PMH>
