<?xml version="1.0" encoding="utf-8"?>
<?xml-stylesheet type="text/xsl" href="xsl/oai2.xsl"?><OAI-PMH xmlns="http://www.openarchives.org/OAI/2.0/" xmlns:xsi="http://www.w3.org/2001/XMLSchema-instance" xsi:schemaLocation="http://www.openarchives.org/OAI/2.0/ http://www.openarchives.org/OAI/2.0/OAI-PMH.xsd">
  <responseDate>2014-10-15T06:44:40Z</responseDate>
  <request verb="GetRecord" metadataPrefix="oai_dc" identifier="oai:kobv.de-opus4-tuberlin:127">http://opus4.kobv.de/opus4-tuberlin/oai</request>
  <GetRecord>
    <record>
      <header>
        <identifier>oai:kobv.de-opus4-tuberlin:127</identifier>
        <datestamp>2013-07-01</datestamp>
        <setSpec>doc-type:doctoralthesis</setSpec>
        <setSpec>bibliography:false</setSpec>
        <setSpec>ddc</setSpec>
        <setSpec>ddc:530</setSpec>
      </header>
      <metadata>
        <oai_dc:dc xmlns:oai_dc="http://www.openarchives.org/OAI/2.0/oai_dc/" xmlns:dc="http://purl.org/dc/elements/1.1/" xsi:schemaLocation="http://www.openarchives.org/OAI/2.0/oai_dc/ http://www.openarchives.org/OAI/2.0/oai_dc.xsd">
          <dc:title xml:lang="eng">Investigation of the three-dimensional shear layer between confined coaxial jets with swirl</dc:title>
          <dc:title xml:lang="deu">Untersuchung der turbulenten Strukturen in koaxialen, begrenzten Strahlen mit Drall</dc:title>
          <dc:creator>Nayeri, Christian</dc:creator>
          <dc:subject>ddc:530</dc:subject>
          <dc:description xml:lang="eng">This is an experimental investigation of the flow structure and turbulence characteristics of a turbulent axisymmetric shear layer between two primary streams under the influence of three-dimensional stationary boundary conditions. These conditions result from skewing the primary streams relative to the trailing edge. Two configurations were investigated: both primary streams were parallel but skewed relative to the trailing edge (i.e. slanted trailing edge) and the primary streams were non-planar (i.e. had cross-shear). Although these flows are simplified models, their understanding should provide more insight into the mechanisms of real life three-dimensional shear flows than studies on classical two-dimensional shear flows have done to date. The investigated shear layers were generated at the interface between two coaxial jets with different axial velocities. Additionally, azimuthal velocity components were imposed by means of a swirl generator on the shear layer either in the same or the opposite direction. Results from various experimental measurements including 4-sensor hot-wire probes, hot-wire rakes and visualizations indicate an increase of the total turbulent kinetic energy, and of the growth rates compared to cases with no skewing. Further, the vortex rings resulting from the the Kelvin-Helmholtz instability were deformed by coherent structures having axis not parallel to the trailing edge. It is assumed that these structures are helical vortices competing with the vortex rings in a complex structural manner which lead to the observed increase of the turbulent quantities.</dc:description>
          <dc:date>2000-12-15</dc:date>
          <dc:type>doctoralthesis</dc:type>
          <dc:type>doc-type:doctoralthesis</dc:type>
          <dc:format>application/pdf</dc:format>
          <dc:identifier>http://opus4.kobv.de/opus4-tuberlin/frontdoor/index/index/docId/127</dc:identifier>
          <dc:identifier>urn:nbn:de:kobv:83-opus-1220</dc:identifier>
          <dc:identifier>http://nbn-resolving.de/urn/resolver.pl?urn:nbn:de:kobv:83-opus-1220</dc:identifier>
          <dc:identifier>http://opus4.kobv.de/opus4-tuberlin/files/127/nayeri_christian.pdf</dc:identifier>
          <dc:language>eng</dc:language>
          <dc:rights>Deutsches Urheberrecht mit Print on Demand (u.a. für Dissertationen empfohlen)</dc:rights>
        </oai_dc:dc>
      </metadata>
    </record>
  </GetRecord>
</OAI-PMH>
