<?xml version="1.0" encoding="utf-8"?>
<?xml-stylesheet type="text/xsl" href="xsl/oai2.xsl"?><OAI-PMH xmlns="http://www.openarchives.org/OAI/2.0/" xmlns:xsi="http://www.w3.org/2001/XMLSchema-instance" xsi:schemaLocation="http://www.openarchives.org/OAI/2.0/ http://www.openarchives.org/OAI/2.0/OAI-PMH.xsd">
  <responseDate>2014-10-15T06:50:37Z</responseDate>
  <request verb="GetRecord" metadataPrefix="oai_dc" identifier="oai:kobv.de-opus4-tuberlin:1331">http://opus4.kobv.de/opus4-tuberlin/oai</request>
  <GetRecord>
    <record>
      <header>
        <identifier>oai:kobv.de-opus4-tuberlin:1331</identifier>
        <datestamp>2014-08-21</datestamp>
        <setSpec>doc-type:doctoralthesis</setSpec>
        <setSpec>bibliography:false</setSpec>
        <setSpec>ddc</setSpec>
        <setSpec>ddc:530</setSpec>
      </header>
      <metadata>
        <oai_dc:dc xmlns:oai_dc="http://www.openarchives.org/OAI/2.0/oai_dc/" xmlns:dc="http://purl.org/dc/elements/1.1/" xsi:schemaLocation="http://www.openarchives.org/OAI/2.0/oai_dc/ http://www.openarchives.org/OAI/2.0/oai_dc.xsd">
          <dc:title xml:lang="eng">Growth Simulations of InAs/GaAs Quantum-Dots</dc:title>
          <dc:title xml:lang="deu">Wachstums-Simulationen von InAs/GaAs Quanten-Punkten</dc:title>
          <dc:creator>Hammerschmidt, Thomas</dc:creator>
          <dc:subject>ddc:530</dc:subject>
          <dc:description xml:lang="eng">Semiconductor nanostructures, and particularly quantum dots (QDs), have promising potential for technical applications such as light-emitting diodes, lasers, new devices, and quantum computers. But the big number of QDs needed, less than billions are hardly useful, is far beyond the means of normal manufacturing methods. For this nanotechnology to prevail, the QDs have to build themselves by self-assembly and self-organization. In this work, we study the growth of InAs QDs on GaAs substrates. For this purpose we developed a many-body potential of the Abell-Tersoff type that is able to account for the energetic balance of strain relief and QD side-facet formation during QD growth. It simultaneously captures many microscopic quantities of In, Ga, As, GaAs, and InAs bulk phases, as well as GaAs and InAs surface structures as obtained from experiment and density-functional theory (DFT) calculations with good overall accuracy. Its predictions for biaxial strained GaAs and InAs are in good agreement with DFT calculations and analytic results of continuum-elasticity theory. Based on recent STM results, we set up detailed atomic structures of InAs QDs with InAs wetting layers and homogenous InAs films on GaAs, relax them with our potential, and compare the resulting total energies. We show that the lateral elastic interaction of hut'-like QDs dominated by {317} facets is significantly larger than that of dome'-like QDs dominated by {101} facets. A strain-tensor analysis suggests that this effect is due to the relative orientations of the QD side facets to the elastic principal axes. Our calculated onset of the Stranski-Krastanov growth mode with respect to the InAs coverage is in good agreement with experimentally deduced values. The critical nucleus for QD formation is approximately 70 In atoms in size and poses an energy barrier of 5.3 eV. Furthermore, we can explain the experimentally observed shape sequence of hut'-like QDs and dome'-like QDs through the finding of distinct stability regimes. The regime separation depends strongly on the chemical potentials and the QD density. The experimental finding of vertical growth correlation in QD stacks can be explained by a distinct minimum in the potential-energy-surface (PES) of free-standing QDs in different lateral positions above overgrown QDs. This effect vanishes with increasing distance between the stacked QDs. The energy gain observed in our calculations can lower the energy barrier for QD formation to 3.5 eV and the size of the critical nucleus to only 25 In atoms. Additionally, we calculated the PES for In adsorption on surfaces that correspond to major side facets of hut'- and dome'-like QDs by means of DFT to study possible kinetic effects. The dominating diffusion paths are perpendicular and parallel to the QD contour lines on {317} facets, but only perpendicular on {101} facets. The In incorporation on {317} facets could be kinetically limited due to the high barrier of approximately 1 eV for breaking As dimers. The diffusion barriers on {101} facets are lowered near the bottom of dome'-like QDs, which supports the interpretation of the {317} facets on top as kinetic effect.</dc:description>
          <dc:description xml:lang="deu">Halbleiter Nanostrukturen, insbesondere Quanten-Punkte (QP), haben vielversprechendes Potenzial für technische Anwendungen wie Leucht-Dioden, Laser, neue Bauelemente und Quanten-Computer. Die große Zahl benötigter QP (weniger als Milliarden sind kaum nützlich) übersteigt jedoch die Möglichkeiten normaler Herstellungsmethoden. Zum Durchbruch dieser Nanotechnologie müssen sich die QP durch Selbst-Aufbau und Selbst-Organisation selbst bilden. In dieser Arbeit untersuchen wir InAs QP Wachstum auf GaAs Substraten. Dazu haben wir ein Viel-Körper-Potenzial vom Abell-Tersoff Typ entwickelt, welches die Energie-Bilanz des Verspannungs-Abbaus und der Bildung von QP Flächen während des QP Wachstums beschreiben kann. Es reproduziert mit guter Genauigkeit simultan viele, experimentell und mit Dichte-Funktional-Theorie (DFT) Rechnungen bestimmte, mikroskopische Eigenschaften von In, Ga, As, GaAs, und InAs Kristallen, sowie GaAs und InAs Oberflächen. Die Vorhersagen für biaxial verspanntes GaAs und InAs stimmen gut mit DFT Rechnungen und analytischen Ergebnissen aus Kontinuums-Elastizitäts-Theorie überein. Anhand von neuen STM Resultaten konstruieren wir detaillierte atomare Strukturen von InAs QP mit InAs Benetzungs-Filmen und homogene InAs Filme auf GaAs, relaxieren sie mit unserem Potenzial und vergleichen die gewonnenen Gesamt-Energien. Wir zeigen, daß die laterale elastische Wechselwirkung bei „hut“-artigen QP, die von {317} Flächen dominiert werden, deutlich stärker ist als bei „dome“-artigen QP, die von {101} Flächen dominiert werden. Eine Verspannungs-Tensor Analyse zeigt, daß dieser Effekt von der relativen Lage der QP Flächen zu den elastischen Hauptachsen stammt. Das berechnete Einsetzen des Stranski-Krastanov Wachstums bezüglich der InAs Bedeckung stimmt gut mit experimentellen Daten überein. Der kritische Keim für QP Bildung ist etwa 70 In Atome groß und stellt eine Energie-Barriere von 5.3 eV dar. Die experimentell beobachtete Abfolge von QP Formen können wir durch das Auftreten unterschiedlicher Stabilitäts-Regime erklären. Deren Grenze hängt stark von chemischen Potenzialen und der QP Dichte ab. Die experimentell gefundenen vertikalen Wachstums-Korrelationen in gestapelten QP Lagen können mit einem deutlichen Minimum in der Potenzial-Energie-Oberfläche (PEO) von freistehenden QP in verschiedenen lateralen Positionen über vergrabenen QP erklärt werden. Bei größerem Abstand der gestapelten QP wird dieser Effekt kleiner. Der berechnete Energie-Gewinn kann die Energie-Barriere für QP Nukleation auf 3.5 eV und die kritische Keim-Größe auf 25 In Atome verringern. Ferner haben wir zur Untersuchung eventueller kinetischer Effekte mit DFT Rechnungen die PEO für In Adsorption auf Flächen, die „hut“- und „dome“-artige QP dominieren, berechnet. Die Haupt-Diffusionspfade sind senkrecht und parallel zu den QP Höhenlinien auf {317} Flächen, aber nur senkrecht dazu auf {101} Flächen. Der In Einbau auf {317} Flächen könnte wegen der hohen Barriere zur Spaltung der As Dimere von etwa 1 eV kinetisch limitiert sein. Die Diffusionsbarriere auf {101} Flächen ist am Fuß von „dome“-artigen QP erniedrigt und stützt damit die Interpretation der {317} Flächen an der Spitze als kinetischen Effekt.</dc:description>
          <dc:date>2006-09-11</dc:date>
          <dc:type>doctoralthesis</dc:type>
          <dc:type>doc-type:doctoralthesis</dc:type>
          <dc:format>application/pdf</dc:format>
          <dc:identifier>http://opus4.kobv.de/opus4-tuberlin/frontdoor/index/index/docId/1331</dc:identifier>
          <dc:identifier>urn:nbn:de:kobv:83-opus-13585</dc:identifier>
          <dc:identifier>http://nbn-resolving.de/urn/resolver.pl?urn:nbn:de:kobv:83-opus-13585</dc:identifier>
          <dc:identifier>http://opus4.kobv.de/opus4-tuberlin/files/1331/hammerschmidt_thomas.pdf</dc:identifier>
          <dc:language>eng</dc:language>
          <dc:rights>Deutsches Urheberrecht mit Print on Demand (u.a. für Dissertationen empfohlen)</dc:rights>
        </oai_dc:dc>
      </metadata>
    </record>
  </GetRecord>
</OAI-PMH>
