<?xml version="1.0" encoding="utf-8"?>
<?xml-stylesheet type="text/xsl" href="xsl/oai2.xsl"?><OAI-PMH xmlns="http://www.openarchives.org/OAI/2.0/" xmlns:xsi="http://www.w3.org/2001/XMLSchema-instance" xsi:schemaLocation="http://www.openarchives.org/OAI/2.0/ http://www.openarchives.org/OAI/2.0/OAI-PMH.xsd">
  <responseDate>2014-10-15T06:50:32Z</responseDate>
  <request verb="GetRecord" metadataPrefix="oai_dc" identifier="oai:kobv.de-opus4-tuberlin:1308">http://opus4.kobv.de/opus4-tuberlin/oai</request>
  <GetRecord>
    <record>
      <header>
        <identifier>oai:kobv.de-opus4-tuberlin:1308</identifier>
        <datestamp>2013-07-01</datestamp>
        <setSpec>doc-type:doctoralthesis</setSpec>
        <setSpec>bibliography:false</setSpec>
        <setSpec>ddc</setSpec>
        <setSpec>ddc:720</setSpec>
      </header>
      <metadata>
        <oai_dc:dc xmlns:oai_dc="http://www.openarchives.org/OAI/2.0/oai_dc/" xmlns:dc="http://purl.org/dc/elements/1.1/" xsi:schemaLocation="http://www.openarchives.org/OAI/2.0/oai_dc/ http://www.openarchives.org/OAI/2.0/oai_dc.xsd">
          <dc:title xml:lang="deu">Bewertung von Handlungsalternativen bei Investitionen in den Gebäudebestand - Eine Aufgabe für Architekten</dc:title>
          <dc:title xml:lang="eng">Evaluation of Alternative Paths for Investing in the Edificial Portfolio - An Architects Task</dc:title>
          <dc:creator>Zeitner, Regina</dc:creator>
          <dc:subject>ddc:720</dc:subject>
          <dc:description xml:lang="deu">Ausgangspunkt der vorliegenden Arbeit 'Bewertung von Handlungsalternativen bei Investitionen in den Gebäudebestand' ist die Frage: Wie kann der Architekt die für den Eigentümer optimale Handlungsalternative im weiteren Umgang mit einem bestehenden Gebäude ermitteln? Neben der gestalterischen und technischen Kompetenz – die im Rahmen dieser Untersuchung für den Architekten vorausgesetzt wird – ist dafür insbesondere die wirtschaftliche Qualifikation entscheidend. In der Fachliteratur ist der Umgang mit dem Gebäudebestand aus wirtschaftlicher Sicht bisher nur in Teilaspekten, aber nie umfassend erörtert worden. Trotz der offenkundigen Brisanz der Themen Leerstand, Instandhaltungsstau etc., fehlen statistische Aussagen zum Gebäudebestand und eindeutige Definitionen der spezifischen Begriffe (z.B. Instandhaltung, Sanierung) ebenso wie Aussagen zu den Lebensdauerkosten oder ein Modell zur Beurteilung von Handlungsalternativen im Bestand. Diese Untersuchung ist auf den Nutzungszeitraum eines bestehenden Gebäudes ausgerichtet. Um alternative Handlungsmöglichkeiten vergleichen zu können, ist ihr Wert zu quantifizieren. Betrachtet man den Gewinn als entscheidende Wertgröße, ist für die weiteren Untersuchungen der jeweilige Erfolg einer Handlungsalternative mit Hilfe einer Investitionsplanung zu ermitteln. Die Aufgabe der Investitionsplanung besteht in der Optimierung der Investitionsentscheidung. Auf Grundlage von Investitionsplanungsmodellen der Betriebswirtschaft, der Architektur, des Bauingenieurwesens und der Projektentwicklung wird eine auf die spezifischen Belange des Gebäudebestands ausgerichtete Investitionsplanung entwickelt. Der entscheidende Unterschied zwischen der Vorgehensweise bei Neubau und bei bestehenden Gebäuden besteht in der Tatsache, dass ein Neubau ohne größeren finanziellen Verlust auch unterbleiben kann, während im Bestand bereits Kapital gebunden ist, das in der Regel angemessen verzinst werden soll. Darüber hinaus kann der Neubau von Anfang an optimal an die Rahmenbedingungen angepasst werden, während sich die Investitionsplanung im Bestand nach den vorhandenen Gegebenheiten richten muss. Mit der vorliegenden Arbeit wird der Versuch unternommen, Lücken im bisherigen Umgang mit bestehenden Gebäuden zu schließen. Das entwickelte Modell der Investitionsplanung im Bestand ist dabei als Grundgerüst zur Erfassung der entscheidenden Parameter zu verstehen, um anhand ihrer Interpretation und Berechnung letztendlich die wirtschaftlichste Alternative für den Eigentümer zu bestimmen. Insbesondere im Umgang mit privaten Gebäudebeständen öffnen sich für den Architekten neue Tätigkeitsfelder jenseits der gewerblichen Immobilienentwickler. Das ökonomische Urteilsvermögen als Zusatznutzen für den Bauherren in Kombination mit den architektonischen Kernkompetenzen Gestaltung Technik und verantwortungsvoller Handhabung der Baukosten, prädestinieren Architekten als Partner der Eigentümer in der Entwicklung des häufig in seinen Potentialen unterschätzten Gebäudebestands.</dc:description>
          <dc:description xml:lang="eng">The given thesis on 'Evaluation of Alternative Paths for Investing in the Edificial Portfolio' starts with the question: How can an architect decide on the best practice of how to treat a given building from the owners point of view? Besides design and engineering skills – which are seen as a prerequisite for an architect in this thesis – the main focus lies on the architect’s economical qualification. Existing literature mainly focuses on partial aspects of the economical treatment of edificial portfolios, but lacks a holistic approach. Despite the apparent urgency of issues concerning vacancies, maintenance hold-ups etc., there are neither statistical data available on building assets nor have specific terms been defined distinctively yet (e.g. maintenance, renovation). There are no general statements on life cycle costs, nor has a model been built for evaluating alternative actions in the portfolio. This examination refers to the usage period of an existing building. In order to be able to compare alternative actions, their values need to be quantified. Taking the profit as decisive parameter, the success of an alternative action can be evaluated with proper investment planning. Main task of the investment planning is to optimise the investment decision. Based on investment planning models taken from economics, architecture, construction engineering and project development, investment planning referring specifically to edificial assets is being created. The main difference between the approach for new buildings and for existing buildings lies in the fact that a new building needs not necessarily to be built without major financial losses, while existing buildings already bind capital that generally should bear proper interest. Furthermore, a new building may be best possibly adjusted to the requirements from the beginning, whereas investment planning for existing assets has to follow given constraints. The given thesis tries to fill gaps in the treatment of existing building portfolios. The investment planning model developed for existing assets should serve as a basic structure in order to gain evidence on main parameters, and, after interpretation and evaluation of its result, find the best economical alternative for the owner. Especially with regard to private building assets, the architect may open up new fields of activity beyond the commercial edificial development. Economical decision skills, taken as added value for builders, combined with architectural core competences of design, engineering and sustainable construction cost management, enable the architect to serve as partner of the owner for the development of edificial portfolios often underrated in their potentials.</dc:description>
          <dc:date>2006-08-08</dc:date>
          <dc:type>doctoralthesis</dc:type>
          <dc:type>doc-type:doctoralthesis</dc:type>
          <dc:format>application/pdf</dc:format>
          <dc:identifier>http://opus4.kobv.de/opus4-tuberlin/frontdoor/index/index/docId/1308</dc:identifier>
          <dc:identifier>urn:nbn:de:kobv:83-opus-13507</dc:identifier>
          <dc:identifier>http://nbn-resolving.de/urn/resolver.pl?urn:nbn:de:kobv:83-opus-13507</dc:identifier>
          <dc:identifier>http://opus4.kobv.de/opus4-tuberlin/files/1308/zeitner_regina.pdf</dc:identifier>
          <dc:language>deu</dc:language>
          <dc:rights>Deutsches Urheberrecht mit Print on Demand (u.a. für Dissertationen empfohlen)</dc:rights>
        </oai_dc:dc>
      </metadata>
    </record>
  </GetRecord>
</OAI-PMH>
