<?xml version="1.0" encoding="utf-8"?>
<?xml-stylesheet type="text/xsl" href="xsl/oai2.xsl"?><OAI-PMH xmlns="http://www.openarchives.org/OAI/2.0/" xmlns:xsi="http://www.w3.org/2001/XMLSchema-instance" xsi:schemaLocation="http://www.openarchives.org/OAI/2.0/ http://www.openarchives.org/OAI/2.0/OAI-PMH.xsd">
  <responseDate>2014-10-15T06:44:37Z</responseDate>
  <request verb="GetRecord" metadataPrefix="oai_dc" identifier="oai:kobv.de-opus4-tuberlin:118">http://opus4.kobv.de/opus4-tuberlin/oai</request>
  <GetRecord>
    <record>
      <header>
        <identifier>oai:kobv.de-opus4-tuberlin:118</identifier>
        <datestamp>2013-07-01</datestamp>
        <setSpec>doc-type:doctoralthesis</setSpec>
        <setSpec>bibliography:false</setSpec>
        <setSpec>ddc</setSpec>
        <setSpec>ddc:000</setSpec>
      </header>
      <metadata>
        <oai_dc:dc xmlns:oai_dc="http://www.openarchives.org/OAI/2.0/oai_dc/" xmlns:dc="http://purl.org/dc/elements/1.1/" xsi:schemaLocation="http://www.openarchives.org/OAI/2.0/oai_dc/ http://www.openarchives.org/OAI/2.0/oai_dc.xsd">
          <dc:title xml:lang="deu">Verformungsverhalten der Hochdruckturbinen-Scheibenlegierung Udimet 720 Li bei hohen Temperaturen</dc:title>
          <dc:title xml:lang="eng">Deformation behaviour of the high-pressure-turbine-disc-alloy Udimet 720 Li at high temperatures</dc:title>
          <dc:creator>Rumi, Michael</dc:creator>
          <dc:subject>ddc:000</dc:subject>
          <dc:description xml:lang="deu">Zur Bestimmung der technisch nutzbaren Lebensdauer der Hochdruckturbinen-Scheibenlegierung Udimet 720 Li werden Kriechversuche unter monotoner und zyklischer Beanspruchung im praxisrelevanten Temperatur- und Spannungsbereich durchgeführt. Anhand der Ergebnisse der mechanischen Untersuchungen wird ein auf physikalisch motivierten Parametern aufbauendes, halb-empirisches Modell entwickelt, das die Beschreibung des mechanischen Verformungsverhaltens der Nickel-Basis-Legierung unter Kriechbeanspruchung ermöglicht. Mit Hilfe des ermittelten Parametersatzes gelingt es einerseits, die in verschiedenen Laboratorien generierten Kriechdaten der Legierung gut zu beschreiben. Zugleich wird das gemessene Verformungsverhalten der teilchengehärteten Hochtemperaturlegierung auf der Basis der zugrundegelegten Mechanismen besser verstanden. Die während des primären Kriechens gemessene Abnahme der Kriechrate wird durch den Sättigungsprozeß erklärt, dem die Ausbreitungsbewegung der Versetzungsbögen in den Matrixkanälen innerhalb der Körner unterliegt. Das unter monotoner Kriechbeanspruchung gemessene Minimum und die erneute Zunahme der Kriechrate zu Beginn des tertiären Kriechens resultieren dagegen aus der Überlagerung dieses Sättigungsprozesses mit der Ausbreitungsbewegung nachfolgender Versetzungsgenerationen sowie dem Beitrag des paarweisen Abscherens der Teilchen der Aushärtungsphase durch aufeinanderfolgende Versetzungsbögen verschiedener Generationen.</dc:description>
          <dc:date>2000-07-05</dc:date>
          <dc:type>doctoralthesis</dc:type>
          <dc:type>doc-type:doctoralthesis</dc:type>
          <dc:format>application/pdf</dc:format>
          <dc:identifier>http://opus4.kobv.de/opus4-tuberlin/frontdoor/index/index/docId/118</dc:identifier>
          <dc:identifier>urn:nbn:de:kobv:83-opus-1138</dc:identifier>
          <dc:identifier>http://nbn-resolving.de/urn/resolver.pl?urn:nbn:de:kobv:83-opus-1138</dc:identifier>
          <dc:identifier>http://opus4.kobv.de/opus4-tuberlin/files/118/rumi_michael.pdf</dc:identifier>
          <dc:language>deu</dc:language>
          <dc:rights>Deutsches Urheberrecht mit Print on Demand (u.a. für Dissertationen empfohlen)</dc:rights>
        </oai_dc:dc>
      </metadata>
    </record>
  </GetRecord>
</OAI-PMH>
