<?xml version="1.0" encoding="utf-8"?>
<?xml-stylesheet type="text/xsl" href="xsl/oai2.xsl"?><OAI-PMH xmlns="http://www.openarchives.org/OAI/2.0/" xmlns:xsi="http://www.w3.org/2001/XMLSchema-instance" xsi:schemaLocation="http://www.openarchives.org/OAI/2.0/ http://www.openarchives.org/OAI/2.0/OAI-PMH.xsd">
  <responseDate>2014-10-15T06:50:30Z</responseDate>
  <request verb="GetRecord" metadataPrefix="oai_dc" identifier="oai:kobv.de-opus4-tuberlin:1301">http://opus4.kobv.de/opus4-tuberlin/oai</request>
  <GetRecord>
    <record>
      <header>
        <identifier>oai:kobv.de-opus4-tuberlin:1301</identifier>
        <datestamp>2013-07-01</datestamp>
        <setSpec>doc-type:doctoralthesis</setSpec>
        <setSpec>bibliography:false</setSpec>
        <setSpec>ddc</setSpec>
        <setSpec>ddc:400</setSpec>
      </header>
      <metadata>
        <oai_dc:dc xmlns:oai_dc="http://www.openarchives.org/OAI/2.0/oai_dc/" xmlns:dc="http://purl.org/dc/elements/1.1/" xsi:schemaLocation="http://www.openarchives.org/OAI/2.0/oai_dc/ http://www.openarchives.org/OAI/2.0/oai_dc.xsd">
          <dc:title xml:lang="deu">Grammatik und Stil: Das Passiv als stilistisches Mittel im Vergleich zu konkurrierenden grammatischen Konstruktionen</dc:title>
          <dc:title xml:lang="eng">A Corpus-based Study of the Passive and its Functions in Present-day German Legal Language</dc:title>
          <dc:creator>Lenz, Magdalena</dc:creator>
          <dc:subject>ddc:400</dc:subject>
          <dc:description xml:lang="deu">Hauptziel der Untersuchung ist die Einordnung, Zusammenfassung und genaue Analyse der passivischen Ausdrücke in der Fachsprache JURA sowohl nach syntaktischen, semantischen und pragmatischen Kriterien als auch unter Einbeziehung der Wortbildung. Als passivisch gelten alle sprachlichen Mittel, bei denen das grammatische Subjekt die von der Verbalhandlung betroffene Größe darstellt, wobei die handelnde Person zumeist außer Betracht bleibt (agensabgewandt). Konstruktionen und Wortbildungselemente, die die Merkmale der Passivität aufweisen, lassen sich in 2 Gruppen einteilen. Den Kern des Passivfeldes bildet die systematisierte und grammatikalisierte Passivkonstruktion (werden + Partizip II). Zur Peripherie des Passiv-Feldes gehören Ausdrücke, die weitere modale, aspektuelle Bedeutungsmerkmale enthalten und sich in manchen Fällen in den syntaktischen Realisierungen von Ergänzungen des Valenzträgers unterscheiden. Es handelt sich um folgende Konstruktionen: sein + Partizip II, sein + zu + Infinitiv, sich lassen + Infinitiv, sein + Adjektiv auf -bar, -lich, -pflichtig, -bedürftig, -wert, -würdig, Reflexivpronomen + Verb, passivwertige Funktionsverbgefüge und Partizipien. Untersuchungskorpus der Dissertation bilden juristische Texte, nach dem Fachlichkeitsgrad in drei Ebenen gegliedert: fachinterne Ebene, fachexterne Ebene, Presseberichte mit Berichterstattung über Gerichtsverfahren. Ergebnisse: Affiziertheit ist für die Kennzeichnung der grammatischen Konstruktionen von Bedeutung. Das trifft vor allem auf die Fügung lassen + sich +Infinitiv zu, bei persönlichen Subjekten mit passivischer und gleichzeitig permissiver und/oder kausativer Lesart , sein-Passiv und Partizipialattribute ohne Ergänzung. Eine notwendige Bedingung für die Erzeugung dieser Konstruktionen ist, dass das Verb des zugrundeliegenden Satzes als affizierend spezifiziert ist, z.B.: Das Kind wurde/*war an der Hand gefasst. Er wurde/ war aufgefordert. Er wurde/*war gebeten. Als Träger der Aktionsarten treten Funktionsverbgefüge auf, bei denen der Prozess der Grammatikalisierung des Funktionsverbs und der Lexikalisierung des gesamten Funktionsverbgefüges unterschiedlich weit fortgeschritten ist, z.B.: in Gefahr kommen/ zum Abschluss kommen/ zur Sprache kommen. Die häufigsten Funktionsverben sind: kommen, gelangen, geraten/ bringen; stehen/stellen; sein, sich befinden/ setzen; finden, erfahren, erfolgen, bekommen, erhalten, bedürfen, unterliegen. Die Leistung der Suffixe und Halbsuffixe (-bar, -lich, etc.), mit denen passivische Adjektive gebildet werden, kennzeichnen das durch das Basiswort benannte Geschehen als möglich oder in einem bestimmten Sinne oder Grade erforderlich, z.B.: Der Betreiber/ das Vorhaben ist anmeldepflichtig. (aktivisch/passivisch) Da viele Merkmale passivischer Strukturen als ein Grund für die Unverständlichkeit der Rechtssprache betrachtet und vielfach vorschnell zur Zielscheibe der Kritik werden, ist es wichtig, ihre Funktion im Text zu verstehen, nämlich einer Erhöhung der Präzision und Eindeutigkeit zu dienen und Kohärenz durch Konstruktions-Parallelismus herzustellen.</dc:description>
          <dc:description xml:lang="eng">This study of passive constructions and phrases in German legal language analyses syntactic, semantic and pragmatic conditions of use and also deals with some areas of word-formation, especially adjective-formation, and phraseology, especially phrasal verbs consisting of a general-purpose verb and a deverbal abstract noun. Passive constructions are defined as those which contain a grammtaical subject which refers to a participant effected or affected by the action or process expressed by the veb. The agent is often, and in some passive constructions always, omitted. The prototype of these constructions is the systematised and fully grammaticalised passive construction using the auxiliary 'werden' and the second participle. Around this prototype we find in the periphery of the passive field constructions with additional modal and / or aspectual features and sometimes with different arrangements of the other constituents of the construction. This periphery includes : sein + Participle 2; sein + zu + Infinitive; sich lassen + Infinitve; sein + Adjective ending in -bar, -lich, -pflichtig, -bedürftig, -wert, -würdig; Reflexive Pronoun + Active Form of the Verb; Phrasal Verbs and Participles used with Passive Diathesis. The corpus analysed consists of legal texts totalling two million words grouped into three subcorpora: (a) texts written by experts and addressed to experts, (b) texts intended also for non-experts, and (c) case-reports found in the general press. Results: (Degree of) affectedness is a pertinent feature determining the use of passive constructions. This applies to (a) constructions with sich lassen + infinitive, (b) passive constructions with a personal subject and with a permissive or causative interpretation, (c) the passive with sein, and (d) unmodified, i.e. unexpanded, participial attributes. These constructions can be used only if the verb of the underlying sentence is specified as +affecting: Er wurde/ war aufgefordert. Er wurde/*war gebeten. Phrasal verbs consisting of verb + deverbal noun show different degrees of lexicalisation and the general-purpose verbs involved show different degrees of grammaticalisation: in Gefahr kommen/ zum Abschluss kommen/ zur Sprache kommen. The most common of these verbs found in the corpus are: kommen, gelangen, geraten / bringen; stehen / stellen; sein, sich befinden / setzen; finden, erfahren, erfolgen, bekommen, erhalten, bedürfen, unterliegen. Suffixes and semisuffixes (-bar, -lich, etc.) used in forming passive adjectives characterise the verbal event or process as possible or necessary in some sense or to some degree. Many features of passive constructions and phrasal expressions in legal language have been criticised as jargon making texts unnecessarily difficult. It is important to consider the function of these constructions in texts where they actually serve to increase precision, to avoid ambiguity, and to create coherence through constructional parallelism.</dc:description>
          <dc:date>2006-07-10</dc:date>
          <dc:type>doctoralthesis</dc:type>
          <dc:type>doc-type:doctoralthesis</dc:type>
          <dc:format>application/pdf</dc:format>
          <dc:identifier>http://opus4.kobv.de/opus4-tuberlin/frontdoor/index/index/docId/1301</dc:identifier>
          <dc:identifier>urn:nbn:de:kobv:83-opus-13291</dc:identifier>
          <dc:identifier>http://nbn-resolving.de/urn/resolver.pl?urn:nbn:de:kobv:83-opus-13291</dc:identifier>
          <dc:identifier>http://opus4.kobv.de/opus4-tuberlin/files/1301/lenz_magdalena.pdf</dc:identifier>
          <dc:language>deu</dc:language>
          <dc:rights>Deutsches Urheberrecht mit Print on Demand (u.a. für Dissertationen empfohlen)</dc:rights>
        </oai_dc:dc>
      </metadata>
    </record>
  </GetRecord>
</OAI-PMH>
