<?xml version="1.0" encoding="utf-8"?>
<?xml-stylesheet type="text/xsl" href="xsl/oai2.xsl"?><OAI-PMH xmlns="http://www.openarchives.org/OAI/2.0/" xmlns:xsi="http://www.w3.org/2001/XMLSchema-instance" xsi:schemaLocation="http://www.openarchives.org/OAI/2.0/ http://www.openarchives.org/OAI/2.0/OAI-PMH.xsd">
  <responseDate>2014-10-15T06:49:47Z</responseDate>
  <request verb="GetRecord" metadataPrefix="oai_dc" identifier="oai:kobv.de-opus4-tuberlin:1152">http://opus4.kobv.de/opus4-tuberlin/oai</request>
  <GetRecord>
    <record>
      <header>
        <identifier>oai:kobv.de-opus4-tuberlin:1152</identifier>
        <datestamp>2013-07-01</datestamp>
        <setSpec>doc-type:doctoralthesis</setSpec>
        <setSpec>bibliography:false</setSpec>
        <setSpec>ddc</setSpec>
        <setSpec>ddc:530</setSpec>
      </header>
      <metadata>
        <oai_dc:dc xmlns:oai_dc="http://www.openarchives.org/OAI/2.0/oai_dc/" xmlns:dc="http://purl.org/dc/elements/1.1/" xsi:schemaLocation="http://www.openarchives.org/OAI/2.0/oai_dc/ http://www.openarchives.org/OAI/2.0/oai_dc.xsd">
          <dc:title xml:lang="deu">Untersuchung der Anisotropie-Parameter Spin-polarisierter Photofragmente bei der Photodissoziation von Natriumjodid</dc:title>
          <dc:title xml:lang="eng">Investigation of anisotropy parameters of spin polarized photofragments in the photodissociation of sodium iodine</dc:title>
          <dc:creator>Dickow, Marcel</dc:creator>
          <dc:subject>ddc:530</dc:subject>
          <dc:description xml:lang="deu">Die Photodissoziation ist ein relevanter Prozess in der oberen Erdatmosphäre. Neben einer Vielzahl chemischer Reaktionen mit anderen Spezies werden auch aus den Ozeanen aufgewirbelte Salze unter Einwirkung solarer Strahlung in atomare Bestandteile zerlegt. Dynamik und beteiligte Molekülzustände sind Objekte unterschiedlicher wissenschaftlicher Untersuchungen der letzten Jahrzehnte. Gegenstand der vorliegenden Arbeit ist das Verhalten der Anisotropie-Parameter von Natrium-Photofragmenten nach der Photodissoziation von Natriumjodid im Molekülstrahl bei Anregungswellenlängen im ultra-violetten Spekralbereich von 315 bis 370 nm. Dabei kam in einem Pump-Probe-Experiment die Doppler-aufgelöste, paramagnetische Faraday-Technik zum Einsatz, um die räumliche Verteilung und die Spin-Polarisation der Na-Photofragmente zu ermitteln. Der in einem widerstandsbeheizten, effusiven Ofen erzeugte Molekülstrahl wurde unter rechtem Winkel von zwei parallelen Laserstahlen (Anregungs</dc:description>
          <dc:description xml:lang="eng">Photodissociation is a relevant process in the upper earth atmosphere. Beside various chemical reactions with other species, turbulence of salt from oceans and subsequent dissociation by solar radiation results in atomic fragments. Dynamics and participating molecular electronic states have been objects of different scientific investigations in the recent decades. This work's topic focuses on variation of anisotropy parameters of sodium photofragments after dissociation in the molecular beam with excitation wavelengths in the ultra-violet spectral region from 315 to 370 nm. In a pump-probe experiment Doppler-resolved paramagnetic Faraday-technique was used to determine the spatial distribution and spin-polarization of sodium photofragments. Created in an effusiv oven the molecular beam is perpendicularly crossed by two parallel laser beams (pump and probe laser). Pre-dissociation states of the sodium iodine molecule were excited by circular polarized nano-second laser pulses coming from a frequency-doubled dye laser. By tuning of continuous radiation from a linear polarized dye laser through the Na-D(1) resonance the Doppler-profile of sodium photofragments was identified. Anisotropy parameters Beta(0), Alpha(1) and Gamma(1) were calculated by analysis of the measured absorption and dispersion profiles for 10 excitation wavelengths. The knowledge of anisotropy parameters provides information of transitions to specific electronic molecular states with a possible change of the magnetic quantum number Omega as well as the rates of coherent and incoherent excitation. By interpreting of the variation of anisotropy parameter throughout the range of excitation wavelengths statements can be made with regard to the involved molecular pre-dissociation states.</dc:description>
          <dc:date>2005-12-02</dc:date>
          <dc:type>doctoralthesis</dc:type>
          <dc:type>doc-type:doctoralthesis</dc:type>
          <dc:format>application/pdf</dc:format>
          <dc:identifier>http://opus4.kobv.de/opus4-tuberlin/frontdoor/index/index/docId/1152</dc:identifier>
          <dc:identifier>urn:nbn:de:kobv:83-opus-11523</dc:identifier>
          <dc:identifier>http://nbn-resolving.de/urn/resolver.pl?urn:nbn:de:kobv:83-opus-11523</dc:identifier>
          <dc:identifier>http://opus4.kobv.de/opus4-tuberlin/files/1152/dickow_marcel.pdf</dc:identifier>
          <dc:language>deu</dc:language>
          <dc:rights>Deutsches Urheberrecht mit Print on Demand (u.a. für Dissertationen empfohlen)</dc:rights>
        </oai_dc:dc>
      </metadata>
    </record>
  </GetRecord>
</OAI-PMH>
