<?xml version="1.0" encoding="utf-8"?>
<?xml-stylesheet type="text/xsl" href="xsl/oai2.xsl"?><OAI-PMH xmlns="http://www.openarchives.org/OAI/2.0/" xmlns:xsi="http://www.w3.org/2001/XMLSchema-instance" xsi:schemaLocation="http://www.openarchives.org/OAI/2.0/ http://www.openarchives.org/OAI/2.0/OAI-PMH.xsd">
  <responseDate>2014-10-15T06:51:06Z</responseDate>
  <request verb="GetRecord" metadataPrefix="oai_dc" identifier="oai:kobv.de-opus4-tuberlin:1442">http://opus4.kobv.de/opus4-tuberlin/oai</request>
  <GetRecord>
    <record>
      <header>
        <identifier>oai:kobv.de-opus4-tuberlin:1442</identifier>
        <datestamp>2013-07-01</datestamp>
        <setSpec>doc-type:doctoralthesis</setSpec>
        <setSpec>bibliography:false</setSpec>
        <setSpec>ddc</setSpec>
        <setSpec>ddc:620</setSpec>
      </header>
      <metadata>
        <oai_dc:dc xmlns:oai_dc="http://www.openarchives.org/OAI/2.0/oai_dc/" xmlns:dc="http://purl.org/dc/elements/1.1/" xsi:schemaLocation="http://www.openarchives.org/OAI/2.0/oai_dc/ http://www.openarchives.org/OAI/2.0/oai_dc.xsd">
          <dc:title xml:lang="deu">Prüf- und Bewertungsmethoden für Antidekubitus-Systeme</dc:title>
          <dc:title xml:lang="eng">Test Methods for Support Systems against Pressure Ulcer</dc:title>
          <dc:creator>Diesing, Peter</dc:creator>
          <dc:subject>ddc:620</dc:subject>
          <dc:description xml:lang="deu">Einleitung: Für Pfleger und Mediziner stellen die geschätzten 800.000 Dekubitalgeschwüre jedes Jahr alleine in Deutschland eine große Herausforderung dar. Neben anderen prophylaktischen und therapeutischen Maßnahmen sind Hilfsmittel gegen Dekubitus ein wichtiges Mittel im täglichen Alltag. Im Zusammenhang mit der Zulassung von entsprechenden Produkten für das Hilfsmittelverzeichnis der Krankenkassen dokumentiert die vorliegende Arbeit die Entwicklung von Prüf- und Bewertungskriterien für Antidekubitus-Systeme und die in diesem Zusammenhang durchgeführten Studien. Im Unterschied zu vorher durchgeführten Studien wird für die im Rahmen dieser Arbeit erstellten Laborprüfverfahren konsequent der klinische Bezug hergestellt. Gleichzeitig erlauben die Ergebnisse und Erkenntnisse der klinischen Studie die Skizzierung der Randbedingungen zukünftiger klinischer Untersuchungen im Zusammenhang mit Antidekubitus-Systemen. Material und Methode: Zur Umsetzung des Vorhabens gehörte neben umfangreichen analytischen, messtechnischen und experimentellen Voruntersuchungen auch der Aufbau eines Prüfstandes zur Ermittlung der für die Dekubitusentstehung verantwortlichen Parameter Druckentlastung, Scherspannung und Mikroklima. Der seitens des Hilfsmittelverzeichnisses der Krankenkassen geforderte klinische Zusammenhang wurde anhand der Ergebnisse aus einer randomisierten klinischen Studie abgeleitet, die an drei Berliner Kliniken mit geriatrischen Patienten durchgeführt wurde. Die im Rahmen dieser Studie durchgeführten Messungen dienten gleichzeitig der Validierung der Laborprüfverfahren. In der klinischen Studie wurde sowohl die Therapie- als auch die Prophylaxewirkung der Produkte bewertet. Ergebnisse: Das selbst gesteckte Ziel von 50 Patienten je Krankenhaus wurde nur in einem Haus erreicht, wenngleich mehr als 150 Messungen an geriatrischen Patienten durchgeführt werden konnten. Waren aufgrund des Designs als Pilotstudie keine Aussagen über die Wirksamkeit der eingesetzten Systeme möglich, so resultierten aus der Studie doch wichtige Erkenntnisse. So stellte sich heraus, dass das Antidekubitus-System keinen Einfluss auf die Feuchtigkeitsentwicklung im Sakralbereich hatte, da fast durchgehend Inkontinenzhilfen eingesetzt wurden. Ein weiteres wichtiges Ergebnis war die Erarbeitung der Randbedingungen zukünftiger klinischer Studien für die Prophylaxewirkung von Antidekubitus-Systemen. Die Durchführung einer derartigen Studie ist aufgrund der benötigten Patientenzahl mit hohen Kosten verbunden und dauert mehrere Jahre. Die Forderung des SGB V, den therapeutischen Nutzen von Antidekubitus-Systemen im Rahmen der Hilfsmittelzulassung zum HMV anhand von klinischen Studien nachzuweisen, wird durch die Ergebnisse kritisch in Frage gestellt. Diskussion: Von den klinischen Erkenntnissen waren insbesondere die Ergebnisse der klinischen Druckverteilungsmessungen für die Validierung der Prüfungen notwendig und ermöglichten den Nachweis, dass das Druckbelastungsmodul einen geriatrischen Patienten hinreichend genau simuliert. Im Rahmen der Prüfungen konnte die Eignung verschiedener Druckkennwerte für die Bewertung von Antidekubitus-Systemen gezeigt werden. Das Prüfverfahren war in der Lage unterschiedliche Produktarten zu differenzieren. So konnten an OP-Tischauflagen, Rollstuhlsitzkissen und Matratzen Untersuchungsreihen durchgeführt werden, die die Eigenschaften dieser Produkte signifikant unterscheiden konnten. Allerdings ist der Einfluss des Druckverteilungsmesssystems auf die Messergebnisse bei den Prüfungen nicht zu vernachlässigen.</dc:description>
          <dc:description xml:lang="eng">Introduction: Nurses and physicians in Germany are faced with the problems of roughly estimated 800.000 pressure ulcers per year. In addition to other prophylactic and therapeutic measures special support surfaces are helpful instruments against pressure ulcers in the every day life of this target group. In context with the admission procedure for support surfaces as a precondition for their incorporation into the technical aids list of the German health insurances the thesis describes the development of test and evaluation criteria for support systems against pressure ulcers and the studies carried out in this context. Contrary to studies carried out before, the laboratory test methods for mattresses developed in this the project are consequently based on clinical results. Simultaneously the results and findings of the clinical study allow to define limiting conditions for future clinical investigations of with support systems against pressure ulcers. Materials and Methods: In addition to extensive analytical and experimental preliminary studies a test device for the evaluation of pressure relief, shear forces and microclimate, which represent the main cause and risk factors for the origin of pressure ulcers genesis, had to be developed. The necessary interrelation between laboratory tests and clinical reality was evaluated by means of the results of a randomized controlled trial (RCT) which was carried out in three Berlin hospitals with geriatric patients. The RCT was designed for to show differences of the included products with respect to their therapeutic and prophylactic effect in comparison to standard mattresses. The measurements carried out within the framework of this study had been performed with the same sensor technology as it was used for the laboratory tests. Results: The target of 50 patients per hospital was reached only in one case. Altogether more than 150 measurements could be carried out at geriatric patients. Although no statements concerning the effectiveness of the used systems were possible due to the design as a pilot study important findings resulted from the investigations. For instance it turned out that the support surfaces do not influence the moisture development in the sacral area since almost continuously incontinence products are used. Another important result was the the acquirement of random conditions of future RCT's with respect to for the prophylactic effect of support surfaces. The realization of a study of this type creates high costs due to the number of the needed patients and needs several years. The results show that the demand of the SGB V to prove the therapeutic effect of a support surface against pressure ulcer by a RCT within the admission procedure for the list of technical aids (Hilfsmittelverzeichnis) by means of clinical studies is nearly impossible. Discussion: Considering the clinical findings the results of the pressure distribution measurements on patients were in particular necessary for the validation of the test methods. They show, that the developed sacrum indenter is able to simulate a geriatric patient sufficiently. The suitability of different pressure measurement parameters for the evaluation of support surfaces could be shown. The investigations carried out on operation table overlays, wheelchair cushions and bed mattresses allowed to distinguish the products significantly concerning their main characteristic. However, the influence of the pressure distribution measuring system on the pressure measurement results is not to be neglected.</dc:description>
          <dc:date>2007-02-21</dc:date>
          <dc:type>doctoralthesis</dc:type>
          <dc:type>doc-type:doctoralthesis</dc:type>
          <dc:format>application/pdf</dc:format>
          <dc:identifier>http://opus4.kobv.de/opus4-tuberlin/frontdoor/index/index/docId/1442</dc:identifier>
          <dc:identifier>urn:nbn:de:kobv:83-opus-13881</dc:identifier>
          <dc:identifier>http://nbn-resolving.de/urn/resolver.pl?urn:nbn:de:kobv:83-opus-13881</dc:identifier>
          <dc:identifier>http://opus4.kobv.de/opus4-tuberlin/files/1442/diesing_peter.pdf</dc:identifier>
          <dc:language>deu</dc:language>
          <dc:rights>Deutsches Urheberrecht mit Print on Demand (u.a. für Dissertationen empfohlen)</dc:rights>
        </oai_dc:dc>
      </metadata>
    </record>
  </GetRecord>
</OAI-PMH>
