<?xml version="1.0" encoding="utf-8"?>
<?xml-stylesheet type="text/xsl" href="xsl/oai2.xsl"?><OAI-PMH xmlns="http://www.openarchives.org/OAI/2.0/" xmlns:xsi="http://www.w3.org/2001/XMLSchema-instance" xsi:schemaLocation="http://www.openarchives.org/OAI/2.0/ http://www.openarchives.org/OAI/2.0/OAI-PMH.xsd">
  <responseDate>2014-10-15T06:49:06Z</responseDate>
  <request verb="GetRecord" metadataPrefix="oai_dc" identifier="oai:kobv.de-opus4-tuberlin:1062">http://opus4.kobv.de/opus4-tuberlin/oai</request>
  <GetRecord>
    <record>
      <header>
        <identifier>oai:kobv.de-opus4-tuberlin:1062</identifier>
        <datestamp>2013-07-01</datestamp>
        <setSpec>doc-type:doctoralthesis</setSpec>
        <setSpec>bibliography:false</setSpec>
        <setSpec>ddc</setSpec>
        <setSpec>ddc:620</setSpec>
      </header>
      <metadata>
        <oai_dc:dc xmlns:oai_dc="http://www.openarchives.org/OAI/2.0/oai_dc/" xmlns:dc="http://purl.org/dc/elements/1.1/" xsi:schemaLocation="http://www.openarchives.org/OAI/2.0/oai_dc/ http://www.openarchives.org/OAI/2.0/oai_dc.xsd">
          <dc:title xml:lang="eng">Multi-state video coding over error prone channels</dc:title>
          <dc:creator>Ekmekci, Sila</dc:creator>
          <dc:subject>ddc:620</dc:subject>
          <dc:description xml:lang="deu">Anwendungen von Verfahren der Multiple Description Coding (MDC) zur Kodierung von Signalen haben in den letzten dreissig Jahren grosses Interesse erweckt. Das Grundprinzip ist die Erzeugung und Übertragung von mehreren Beschreibungen für die gleiche Quelle. Wenn nur eine Beschreibung empfangen wird, rekonstruiert der Empfänger das Signal mit einer akzeptablen Qualität. Die Signalqualität wächst mit der Anzahl der empfangenen Beschreibungen. Multi-State Video Codierung (MSVC) ist eine besondere Form von MDC, wobei die Kodierungseffizienz mit der Fehlerresistenz abgewägt wird. Die Videosequenz wird bei zweifacher Beschreibung in zwei Teilsequenzen aufgeteilt, wobei eine aus den gerade Bildern und die andere aus den ungerade Bildern besteht. Die Bewegungsschätzung zur Kompression erfolgt zwischen benachbarten Bildern in jeder Teilsequenz. Die dadurch enstandenen Bitströme werden in Pakete aufteilt und über unterschiedlich fehlerbehaftete Kanäle zum Empfänger übertragen. Die vorgelegte Arbeit untersucht die MSVC Technik im Hinblick auf das mittlere PSNR (peak signal to noise ratio) bei verschiedenen Paketverlustwahrscheinlichkeiten und Rekonstruktionsmöglichkeiten. Im ersten Teil der Arbeit besteht das Ziel darin, für eine gegebene Gesamtbitrate die optimale Ratenaufteilung zwischen zwei Beschreibungen zu finden. Ausgehend von den gleichratigen Beschreibungen werden ungleichratige Beschreibungen untersucht. Um die Bitraten der Beschreibungen zu variieren und gleichzeitig die Gesamtbitrate konstant zu halten, werden die Quantisierungsgenauigkeiten der beiden Teilsequenzen entsprechend eingestellt. Die Untersuchungsergebnisse haben gezeigt, dass, man, wenn die für die Übertragung benutzten Kanäle mit unterschiedlicher Fehlerrate behaftet sind, durch ungleichratige Beschreibungen Gewinne im mittleren PSNR erzielen kann, wobei der Gewinn um so grösser ist, je bewegungsreicher die Videosequenz und je unterschiedlicher die Fehlerraten der beiden Kanäle sind. Im nächsten Schritt wird MSVC mit Verfahren der Single-State Video Coding (SSVC) and Temporal Layered Video Coding (TLC) verglichen. Dabei wurden zwei Szenarien betrachtet: In dem ersten Szenario wird angenommen, dass in SSVC und TLC die Bewegungsvektoren immer erhalten bleiben. Im zweiten Fall wird keine Bewegungsinformation für verlorengegangene Bilder vorausgesetzt. Die Ergebnisse haben gezeigt, dass im ersten Fall sowohl TLC als auch SSVC MSVC übertreffen, während im zweiten Fall MSVC trotz kleinerem Prädiktionsgewinn vorteilhaft ist. Der Vorteil vom MSVC wird mit wachsender Fehlerrate deutlicher. Im zweiten Teil der Arbeit wird untersucht, wie die Rekonstruktionsfehler theoretisch erfasst werden koennen. Die Fehler setzen sich aus den Quantisierungsfehlern, aber auch aus Verschleierungsfehlern und deren Fortpflanzungen über die Zeit zusammen. Ein rekursives Schätzmodell wurde entwickelt, mit dessen Hilfe der Gesamtfehler jedes Bildes mit einer hohen Genauigkeit und geringer Komplexität geschätzt werden kann, wenn die Fehlerrate der Kanäle und die Quantisierungsfehler vorgegeben werden. Die Methode wurde zuerst für Fehlerschätzung bei einer SSVC-Übertragung entwickelt und danach auf TLC und MSVC-Übertragung erweitert.</dc:description>
          <dc:description xml:lang="eng">The work investigates Multi-State Video Coding (MSVC) which is a Multiple Description Scheme. MSVC is interesting because of its low complexity and its low delay property which makes it attractive for streaming applications. The performance of MSVC is explored in terms of the average PSNR of the reconstructed video sequence. We compare MSVC to Single-State Video Coding (SSVC) and Temporal Layered Coding (TLC) under different channel conditions and reception scenarios. Moreover we investigate the trade-off between rate allocated to quantization accuracy and to intra-coding in terms of its effect on the average PSNR over error-prone channels. Besides balanced MSVC, unbalanced MSVC by adaptation of quantization is analyzed. It was shown under which conditions it is practical to switch to unbalanced operation from the balanced one. Moreover, an improved version of the original MSVC approach is developed where state recovery is not only used for error concealment in case of losses but also then whenever it enables a larger frame PSNR. It was shown that the improved version yields better results for all channel conditions and rate allocations. In the second part of the work, a recursive decoder distortion estimation model based on the AR(1) modeling of the video source is presented and used to support the simulation based results from the theoretical point of view. According to the model, each frame block belongs to a different AR(1) source with all of its corresponding blocks along the video sequence. The distortion of each frame block is calculated dependent on the distortions of its corresponding blocks on the past frames. In the next step, the estimation method is extended from Single-State-Video Coding to Temporal Layered Coding and Multi-State Video Coding. The advantages of the model is its relative low complexity and high estimation accuracy. These properties makes it especially applicable for streaming applications where decoder distortion should be estimated at the server before choosing among the possible streaming options.</dc:description>
          <dc:date>2005-07-19</dc:date>
          <dc:type>doctoralthesis</dc:type>
          <dc:type>doc-type:doctoralthesis</dc:type>
          <dc:format>application/pdf</dc:format>
          <dc:identifier>http://opus4.kobv.de/opus4-tuberlin/frontdoor/index/index/docId/1062</dc:identifier>
          <dc:identifier>urn:nbn:de:kobv:83-opus-10463</dc:identifier>
          <dc:identifier>http://nbn-resolving.de/urn/resolver.pl?urn:nbn:de:kobv:83-opus-10463</dc:identifier>
          <dc:identifier>http://opus4.kobv.de/opus4-tuberlin/files/1062/ekmekci_sila.pdf</dc:identifier>
          <dc:language>eng</dc:language>
          <dc:rights>Deutsches Urheberrecht mit Print on Demand (u.a. für Dissertationen empfohlen)</dc:rights>
        </oai_dc:dc>
      </metadata>
    </record>
  </GetRecord>
</OAI-PMH>
