<?xml version="1.0" encoding="utf-8"?>
<?xml-stylesheet type="text/xsl" href="xsl/oai2.xsl"?><OAI-PMH xmlns="http://www.openarchives.org/OAI/2.0/" xmlns:xsi="http://www.w3.org/2001/XMLSchema-instance" xsi:schemaLocation="http://www.openarchives.org/OAI/2.0/ http://www.openarchives.org/OAI/2.0/OAI-PMH.xsd">
  <responseDate>2014-10-15T06:50:44Z</responseDate>
  <request verb="GetRecord" metadataPrefix="oai_dc" identifier="oai:kobv.de-opus4-tuberlin:1359">http://opus4.kobv.de/opus4-tuberlin/oai</request>
  <GetRecord>
    <record>
      <header>
        <identifier>oai:kobv.de-opus4-tuberlin:1359</identifier>
        <datestamp>2013-07-01</datestamp>
        <setSpec>doc-type:doctoralthesis</setSpec>
        <setSpec>bibliography:false</setSpec>
        <setSpec>ddc</setSpec>
        <setSpec>ddc:670</setSpec>
      </header>
      <metadata>
        <oai_dc:dc xmlns:oai_dc="http://www.openarchives.org/OAI/2.0/oai_dc/" xmlns:dc="http://purl.org/dc/elements/1.1/" xsi:schemaLocation="http://www.openarchives.org/OAI/2.0/oai_dc/ http://www.openarchives.org/OAI/2.0/oai_dc.xsd">
          <dc:title xml:lang="deu">Bildgebendes Multispektralsystem zur Serienfarbmessung an goniochromatischen Oberflächenbeschichtungen in der Automobil- und Zulieferindustrie</dc:title>
          <dc:title xml:lang="eng">Spectral Imaging for the online-measurement on goniochromatic surface coatings in the automobile and supplier industry</dc:title>
          <dc:creator>Jäger, Stefan</dc:creator>
          <dc:subject>ddc:670</dc:subject>
          <dc:description xml:lang="deu">In dieser Arbeit wird ein multispektrales bildgebendes System zur Farbmessung von Metall- und Perleffektlacken in einem industriellen Umfeld vorgestellt. Der Zweck des vorgeschlagenen Systems ist die Serienüberwachung und daraus folgend, die Steuerung von Lackierprozessen in der Automobil- und Zulieferindustrie, um das Qualitätsniveau anzuheben und Kosten zu reduzieren. Ausgehend von der Analyse der messtechnischen Anforderungen und den durch die Prozesstechnik gegebenen Randbedingungen wurde ein technisches Konzept erarbeitet und das multispektrale Aufnahmesystem aufgebaut. Im Rahmen des Entwicklungsprozesses wurden geeignete Strategien zur Reflexionswertbestimmung vorgeschlagen, die CIELAB Farbwertberechnung realisiert und eine Farbmesssoftware entwickelt. Die Eignung des Systems, die für den Anwendungszweck gestellten Anforderungen zu erfüllen, wurde in analytischen Untersuchungen des Messprozesses überprüft. Diese Untersuchungen belegen die Erfüllung der geforderten messtechnischen Anforderungen, die Einhaltung spezifischer produktionstechnischer Randbedingungen und damit die Fähigkeit des Messsystems, eine Serienüberwachung in einem industriellen Lackierprozess durchzuführen.</dc:description>
          <dc:description xml:lang="eng">This thesis introduces a multispectral imaging system for the colour measurement of metallic and pearlescent paints in an industrial environment. The intention of the proposed system is to monitor and as a result to control the coating processes in the automotive and supplier industry in order to improve quality and reduce costs. Based on the analysis of the metrological requirements and the restrictions introduced by the production engineering, a technical concept was developed and the spectral imaging system was assembled. Within the development process, capable spectral transformation strategies were proposed, the CIELAB colour calculation was realized and a colour measurement software was developed. For evaluating the suitability of the constructed system for its intended purpose, analytical studies of the measurement process were performed. These proved the conformance of the system with the metrological requirements and the adherence to specific restrictions and therefore the capability of the system to do an online-monitoring of a paint-process in an industrial environment.</dc:description>
          <dc:date>2006-10-26</dc:date>
          <dc:type>doctoralthesis</dc:type>
          <dc:type>doc-type:doctoralthesis</dc:type>
          <dc:format>application/pdf</dc:format>
          <dc:identifier>http://opus4.kobv.de/opus4-tuberlin/frontdoor/index/index/docId/1359</dc:identifier>
          <dc:identifier>urn:nbn:de:kobv:83-opus-14055</dc:identifier>
          <dc:identifier>http://nbn-resolving.de/urn/resolver.pl?urn:nbn:de:kobv:83-opus-14055</dc:identifier>
          <dc:identifier>http://opus4.kobv.de/opus4-tuberlin/files/1359/jaeger_stefan.pdf</dc:identifier>
          <dc:language>deu</dc:language>
          <dc:rights>Deutsches Urheberrecht mit Print on Demand (u.a. für Dissertationen empfohlen)</dc:rights>
        </oai_dc:dc>
      </metadata>
    </record>
  </GetRecord>
</OAI-PMH>
