<?xml version="1.0" encoding="utf-8"?>
<?xml-stylesheet type="text/xsl" href="xsl/oai2.xsl"?><OAI-PMH xmlns="http://www.openarchives.org/OAI/2.0/" xmlns:xsi="http://www.w3.org/2001/XMLSchema-instance" xsi:schemaLocation="http://www.openarchives.org/OAI/2.0/ http://www.openarchives.org/OAI/2.0/OAI-PMH.xsd">
  <responseDate>2014-10-15T06:50:10Z</responseDate>
  <request verb="GetRecord" metadataPrefix="oai_dc" identifier="oai:kobv.de-opus4-tuberlin:1224">http://opus4.kobv.de/opus4-tuberlin/oai</request>
  <GetRecord>
    <record>
      <header>
        <identifier>oai:kobv.de-opus4-tuberlin:1224</identifier>
        <datestamp>2013-07-01</datestamp>
        <setSpec>doc-type:doctoralthesis</setSpec>
        <setSpec>bibliography:false</setSpec>
        <setSpec>ddc</setSpec>
        <setSpec>ddc:530</setSpec>
      </header>
      <metadata>
        <oai_dc:dc xmlns:oai_dc="http://www.openarchives.org/OAI/2.0/oai_dc/" xmlns:dc="http://purl.org/dc/elements/1.1/" xsi:schemaLocation="http://www.openarchives.org/OAI/2.0/oai_dc/ http://www.openarchives.org/OAI/2.0/oai_dc.xsd">
          <dc:title xml:lang="eng">Persistent photo-induced effects in high-temperature superconducting RBa 2 Cu 3 O 7-delta</dc:title>
          <dc:title xml:lang="deu">Beständige photoinduzierte Effekte in Hochtemperatursupraleitern der RBa 2 Cu 3 O 7-delta</dc:title>
          <dc:creator>Bahrs, Sabine</dc:creator>
          <dc:subject>ddc:530</dc:subject>
          <dc:description xml:lang="eng">In this work we present studies on the persistent, photo-induced effects in high-temperature superconductors of the RBa2Cu3O7-delta material family (R: Y or any rare earth atom except Pm, Ce, Tb). These effects are particular to the oxygen-reduced compounds, being closely connected to their typical, fragmented Cu-O chains. One aspect is the slow increase of the conductivity and the critical temperature under illumination, which occurs on a time scale of hours. Below approximately 250 K, the induced change persists after illumination ceases, while thermally activated relaxation is observed at room temperature. This finding opens up a different way of manipulating the doping in this cuprate family, involving solely reversible changes made to the same sample specimen, but its mechanism is not yet fully understood. An effect with similar properties is known from Raman spectroscopy: Oxygen-vacancy activated modes lose intensity under illumination. The way illumination alters the material properties is in many aspects similar to that of thermally activated oxygen-atom reordering, during which vacancies in the Cu-O chains build regular patterns with periodicity larger than that of the unit cell. For example, thermal reordering occurs in the same temperature range as the relaxation from the photo-induced state, and both affect the conductivity as well as the critical temperature. Based on this connection we study several physical aspects of the photo-induced effect and discuss the results with support from numerical simulations of the defect distribution. Our methods include Raman spectroscopy under visible and ultraviolet excitation energy, electrical transport experiments, reflectance anisotropy spectroscopy and X-ray scattering. Among the central experimental results is the fact that the time constant of intensity loss of the Raman modes is about two orders of magnitude faster than the increase of electrical conductivity. In contrast to previous assumptions, the two observations are thus not identical, but still related to the same microscopic process. In the oxygen reordering model, optical and electrical response can be attributed to the dynamics of chains of different length and are thus consistently explained. As another result, we established a correlation between the resonances of the defect-induced Raman modes and anisotropic, photo-sensitive features in the reflectance. The corresponding electronic transitions were assigned to specific structural elements of the unit cell, thus explaining the observed strengthening or weakening of the resonances in terms of a change in coordination numbers of the chain Cu atoms. Motivated by the optical anisotropy we found another strong resonance of the oxygen-vacancy activated modes under UV excitation. Our results support oxygen vacancy reordering as the underlying mechanism of the persistent photo-induced effects in oxygen-reduced RBa2Cu3O7-delta, as it can consistently explain all findings. While the observations do not exclude the possibility of an additional contribution of electronic effects like carrier trapping, they are at variance with a purely electronic model.</dc:description>
          <dc:description xml:lang="deu">In dieser Arbeit werden beständige, photoinduzierte Effekte in den Hochtemperatursupraleitern der RBa2Cu3O7-delta Materialklasse untersucht (R: Y oder seltene Erde außer Pm, Ce, Tb). Die Effekte findet man ausschließlich in sauerstoffreduzierten Varianten dieser Verbindungen, mit den darin typischen, unvollständigen Cu-O Ketten. Eine der Beobachtungen ist ein langsamer, photoinduzierter Anstieg der Leitfähigkeit und der Sprungtemperatur auf einer Zeitskala von mehreren Stunden. Beleuchtet man bei Temperaturen unterhalb von ca. 250 K, bleibt der erreichte Zustand nach Ende der Beleuchtung stabil, während schon bei Zimmertemperatur thermisch angeregte Relaxation eintritt. Diese ungewöhnliche Eigenschaft bietet eine interessante Alternative zu den gängigen Methoden der Dotierungsmanipulation in den Kupraten, ist aber hinsichtlich ihres Mechanismus noch nicht vollständig verstanden. Ein Effekt mit ganz ähnlichen Eigenschaften ist aus der Ramanspektroskopie bekannt: Durch Sauerstoffdefekte aktivierte Moden verlieren unter Beleuchtung Intensität. Die Auswirkungen der Beleuchtung erinnern stark an die bereits bekannte Sauerstoffumordnung, bei der die Fehlstellen in den Cu-O Ketten selbst regelmäßige Anordnungen bilden. Unter anderem setzt die Relaxation nach Beleuchtung im gleichen Temperaturbereich ein und beide beeinflussen die Sprungtemperatur, so dass eine Verwandtschaft der Effekte nahe liegt. Auf dieser Grundlage untersuchen wir verschiedene experimentelle Aspekte des beständigen, photoinduzierten Effekts und diskutieren sie mit Hilfe einer numerischen Simulation zur Defektstellenverteilung. Die verwendeten Methoden umfassen Ramanspektroskopie bei ultravioletter und sichtbarer Anregungsenergie, elektrische Transportuntersuchungen, Reflexions-Anisotropie-Spektroskopie und diffuse Röntgenbeugung. Eines der zentralen experimentellen Ergebnissen ist, dass die Zeitkonstante der Intensitätsabnahme der Ramanmoden die Abnahmegeschwindigkeit des elektrischen Widerstandes um zwei Größenordnungen übersteigt. Entgegen früherer Annahmen sind diese Effekte also nicht identisch, aber doch an einen gemeinsamen Ursprung gekoppelt. Im Modell der Sauerstoffumordnung kann der Unterschied der Reaktionszeit verschieden langen Kettenfragmenten zugeordnet und somit konsistent erklärt werden. Ein weiteres Ergebnis ist, dass die Resonanzen der Ramansignale sich mittels Reflexions-Anisotropie auf entsprechend polarisierte, ebenfalls photosensitive elektronische Anregungen zurückführen lassen. Diese Übergänge können wir konkreten Atomorten in der Einheitszelle zuordnen. Beobachtete Änderungen stimmen sehr gut mit der Ab- oder auch Zunahme von Atomen verschiedener Koordinierungszahl während eines Umordnungsprozesses überein. Motiviert durch die elektronische Anisotropie gelang es, die Existenz einer weiteren, starken Resonanz der Defektmoden in den Ramanspektren unter ultravioletter Anregung zu zeigen. Unsere Ergebnisse schließen einen zusätzlichen Beitrag durch Ladungsträgerpaarerzeugung zwar nicht aus, können aber vollständig im Sinne reiner struktureller Umordnung erklärt werden und unterstützen somit das Modell der Sauerstoffumordnung unter Beleuchtung.</dc:description>
          <dc:date>2006-03-15</dc:date>
          <dc:type>doctoralthesis</dc:type>
          <dc:type>doc-type:doctoralthesis</dc:type>
          <dc:format>application/pdf</dc:format>
          <dc:identifier>http://opus4.kobv.de/opus4-tuberlin/frontdoor/index/index/docId/1224</dc:identifier>
          <dc:identifier>urn:nbn:de:kobv:83-opus-12330</dc:identifier>
          <dc:identifier>http://nbn-resolving.de/urn/resolver.pl?urn:nbn:de:kobv:83-opus-12330</dc:identifier>
          <dc:identifier>http://opus4.kobv.de/opus4-tuberlin/files/1224/bahrs_sabine.pdf</dc:identifier>
          <dc:language>eng</dc:language>
          <dc:rights>Deutsches Urheberrecht mit Print on Demand (u.a. für Dissertationen empfohlen)</dc:rights>
        </oai_dc:dc>
      </metadata>
    </record>
  </GetRecord>
</OAI-PMH>
