<?xml version="1.0" encoding="utf-8"?>
<?xml-stylesheet type="text/xsl" href="xsl/oai2.xsl"?><OAI-PMH xmlns="http://www.openarchives.org/OAI/2.0/" xmlns:xsi="http://www.w3.org/2001/XMLSchema-instance" xsi:schemaLocation="http://www.openarchives.org/OAI/2.0/ http://www.openarchives.org/OAI/2.0/OAI-PMH.xsd">
  <responseDate>2014-10-15T06:48:51Z</responseDate>
  <request verb="GetRecord" metadataPrefix="oai_dc" identifier="oai:kobv.de-opus4-tuberlin:1007">http://opus4.kobv.de/opus4-tuberlin/oai</request>
  <GetRecord>
    <record>
      <header>
        <identifier>oai:kobv.de-opus4-tuberlin:1007</identifier>
        <datestamp>2014-04-30</datestamp>
        <setSpec>doc-type:masterthesis</setSpec>
        <setSpec>bibliography:false</setSpec>
        <setSpec>ddc</setSpec>
        <setSpec>ddc:330</setSpec>
      </header>
      <metadata>
        <oai_dc:dc xmlns:oai_dc="http://www.openarchives.org/OAI/2.0/oai_dc/" xmlns:dc="http://purl.org/dc/elements/1.1/" xsi:schemaLocation="http://www.openarchives.org/OAI/2.0/oai_dc/ http://www.openarchives.org/OAI/2.0/oai_dc.xsd">
          <dc:title xml:lang="deu">Umwelt- und sozialökonomische Effekte freier Produktionszonen/Maquiladoras am Beispiel Ecuadors</dc:title>
          <dc:creator>Mutlak, Natalie</dc:creator>
          <dc:subject>ddc:330</dc:subject>
          <dc:description xml:lang="deu">In den letzten Jahrzehnten haben sich einschneidende Veränderungen im Weltwirtschaftssystem vollzogen, die vielfach unter dem Schlagwort der Globalisierung zusammengefasst werden. Der Abbau von Handels- und Investitionsbeschränkungen,verbesserte Transport- und Kommunikationssysteme haben zum immensen Anstieg von internationalen Handels- und Finanztransaktionen geführt, was die Entstehung einer global ausgerichteten Organisation der Produktion erleichterte. Ein neues Niveau der internationalen Arbeitsteilung ist entstanden, in der Entwicklungsländer nicht mehr nur billige Rohstoffe für Industrienationen bereitstellen und ihnen wiederum die hochwertigen, kapitalintensiven Produkte abnehmen. Die eklatanten Unterschiede der Lohnniveaus (und damit auch der Produktionskosten) zwischen Entwicklungs- und Industrienationen haben zur Auslagerung bestimmter arbeitsintensiver Produktionssschritte, bzw. Arbeitsgänge aus der Manufakturbranche in Niedriglohnländer geführt. Hier können die in dieser Arbeit zu untersuchenden freien Produktionszonen/ Maquiladoras verortet werden: Nach Scheitern von Importsubstitutionsstrategien und in der Hoffnung auf „nachholende (industrielle) Entwicklung“ als Ausweg aus der Schuldenfalle wurden in Entwicklungsländern freie Produktionszonen (FPZ)/ Maquiladora-Systeme etabliert, die sich durch spezielle Vergünstigungen für i.d.R. exportorientierte ausgelagerte Manufakturfirmen auszeichnen. FPZ/ Maquiladoras sind aufgrund ihres rapide gestiegenen ökonomischen Potentials, aber auch aufgrund von arbeitsrechtlich und ökologisch umstrittenen Produktionsbedingungen ins globale Rampenlicht gerückt.</dc:description>
          <dc:date>2005-09-15</dc:date>
          <dc:type>masterthesis</dc:type>
          <dc:type>doc-type:masterthesis</dc:type>
          <dc:format>application/pdf</dc:format>
          <dc:identifier>http://opus4.kobv.de/opus4-tuberlin/frontdoor/index/index/docId/1007</dc:identifier>
          <dc:identifier>urn:nbn:de:kobv:83-opus-10991</dc:identifier>
          <dc:identifier>http://nbn-resolving.de/urn/resolver.pl?urn:nbn:de:kobv:83-opus-10991</dc:identifier>
          <dc:identifier>http://opus4.kobv.de/opus4-tuberlin/files/1007/mutlak_natalie.pdf</dc:identifier>
          <dc:language>deu</dc:language>
          <dc:rights>Deutsches Urheberrecht mit Print on Demand (u.a. für Dissertationen empfohlen)</dc:rights>
        </oai_dc:dc>
      </metadata>
    </record>
  </GetRecord>
</OAI-PMH>
