<?xml version="1.0" encoding="utf-8"?>
<?xml-stylesheet type="text/xsl" href="xsl/oai2.xsl"?><OAI-PMH xmlns="http://www.openarchives.org/OAI/2.0/" xmlns:xsi="http://www.w3.org/2001/XMLSchema-instance" xsi:schemaLocation="http://www.openarchives.org/OAI/2.0/ http://www.openarchives.org/OAI/2.0/OAI-PMH.xsd">
  <responseDate>2014-10-15T06:49:50Z</responseDate>
  <request verb="GetRecord" metadataPrefix="oai_dc" identifier="oai:kobv.de-opus4-tuberlin:1160">http://opus4.kobv.de/opus4-tuberlin/oai</request>
  <GetRecord>
    <record>
      <header>
        <identifier>oai:kobv.de-opus4-tuberlin:1160</identifier>
        <datestamp>2013-07-01</datestamp>
        <setSpec>doc-type:doctoralthesis</setSpec>
        <setSpec>bibliography:false</setSpec>
        <setSpec>ddc</setSpec>
        <setSpec>ddc:540</setSpec>
      </header>
      <metadata>
        <oai_dc:dc xmlns:oai_dc="http://www.openarchives.org/OAI/2.0/oai_dc/" xmlns:dc="http://purl.org/dc/elements/1.1/" xsi:schemaLocation="http://www.openarchives.org/OAI/2.0/oai_dc/ http://www.openarchives.org/OAI/2.0/oai_dc.xsd">
          <dc:title xml:lang="deu">Phasenverhalten und strukturelle Eigenschaften binärer dipolarer Fluide</dc:title>
          <dc:title xml:lang="eng">Phase behavior and structural properties of binary dipolar fluids</dc:title>
          <dc:creator>Range, Gabriel Maximilian</dc:creator>
          <dc:subject>ddc:540</dc:subject>
          <dc:description xml:lang="deu">Die vorliegende Arbeit befasst sich mit dem Phasenverhalten und den strukturellen Eigenschaften binärer dipolarer Fluide, die als Modellsysteme polydisperser Ferrokolloide sowie zweikomponentiger Mischungen molekularer polarer Fluide dienen. Die dipolaren Teilchen werden als harte Kugeln modelliert, die in ihrem Zentrum einen permanenten Punktdipol tragen. Beide Teilchensorten unterscheiden sich im Teilchendurchmesser und/oder in der Stärke des Dipolmoments. Die Untersuchungen mittels Dichtefunktionaltheorie in einer molekularfeldartigen Näherung zeigen - zusätzlich zu einem, bereits bei reinen Systemen auftretenden, Übergang in eine Phase mit ferromagnetischer Ordnung - einen Entmischungsübergang bei hohen Dichten. Dieser wird für das Phasenverhalten umso bestimmender, je mehr sich die Dipolmomente beider Spezies unterscheiden. Unterschiedliche Teilchendurchmesser haben den gegenteiligen Effekt: sie destabilisieren den Entmischungsübergang. In beiden Fällen ist jedoch eine der entmischten Phasen ferromagnetisch. Es zeigt sich, dass der Einfluß eines äußeren magnetischen Feldes auf das Phasenverhalten durch die Zusammensetzung der Mischung in einem weiten Bereich gesteuert werden kann. Phasenkoexistenzen vergleichsweise reiner Systeme werden in starken Magnetfeldern stabilisiert, während der Entmischungsübergang in starken Magnetfelder destabilisiert wird. Die reference hypernetted-chain Integralgleichungsmethode wird in dieser Arbeit zur strukturellen Untersuchung binärer dipolarer Fluide verwendet. Bei kleinen Fluiddichten bilden einkomponentige dipolare Fluide Paare und Ketten. Im zweikomponentigen System steigt bei Anwesenheit einer schwächeren Komponente die Tendenz zur Kettenbildung in der stärkeren Komponente. Die schwächere Komponente kann hier als</dc:description>
          <dc:description xml:lang="eng">We investigate the phase behavior and the structural properties of binary dipolar fluids, which we use as model systems for polydisperse ferrocolloids on the one hand and for binary mixtures of molecular polar fluids on the other hand. The particles consist of hard spheres with permanent dipole moments. Both species differ in particle diameter and/or dipole moment. In the context of density functional theory in the modified mean-field approximation we encounter -- in addition to a ferromagnetic ordering, which also appears in pure systems -- a demixing transition. This demixing transition dominates the phase behavior, if both species differ strongly in their dipole moments. Bidispersity on the other hand has a converse impact: it destabilizes demixing. In both cases, however, one of the demixed phases is ferromagnetic. The influence of an external magnetic field on the phase behavior can be tuned in a broad range by means of the composition of the mixture. Phase coexistences of nearly pure systems are stabilized in strong magnetic fields, while demixing is destabilized in strong magnetic fields. Reference hypernetted-chain integral equation theory is used in this work to investigate structural properties of binary dipolar fluids. At low densities one-component dipolar fluids are known to aggregate into pairs and chains. In binary mixtures chaining of the stronger species is favored, if a weaker species is present. The weaker component acts as a background, which lowers the effective density of the stronger component, leading therefore to a stabilization of the chaining process. The integral equation theory predicts a demixing transition at high densities, too. However, contrary to the density functional results, monodisperse systems demix into two isotropic phases. For bidisperse systems both theories give consistent results. This comparison reveals the importance of correlation effects -- which are taken into account explicitly in the integral equation approach -- on the phase behavior.</dc:description>
          <dc:date>2005-12-14</dc:date>
          <dc:type>doctoralthesis</dc:type>
          <dc:type>doc-type:doctoralthesis</dc:type>
          <dc:format>application/pdf</dc:format>
          <dc:identifier>http://opus4.kobv.de/opus4-tuberlin/frontdoor/index/index/docId/1160</dc:identifier>
          <dc:identifier>urn:nbn:de:kobv:83-opus-11726</dc:identifier>
          <dc:identifier>http://nbn-resolving.de/urn/resolver.pl?urn:nbn:de:kobv:83-opus-11726</dc:identifier>
          <dc:identifier>http://opus4.kobv.de/opus4-tuberlin/files/1160/range_gabriel.pdf</dc:identifier>
          <dc:language>deu</dc:language>
          <dc:rights>Deutsches Urheberrecht mit Print on Demand (u.a. für Dissertationen empfohlen)</dc:rights>
        </oai_dc:dc>
      </metadata>
    </record>
  </GetRecord>
</OAI-PMH>
