<?xml version="1.0" encoding="utf-8"?>
<?xml-stylesheet type="text/xsl" href="xsl/oai2.xsl"?><OAI-PMH xmlns="http://www.openarchives.org/OAI/2.0/" xmlns:xsi="http://www.w3.org/2001/XMLSchema-instance" xsi:schemaLocation="http://www.openarchives.org/OAI/2.0/ http://www.openarchives.org/OAI/2.0/OAI-PMH.xsd">
  <responseDate>2014-10-15T06:50:06Z</responseDate>
  <request verb="GetRecord" metadataPrefix="oai_dc" identifier="oai:kobv.de-opus4-tuberlin:1208">http://opus4.kobv.de/opus4-tuberlin/oai</request>
  <GetRecord>
    <record>
      <header>
        <identifier>oai:kobv.de-opus4-tuberlin:1208</identifier>
        <datestamp>2013-07-01</datestamp>
        <setSpec>doc-type:doctoralthesis</setSpec>
        <setSpec>bibliography:false</setSpec>
        <setSpec>ddc</setSpec>
        <setSpec>ddc:004</setSpec>
      </header>
      <metadata>
        <oai_dc:dc xmlns:oai_dc="http://www.openarchives.org/OAI/2.0/oai_dc/" xmlns:dc="http://purl.org/dc/elements/1.1/" xsi:schemaLocation="http://www.openarchives.org/OAI/2.0/oai_dc/ http://www.openarchives.org/OAI/2.0/oai_dc.xsd">
          <dc:title xml:lang="deu">Digitale Archivierung und netzwerk-basierte Distribution von Audio Inhalten</dc:title>
          <dc:title xml:lang="eng">Digital archives and network-based distribution auf audio content</dc:title>
          <dc:creator>Krause, Florian</dc:creator>
          <dc:subject>ddc:004</dc:subject>
          <dc:description xml:lang="deu">Diese Arbeit beschäftigt sich mit der Archivierung von Audiodaten in digitaler Form sowie der Distribution dieser Daten über digitale Netzwerke. Eines der Hauptziele ist dabei die Konzipierung, Analyse und Entwicklung eines Softwaresystems, welches es dem Benutzer ermöglicht, Musikstücke, Wortbeiträge, Nachrichten und andere Inhalte sehr kostengünstig über ein IP-basiertes Netzwerk an andere Teilnehmer zu übertragen. Dies soll durch den kombinierten Einsatz verschiedener Übertragungstechniken weitestgehend ohne Streaming realisiert werden.</dc:description>
          <dc:description xml:lang="eng">This thesis deals with the digital storage of audio data and its distribution over networks. One of the main goals is the design, analysis and development of a system which provides an inexpensive possibility to deploy music, recorded speech, news and other content over an IP-based network. This goal should be achieved without using data streaming by means of various transmission methods.</dc:description>
          <dc:date>2006-02-23</dc:date>
          <dc:type>doctoralthesis</dc:type>
          <dc:type>doc-type:doctoralthesis</dc:type>
          <dc:format>application/pdf</dc:format>
          <dc:identifier>http://opus4.kobv.de/opus4-tuberlin/frontdoor/index/index/docId/1208</dc:identifier>
          <dc:identifier>urn:nbn:de:kobv:83-opus-12157</dc:identifier>
          <dc:identifier>http://nbn-resolving.de/urn/resolver.pl?urn:nbn:de:kobv:83-opus-12157</dc:identifier>
          <dc:identifier>http://opus4.kobv.de/opus4-tuberlin/files/1208/krause_florian.pdf</dc:identifier>
          <dc:language>deu</dc:language>
          <dc:rights>Deutsches Urheberrecht mit Print on Demand (u.a. für Dissertationen empfohlen)</dc:rights>
        </oai_dc:dc>
      </metadata>
    </record>
  </GetRecord>
</OAI-PMH>
