<?xml version="1.0" encoding="utf-8"?>
<?xml-stylesheet type="text/xsl" href="xsl/oai2.xsl"?><OAI-PMH xmlns="http://www.openarchives.org/OAI/2.0/" xmlns:xsi="http://www.w3.org/2001/XMLSchema-instance" xsi:schemaLocation="http://www.openarchives.org/OAI/2.0/ http://www.openarchives.org/OAI/2.0/OAI-PMH.xsd">
  <responseDate>2014-10-15T06:50:42Z</responseDate>
  <request verb="GetRecord" metadataPrefix="oai_dc" identifier="oai:kobv.de-opus4-tuberlin:1350">http://opus4.kobv.de/opus4-tuberlin/oai</request>
  <GetRecord>
    <record>
      <header>
        <identifier>oai:kobv.de-opus4-tuberlin:1350</identifier>
        <datestamp>2013-07-01</datestamp>
        <setSpec>doc-type:doctoralthesis</setSpec>
        <setSpec>bibliography:false</setSpec>
        <setSpec>ddc</setSpec>
        <setSpec>ddc:620</setSpec>
      </header>
      <metadata>
        <oai_dc:dc xmlns:oai_dc="http://www.openarchives.org/OAI/2.0/oai_dc/" xmlns:dc="http://purl.org/dc/elements/1.1/" xsi:schemaLocation="http://www.openarchives.org/OAI/2.0/oai_dc/ http://www.openarchives.org/OAI/2.0/oai_dc.xsd">
          <dc:title xml:lang="deu">Beitrag zum Energiemanagement in Kfz-Bordnetzen</dc:title>
          <dc:title xml:lang="eng">Contribution to energy management in vehicles</dc:title>
          <dc:creator>Fabis, Radomir</dc:creator>
          <dc:subject>ddc:620</dc:subject>
          <dc:description xml:lang="deu">Bei steigendem Energiebedarf ist das herkömmliche Bordnetz weder in der Lage Verbraucher zuverlässig zu versorgen, noch das Fahrzeug erfolgreich zu starten. Die Zunahme des Energieverbrauchs in modernen Kraftfahrzeugen erfordert neue Lösungen, wie z.B. ein Energiemanagement oder Einsatz der 42V Technologie. In dieser Arbeit werden Voraussetzungen zum Entwurf des Energiemanagementsystems EMS diskutiert (richtige Bordnetzdimensionierung). Vorgestellt werden mögliche Eingriffe (Verbrauchsreduktion, Leerlaufdrehzahlanhebung) und die damit verbundenen Konsequenzen (Batteriezustand, Kundenzufriedenheit). In der Arbeit wird auch ein Beispiel des EMS vorgestellt, das nur auf der Basis der generator- und batteriespezifischen Daten arbeitet. Im Bereich der 42V-Technologie werden folgende Themen erläutert: der Einfluss des EMS auf den Batteriezustand, die Ladezustand- und Ladebilanzoptimierung, die elektrische Unterstützung des Verbrennungsmotors beim Anfahren und die Aufnahme der Rekuperationsenergie. Die Arbeit befasst sich auch mit der Bewertung der EMS, die mit Hilfe einer Simulation durchgeführt wurde. Dazu werden Generator-, Batterie- und Verbrauchermodelle benötigt, die mit Hilfe von Matlab/Simulink aufgestellt wurden. Zum Schluss wird die Toolkette vorgestellt, die zur Automatisierung der Simulationsprozesse führt.</dc:description>
          <dc:description xml:lang="eng">Modern vehicles have faced a continuous rise in power demand over the last decade. It is neither possible to cover all energy needs reliably, nor to guarantee a successful cranking. Therefore new solutions are needed, such as energy management or the introduction of 42V- technology (mild hybrid). This dissertation discusses the design requirements of energy management systems (e.g. power-train dimensioning) and considers some interventions (e.g. reduction of power demand, motor idle speed lifting), as well as the associated consequences (battery state, consumer satisfaction). The dissertation contains an example of the energy management system, which is based on the battery- and alternator specific data. Different aspects are emphasised regarding the 42V – technology: impact of the energy management on the battery state, optimisation of the battery state of charge, support of the combustion engine by the electrical system when cranking and/or bringing up to speed, and recovery of the braking energy. The dissertation shows the methods for the validation of energy management systems, which are based on Matlab/Simulink simulations. Several battery-, alternator- and consumer models are shown. Finally a tool chain is presented, which allows the automation of simulation processes.</dc:description>
          <dc:date>2006-10-11</dc:date>
          <dc:type>doctoralthesis</dc:type>
          <dc:type>doc-type:doctoralthesis</dc:type>
          <dc:format>application/pdf</dc:format>
          <dc:identifier>http://opus4.kobv.de/opus4-tuberlin/frontdoor/index/index/docId/1350</dc:identifier>
          <dc:identifier>urn:nbn:de:kobv:83-opus-13833</dc:identifier>
          <dc:identifier>http://nbn-resolving.de/urn/resolver.pl?urn:nbn:de:kobv:83-opus-13833</dc:identifier>
          <dc:identifier>http://opus4.kobv.de/opus4-tuberlin/files/1350/fabis_radomir.pdf</dc:identifier>
          <dc:language>deu</dc:language>
          <dc:rights>Deutsches Urheberrecht mit Print on Demand (u.a. für Dissertationen empfohlen)</dc:rights>
        </oai_dc:dc>
      </metadata>
    </record>
  </GetRecord>
</OAI-PMH>
