<?xml version="1.0" encoding="utf-8"?>
<?xml-stylesheet type="text/xsl" href="xsl/oai2.xsl"?><OAI-PMH xmlns="http://www.openarchives.org/OAI/2.0/" xmlns:xsi="http://www.w3.org/2001/XMLSchema-instance" xsi:schemaLocation="http://www.openarchives.org/OAI/2.0/ http://www.openarchives.org/OAI/2.0/OAI-PMH.xsd">
  <responseDate>2014-10-15T06:49:00Z</responseDate>
  <request verb="GetRecord" metadataPrefix="oai_dc" identifier="oai:kobv.de-opus4-tuberlin:1045">http://opus4.kobv.de/opus4-tuberlin/oai</request>
  <GetRecord>
    <record>
      <header>
        <identifier>oai:kobv.de-opus4-tuberlin:1045</identifier>
        <datestamp>2014-05-16</datestamp>
        <setSpec>doc-type:doctoralthesis</setSpec>
        <setSpec>bibliography:false</setSpec>
        <setSpec>ddc</setSpec>
        <setSpec>ddc:620</setSpec>
      </header>
      <metadata>
        <oai_dc:dc xmlns:oai_dc="http://www.openarchives.org/OAI/2.0/oai_dc/" xmlns:dc="http://purl.org/dc/elements/1.1/" xsi:schemaLocation="http://www.openarchives.org/OAI/2.0/oai_dc/ http://www.openarchives.org/OAI/2.0/oai_dc.xsd">
          <dc:title xml:lang="deu">Entfernung von Sulfamethoxazol in der Bodenpassage</dc:title>
          <dc:title xml:lang="eng">Removal of Sulfamethoxazole in Soil Passage</dc:title>
          <dc:creator>Baumgarten, Benno</dc:creator>
          <dc:subject>ddc:620</dc:subject>
          <dc:description xml:lang="deu">Der sulfonamidische Wirkstoff Sulfamethoxazol (SMX) ist das einzige Antibiotikum, welches neben dem Auftreten in Kläranlagenablauf und Oberflächenwasser auch in Grund- und Trinkwasserproben gefunden wird. Als Vertreter der Spurenstoffe, die insbesondere dann Anlass zur Sorge geben, wenn Wasserkreisläufe teilweise geschlossen sind, ist SMX aufgrund der unbekannten Summen- und chronischen Wirkungen sowie dem Vermeidungsgebot anthropogener Stoffe im Wasserkreislauf unerwünscht. Die redox-sensitive Entfernung von SMX in der Bodenpassage wurde in einem System von Laborsäulen über 56 Monate unter variierenden Bedingungen untersucht. Die durchgeführte Langzeitstudie liefert neue Erkenntnisse zu Verhalten und Verbleib von SMX und das differenzierte Verhalten konnte in Laboruntersuchungen dem Einfluss einzelner Parameter unter definierten Bedingungen zugeordnet werden. Widersprüchliche Aussagen vorangegangener Feld- und Laborstudien konnten auf die im Rahmen der vorliegenden Arbeit identifizierten Schlüsselparameter Startkonzentration, Redoxpotenzial und Adaptionszeit zurückgeführt und damit erklärt werden. Es wurde gezeigt, dass eine effektive Entfernung von SMX sowohl unter aeroben als auch unter anoxischen und anaeroben Bedingungen bis auf Restkonzentrationen von &lt;60 ng/L möglich ist. Sie erfolgt unter Laborbedingungen im Aeroben effektiver als unter anoxischen Bedingungen; im Anaeroben kann das gleiche Niveau wie unter aeroben Bedingungen erreicht werden. Eine erhöhte Startkonzentration von SMX sorgt dabei für eine weitergehende Entfernung. Über die kinetische Auswertung konnten redoxabhängige Verschwindenszeiten (Dissipation time) für 50 % der Startkonzentration ermittelt werden, die anoxisch 91 Tage erreichten. Es sollte daher auch in der realen Bodenpassage eine Verweilzeit von mehreren Wochen bis zu Monaten ermöglicht werden, um die Transformation von SMX und anderer schwer abbaubarer Stoffe zu gewährleisten. Bis zum Einsetzen der SMX-Transformation, für die, wie gezeigt wird, ein cometabolischer Mechanismus ausgeschlossen werden kann und die folglich durch spezifisch angepasste Mikroorganismen erfolgt, ist eine erhebliche Adaptionszeit von bis zu 24 Monaten erforderlich, bevor ein stationärer Zustand erreicht wird. Diese Zeit muss auch für neue Bodenpassagen oder bei variierender Qualität des Rohwassers berücksichtigt werden, um das Potenzial zur Entfernung schwer abbaubarer Spurenstoffe vollständig zu entwickeln. Aufgrund der erforderlichen Adaptionszeit sind Langzeitstudien unter Berücksichtigung der benannten Schlüsselparameter notwendig, um Ergebnisse von praktischer Relevanz zur Entfernbarkeit von Spurenstoffen in mikrobiologischen Systemen zu gewinnen. Sediment-Wasser-Tests, für die eine spezielle Vorgehensweise entwickelt wurde, können nur eingesetzt werden, um Trends vorherzusagen.</dc:description>
          <dc:description xml:lang="eng">The sulfonamide compound sulfamethoxazole (SMX) is the only antibiotic not only found in considerable concentrations in wastewater treatment plant effluents and surface waters, but also in groundwaters and bank filtrate samples. Where water contains persistent compounds and water cycles are partially closed, the migration of micropollutants like SMX from wastewater to water used for drinking water purification via bank filtration or aquifer recharge becomes a topic of concern. Because of unknown chronic and sum effects and due to the general undesirability of anthropogenic compounds in the water, SMX is subject to a number of studies. The redox-sensitive removal of SMX was investigated in lab columns system over 56 months under varying conditions. New insights in behavior and fate of SMX are provided by the conducted long term study, in which the complex behavior could be assigned to single parameters under well defined conditions. Contradictory results, which have been reported up to now from studies at field sites and from laboratory studies, could be explained and ascribed to the key parameters initial concentration, redox potential, and adaptation time, which were identified in the presented work. Thus, the appropriate selection of these parameters with strong influence on SMX degradation is essential. It has been shown, that an effective removal of SMX down to concentrations below 60 ng/L is possible under aerobic as well as under anoxic and anaerobic conditions. Under lab conditions biodegradation is more effective with aerobic infiltration than with anoxic one, whereas strongly anaerobic conditions can lead to the same removal as reported for the aerobic case. An elevated initial concentration leads to an enhanced removal. Redox-sensitive dissipation time for 50 % of the initial concentration could be derived from kinetic analysis of the determined data. It reaches 91 days in the anoxic experiment. Therefore a retention time of months to years has to be provided at real subsoil passage sites to ensure the transformation of SMX and likely other poorly degradable compounds. It took a considerable long adaptation time of up to 24 months until transformation of SMX, which can be assigned to specifically adapted microorganisms and not to cometabolic mechanisms, reached a stable level. To develop the complete potential for removal of poorly degradable micropollutants, this has to be considered also for new bank filtration and groundwater recharge sites as well as for possibly varying raw water quality. Due to this long adaptation time, long term studies taking into account the named key parameters are necessary, to obtain results of practical relevance for the removal of micropollutants in microbial systems. Sediment-Water-Batch-Tests, for which a special procedure has been developed, are only suitable to predict qualitative trends.</dc:description>
          <dc:date>2013-06-21</dc:date>
          <dc:type>doctoralthesis</dc:type>
          <dc:type>doc-type:doctoralthesis</dc:type>
          <dc:format>application/pdf</dc:format>
          <dc:format>application/pdf</dc:format>
          <dc:identifier>http://opus4.kobv.de/opus4-tuberlin/frontdoor/index/index/docId/1045</dc:identifier>
          <dc:identifier>urn:nbn:de:kobv:83-opus-40397</dc:identifier>
          <dc:identifier>http://nbn-resolving.de/urn/resolver.pl?urn:nbn:de:kobv:83-opus-40397</dc:identifier>
          <dc:identifier>978-3-86948-409-9</dc:identifier>
          <dc:identifier>http://opus4.kobv.de/opus4-tuberlin/files/1045/baumgarten_benno_content.pdf</dc:identifier>
          <dc:identifier>http://opus4.kobv.de/opus4-tuberlin/files/1045/baumgarten_benno_cover.pdf</dc:identifier>
          <dc:language>deu</dc:language>
          <dc:rights>Deutsches Urheberrecht mit Print on Demand (u.a. für Dissertationen empfohlen)</dc:rights>
        </oai_dc:dc>
      </metadata>
    </record>
  </GetRecord>
</OAI-PMH>
