<?xml version="1.0" encoding="utf-8"?>
<?xml-stylesheet type="text/xsl" href="xsl/oai2.xsl"?><OAI-PMH xmlns="http://www.openarchives.org/OAI/2.0/" xmlns:xsi="http://www.w3.org/2001/XMLSchema-instance" xsi:schemaLocation="http://www.openarchives.org/OAI/2.0/ http://www.openarchives.org/OAI/2.0/OAI-PMH.xsd">
  <responseDate>2014-10-15T06:44:33Z</responseDate>
  <request verb="GetRecord" metadataPrefix="oai_dc" identifier="oai:kobv.de-opus4-tuberlin:100">http://opus4.kobv.de/opus4-tuberlin/oai</request>
  <GetRecord>
    <record>
      <header>
        <identifier>oai:kobv.de-opus4-tuberlin:100</identifier>
        <datestamp>2013-07-01</datestamp>
        <setSpec>doc-type:doctoralthesis</setSpec>
        <setSpec>bibliography:false</setSpec>
        <setSpec>ddc</setSpec>
        <setSpec>ddc:600</setSpec>
      </header>
      <metadata>
        <oai_dc:dc xmlns:oai_dc="http://www.openarchives.org/OAI/2.0/oai_dc/" xmlns:dc="http://purl.org/dc/elements/1.1/" xsi:schemaLocation="http://www.openarchives.org/OAI/2.0/oai_dc/ http://www.openarchives.org/OAI/2.0/oai_dc.xsd">
          <dc:title xml:lang="deu">Beanspruchung der Autofahrers durch Monotonie : Eine Untersuchung mit blick- und lidmotorischen Parametern</dc:title>
          <dc:creator>Reitter, Christian</dc:creator>
          <dc:subject>ddc:600</dc:subject>
          <dc:description xml:lang="deu">Um die der Arbeit zugrundeliegende Frage beantworten zu können, Sind gegenwärtige Fahrzeuge in der Fahrgastzelle bereits so stark geräuschgedämpft, daß das Fehlen von Geräuschen zu meßbaren Beanspruchungen bei Langzeitautobahnfahrten des Fahrers führt, das heißt zu vorschneller Ermüdung?, wurde ein theoretischer Rahmen geschaffen, mit dessen Hilfe eine nennenswerte Beanspruchung erfaßt werden kann. Der theoretische Rahmen basiert auf der Adaption zweier Modelle, die in eines überführt wurden. Von dem einen Modell (Norman &amp; Shallice, 1986) wurde in erster Linie die Handlungsauswahl übernommen, vom zweiten Modell (Hockey, 1993) der Regulationsmechanismus. Das neue Modell (Reitter &amp; Galley) wurde zur Ableitung der Hypothesen über den Verlauf, die Stärke und möglicher Rangreihen physiologi-scher Parameter und Ergebnissen von Befragungen zur Interpretation von Beanspruchung und Monotonie des Autofahrers herangezogen. In dieser Arbeit wurden folgende Methoden angewendet: Spontane Blickverteilung: Hieraus werden diverse Parameter von Sakkaden und Lidschlägen ermittelt. Springender Punkt: Dies ist eine Blickbewegungsaufgabe, bei der ein beschleunigter Rechteck-Reiz (zwei alternierend aufleuchtende LEDs) mit den Augen verfolgt wird. Auch hier ergeben sich verschiedene Parameter. Zur Überprüfung der Hypothesen wurde ein neues Versuchsfahrzeug aufgebaut, welches als Besonderheit die Möglichkeit besaß, unterschiedliche fahrzeugeigene Geräuschquellen in modi-fizierter Form online in die Fahrerkabine einzuspielen, ohne daß dies von dem Fahrer bewußt wahrgenommen wurde. Den Teilnehmern wurden modifizierte Motorengeräusche in die Fahrerkabine eingespielt: (SD0) das Fahrzeuggeräusch ohne zusätzlich eingespielte Geräusche, sozusagen der Grundzustand, an dem die Änderungen gemessen werden können, (SD1) das Fahrzeug mit zusätzlich den hohen Komponenten des Motorengeräusches und (SD2) das Fahrzeug mit zusätzlich den tiefen Kom-ponenten des Motorengeräusches. Es wurden sechs Teilnehmer gebeten, jeweils drei Mal eine längere Strecke zu fahren. Für jede der drei Fahrten wurde eine der drei Geräuschmodifikationen von den Teilnehmern unbemerkt in einer anderen Reihenfolge umgesetzt. Die Versuchsstrecke und die Randbedingungen des Ver-suchs wurden so gewählt, daß die Effekte der Beanspruchung durch Monotonie verstärkt wurden. Als Ergebnis zeigt sich, daß im niedrigen Frequenzbereich bereits nicht mehr zwischen einer Zu- oder Abnahme der Beanspruchung sinnvoll differenziert werden kann, im hohen Frequenzbereich jedoch durchaus noch Potential für Optimierungen vorhanden zu sein scheint, und daß die Fahrten ohne eingespielte Geräusche entgegen einer ersten Arbeitshypothese nicht beanspruchender oder monotonisierender wirken als die Fahrten mit eingespielten Geräuschen. Des weiteren konnten besonders geeignete Blickbewegungsparameter separiert werden, um Beanspruchung bei Langstreckenfahrten aufzuzeigen. Die Kernaussagen dieser Arbeit sind: * Die Soundbedingungen SD0-ohne und SD2-tief sind ununterscheidbar und weniger beanspru-chend als SD1-hoch. * Es gibt vier sehr gute Parameter, die sich aus dem Springenden Punkt, und drei weitere, die sich aus den spontanen Blickverteilungen ableiten lassen. * Aversiv getönte Aktivation führt zu Ermüdung. * Monotonie tritt auf, wenn drei Randbedingungen erfüllt werden: (1) einförmige Umweltbedin-gungen, (2) eingeschränkte Handlungsoptionen und (3) aversiv wahrgenommene Situationen.</dc:description>
          <dc:date>2001-12-17</dc:date>
          <dc:type>doctoralthesis</dc:type>
          <dc:type>doc-type:doctoralthesis</dc:type>
          <dc:format>application/pdf</dc:format>
          <dc:identifier>http://opus4.kobv.de/opus4-tuberlin/frontdoor/index/index/docId/100</dc:identifier>
          <dc:identifier>urn:nbn:de:kobv:83-opus-959</dc:identifier>
          <dc:identifier>http://nbn-resolving.de/urn/resolver.pl?urn:nbn:de:kobv:83-opus-959</dc:identifier>
          <dc:identifier>http://opus4.kobv.de/opus4-tuberlin/files/100/reitter_christian.pdf</dc:identifier>
          <dc:language>deu</dc:language>
          <dc:rights>Deutsches Urheberrecht mit Print on Demand (u.a. für Dissertationen empfohlen)</dc:rights>
        </oai_dc:dc>
      </metadata>
    </record>
  </GetRecord>
</OAI-PMH>
