<?xml version="1.0" encoding="utf-8"?>
<?xml-stylesheet type="text/xsl" href="xsl/oai2.xsl"?><OAI-PMH xmlns="http://www.openarchives.org/OAI/2.0/" xmlns:xsi="http://www.w3.org/2001/XMLSchema-instance" xsi:schemaLocation="http://www.openarchives.org/OAI/2.0/ http://www.openarchives.org/OAI/2.0/OAI-PMH.xsd">
  <responseDate>2014-10-15T06:44:35Z</responseDate>
  <request verb="GetRecord" metadataPrefix="oai_dc" identifier="oai:kobv.de-opus4-tuberlin:109">http://opus4.kobv.de/opus4-tuberlin/oai</request>
  <GetRecord>
    <record>
      <header>
        <identifier>oai:kobv.de-opus4-tuberlin:109</identifier>
        <datestamp>2013-07-01</datestamp>
        <setSpec>doc-type:doctoralthesis</setSpec>
        <setSpec>bibliography:false</setSpec>
        <setSpec>ddc</setSpec>
        <setSpec>ddc:530</setSpec>
      </header>
      <metadata>
        <oai_dc:dc xmlns:oai_dc="http://www.openarchives.org/OAI/2.0/oai_dc/" xmlns:dc="http://purl.org/dc/elements/1.1/" xsi:schemaLocation="http://www.openarchives.org/OAI/2.0/oai_dc/ http://www.openarchives.org/OAI/2.0/oai_dc.xsd">
          <dc:title xml:lang="deu">Elektroreflexion an CuInS2-Solarzellen im Hinblick auf die Optimierung der Prozeßparameter bei der Absorber-Herstellung</dc:title>
          <dc:creator>Henninger, Ralf Klaus</dc:creator>
          <dc:subject>ddc:530</dc:subject>
          <dc:description xml:lang="deu">Mit einem neuen sequentiellen Verfahren wurden CuInS2-Dünnfilme für die Solarzellen-Anwendung hergestellt. Die Qualität dieser Schichten und damit der Solarzellenwirkungsgrad hängen von den Prozeßparametern des sequentiellen Prozesses ab. Elektroreflexion wurde als Meßverfahren zur Charakterisierung der fertigen Solarzellen eingesetzt. Dieses Verfahren ist geeignet um optische Eigenschaften, wie die Bandlückenenergie, zu bestimmen und Fremdphasen in der Nähe des pn-Überganges sowie Defekte im Halbleiter nachzuweisen. In Elektroreflexionsmessungen an den hergestellten Dünnfilmsolarzellen zeigte sich deutlich eine Abhängigkeit des Schicht-wachstums von den Prozeßparametern Kupfer-Indium-Verhältnis und Sulfurisierungstemperatur. Aus der Korrelation der Elektroreflexionsergebnisse mit Photolumineszenz-, Röntgenbeugungs- und Quantenausbeutemessungen wurde ein Modell zur Schichtbildung von CuInS2 abgeleitet. Solarzellen aus optimierten CuInS2-Schichten lieferten einen bestätigten Wirkungsgrad von 12,5% bezogen auf die aktive Solarzellenfläche. Dies ist der höchste Wirkungsgrad, der für diesen Typ von Solarzelle bisher erreicht wurde.</dc:description>
          <dc:description xml:lang="eng">CuInS2 thin film solar cells were prepared by a new sequential process. The quality of these layers and the conversion efficiency of the solar cells depends on the process parameters of the sequential process. Electroreflectance measurements are used to characterize these solar cells. This method is suitable to measure optical properties like band gap energy and to detect secondary phases in the vicinity of the heterojunction and defects in the semiconductor. Electroreflectance measurements of the thin film solar cells shows clearly a dependence of film growth from the process parameters copper to indium ratio and sulfurization temperature. From the correlation of electroreflectance results with photoluminescence, X-ray-diffraction and external quantum efficiency measurements a model of film growth was derived. Solar cells made from optimized CuInS2 films reach an active area efficiency of 12,5 %. This is the best efficiency reported so far for this type of solar cell.</dc:description>
          <dc:date>2001-03-01</dc:date>
          <dc:type>doctoralthesis</dc:type>
          <dc:type>doc-type:doctoralthesis</dc:type>
          <dc:format>application/pdf</dc:format>
          <dc:identifier>http://opus4.kobv.de/opus4-tuberlin/frontdoor/index/index/docId/109</dc:identifier>
          <dc:identifier>urn:nbn:de:kobv:83-opus-1042</dc:identifier>
          <dc:identifier>http://nbn-resolving.de/urn/resolver.pl?urn:nbn:de:kobv:83-opus-1042</dc:identifier>
          <dc:identifier>http://opus4.kobv.de/opus4-tuberlin/files/109/henninger_ralf.pdf</dc:identifier>
          <dc:language>deu</dc:language>
          <dc:rights>Deutsches Urheberrecht mit Print on Demand (u.a. für Dissertationen empfohlen)</dc:rights>
        </oai_dc:dc>
      </metadata>
    </record>
  </GetRecord>
</OAI-PMH>
