<?xml version="1.0" encoding="utf-8"?>
<?xml-stylesheet type="text/xsl" href="xsl/oai2.xsl"?><OAI-PMH xmlns="http://www.openarchives.org/OAI/2.0/" xmlns:xsi="http://www.w3.org/2001/XMLSchema-instance" xsi:schemaLocation="http://www.openarchives.org/OAI/2.0/ http://www.openarchives.org/OAI/2.0/OAI-PMH.xsd">
  <responseDate>2014-10-15T06:49:18Z</responseDate>
  <request verb="GetRecord" metadataPrefix="oai_dc" identifier="oai:kobv.de-opus4-tuberlin:1112">http://opus4.kobv.de/opus4-tuberlin/oai</request>
  <GetRecord>
    <record>
      <header>
        <identifier>oai:kobv.de-opus4-tuberlin:1112</identifier>
        <datestamp>2013-07-01</datestamp>
        <setSpec>doc-type:doctoralthesis</setSpec>
        <setSpec>bibliography:false</setSpec>
        <setSpec>ddc</setSpec>
        <setSpec>ddc:620</setSpec>
      </header>
      <metadata>
        <oai_dc:dc xmlns:oai_dc="http://www.openarchives.org/OAI/2.0/oai_dc/" xmlns:dc="http://purl.org/dc/elements/1.1/" xsi:schemaLocation="http://www.openarchives.org/OAI/2.0/oai_dc/ http://www.openarchives.org/OAI/2.0/oai_dc.xsd">
          <dc:title xml:lang="eng">Effect of Temperature and Environment on the Deformation Mechanisms of Austenitic Steels during Cryogenic Wear</dc:title>
          <dc:title xml:lang="deu">Einfluß der Temperatur und der Umgebungsbedingungen auf die Verformungsmechanismen austenitischer Stähle bei Kryo-Verschleiß</dc:title>
          <dc:creator>Pinto, Haroldo</dc:creator>
          <dc:subject>ddc:620</dc:subject>
          <dc:description xml:lang="eng">The low temperature technology comprises developments in the space technology and applications of superconductivity. Cryogenic temperatures are encountered e.g. in superconducting magnets and magnetic resonance tomographs, where liquid helium (LHe) is employed as cooling agent, and in the aerospace technology, where liquid hydrogen (LH2) became the standard propellant. Hydrogen represents an important alternative to fossil fuels. The liquefied form, at cryogenic temperatures of about 20K, is particularly attractive due to the possibility of stocking a large quantity of hydrogen within a small volume. In moving machine parts cryogenic temperatures and the presence of hydrogen strongly affect the deformation mechanisms and subsequently component failure. Austenitic stainless steels are materials commonly used in cryotechnology. At extremely low temperatures these steels still exhibit good mechanical properties along with sufficient ductility. However, high mechanical loads combined with low temperatures may induce martensitic transfomation. The formation of martensite within the worn surface enhances strength but also causes embrittlement. This could influence the degradation process of cryogenic machine components and disturbs the superconductive effect due to its ferromagnetism. The aim of the present work was the investigation of the influence of temperature, environment and loading conditions on the martensitic transformation and the microstructural deterioration of austenitic stainless steels during cryogenic wear. X-ray diffraction and microscopy studies were carried out on samples worn at room temperature in air with different humidities, at 77 K in LN2, at 20 K in LH2 and at 4.2 K in LHe. Results show that martensitic transformation in austenitic steels can be supressed by increased Ni-contents or its replacement by Mn. It can be shown that strain induced ƒÑ-martensite does not cause a loss of wear resistance at cryogenic temperatures. A decrease of temperature causes changes in the deformation mechanisms and results in embrittlement in liquid hydrogen. The amount of hydrogen induced surface cracks depends on the alloy composition and is not necessarily correlated to the wear resistance of the austenitic steels.</dc:description>
          <dc:description xml:lang="deu">Die Tieftemperatur-Technologie findet Anwendung in der Raumfahrttechnik und in der Supraleitung. Kryogene Temperaturen treten z.B. in supraleitenden Magneten und Kernspintomographen auf, wo flüssiges Helium (LHe) als Kühlmittel eingesetzt wird, und in der Raketentechnik, wo sich flüssiger Wasserstoff (LH2) als Standardtreibstoff bewährte. Wasserstoff stellt eine wichtige Alternative zu fossilen Brennstoffen dar. Bei kryogenen Temperaturen von etwa 20 K ermöglicht die flüssige Form, große Wasserstoffmengen in einem kleinen Volumen speichern zu können. In beweglichen Maschinenkomponenten beeinflussen sowohl tiefe Temperaturen als auch die Anwesenheit von Wasserstoff die Verformungsmechanismen und dementsprechend das Versagen von Bauteilen. Austenitische rostfreie Stähle werden in der Kryotechnik als Standardwerkstoffe eingesetzt. In tiefkalten Medien verfügen diese Stähle noch über eine gute mechanische Festigkeit mit ausreichender Duktilität. Hohe mechanische Belastungen bei extrem tiefen Temperaturen können jedoch zur martensitischen Umwandlung führen. Die Martensitbildung innerhalb der verschlissenen Oberfläche erhöht die Festigkeit, führt aber zur Versprödung. Dies kann den Schädigungsmechanismus von in tiefkalten Medien eingesetzten Bauteilen beeinflussen und stört den Supraleitungseffekt infolge seines ferromagnetischen Verhaltens. Ziel dieser Arbeit war die Untersuchung des Einflusses von Temperatur, Umgebung und Belastung auf die martensitische Umwandlung und die Werkstoffschädigung von austenitischen rostfreien Stähle bei Kryoverschleiß. Untersuchungen mittels Röntgendiffraktion und Mikroskopie wurden an Proben, die bei Raumtemperatur und verschiedenen Luftfeuchten, bei 77 K im flüssigen Stickstoff, bei 20 K im flüssigen Wasserstoff und 4.2 K im flüssigen Helium verschlissen wurden, durchgeführt. Die Ergebnisse zeigen, dass sich die martensitische Umwandlung in austenitischen Stähle durch erhöhte Ni- und Mn-Gehalte unterdrücken lässt. Sinkende Temperaturen verändern die Verformungsmechanismen und führen zur Versprödung in LH2. Die wasserstoffinduzierte Rissbildung hängt von der Legierungszusammensetzung ab und beeinflusst den Verschleißwiderstand der austenitischen Stähle nicht.</dc:description>
          <dc:date>2005-10-12</dc:date>
          <dc:type>doctoralthesis</dc:type>
          <dc:type>doc-type:doctoralthesis</dc:type>
          <dc:format>application/pdf</dc:format>
          <dc:identifier>http://opus4.kobv.de/opus4-tuberlin/frontdoor/index/index/docId/1112</dc:identifier>
          <dc:identifier>urn:nbn:de:kobv:83-opus-10693</dc:identifier>
          <dc:identifier>http://nbn-resolving.de/urn/resolver.pl?urn:nbn:de:kobv:83-opus-10693</dc:identifier>
          <dc:identifier>http://opus4.kobv.de/opus4-tuberlin/files/1112/pinto_haroldo.pdf</dc:identifier>
          <dc:language>eng</dc:language>
          <dc:rights>Deutsches Urheberrecht mit Print on Demand (u.a. für Dissertationen empfohlen)</dc:rights>
        </oai_dc:dc>
      </metadata>
    </record>
  </GetRecord>
</OAI-PMH>
