<?xml version="1.0" encoding="utf-8"?>
<?xml-stylesheet type="text/xsl" href="xsl/oai2.xsl"?><OAI-PMH xmlns="http://www.openarchives.org/OAI/2.0/" xmlns:xsi="http://www.w3.org/2001/XMLSchema-instance" xsi:schemaLocation="http://www.openarchives.org/OAI/2.0/ http://www.openarchives.org/OAI/2.0/OAI-PMH.xsd">
  <responseDate>2014-10-15T06:50:33Z</responseDate>
  <request verb="GetRecord" metadataPrefix="oai_dc" identifier="oai:kobv.de-opus4-tuberlin:1311">http://opus4.kobv.de/opus4-tuberlin/oai</request>
  <GetRecord>
    <record>
      <header>
        <identifier>oai:kobv.de-opus4-tuberlin:1311</identifier>
        <datestamp>2013-07-01</datestamp>
        <setSpec>doc-type:doctoralthesis</setSpec>
        <setSpec>bibliography:false</setSpec>
        <setSpec>ddc</setSpec>
        <setSpec>ddc:600</setSpec>
      </header>
      <metadata>
        <oai_dc:dc xmlns:oai_dc="http://www.openarchives.org/OAI/2.0/oai_dc/" xmlns:dc="http://purl.org/dc/elements/1.1/" xsi:schemaLocation="http://www.openarchives.org/OAI/2.0/oai_dc/ http://www.openarchives.org/OAI/2.0/oai_dc.xsd">
          <dc:title xml:lang="deu">Entwurf eines trajektorien-modulierten Höchstfrequenz-Klystrons</dc:title>
          <dc:title xml:lang="eng">Design of a trajektory-modulated W-band klystron</dc:title>
          <dc:creator>Wegner, Rolf Christian</dc:creator>
          <dc:subject>ddc:600</dc:subject>
          <dc:description xml:lang="deu">Für Teilchenbeschleuniger, die im Frequenzbereich des W-Bandes arbeiten, sind der¬zeit nur wenige Verstärker mit Ausgangsleistungen von einigen Kilowatt verfügbar. Dichte-modulierte Klystrons stoßen wegen der benötigten Resonatordimensionen im Bereich einiger Millimeter an Grenzen, die die defokussierenden Coulombkräfte und die Verlustleistung in den Resonatoren setzen, so dass ihre Effizienz und die erlaubten An-Aus-Tastverhältnisse vergleichsweise gering ausfallen. Dies motivierte den Entwurf eines trajektorien-modulierten W-Band Klystrons, bei dem der Elektronenstrahl räumlich ausgelenkt wird. Durch das Ablenkverhalten bedingt, wurde ein Oberwellenklystron entwickelt, bei dem die Modulationsfrequenz 30 GHz beträgt und die dritte Harmonische (bei 90 GHz) ausgekoppelt wird. Dem dadurch sinkenden Wirkungsgrad stehen zwei Vorteile gegenüber: Zum Ersten kann die benötigte Modulationsleistung von 18 W bei 30 GHz durch Halbleiterverstärker erzeugt werden und zum Zweiten verdoppelt sich durch die Oberwellenanregung die kühlbare Fläche des Ausgangsresonators, so dass das entworfene Klystron mit einem duty cycle von 5-10 % betrieben werden kann und eine Spitzen-Ausgangsleistung von 6,3 kW bereitstellt. Der Gesamtwirkungsgrad wird durch einen Depressed Collector von 6,3 % auf 20 % angehoben.</dc:description>
          <dc:description xml:lang="eng">At the moment there are only a limited number of W-band amplifiers for particle accelerators available, which are capable of producing a few kilowatts of output power. Density-modulated klystrons in this field have low efficiencies. As the resonators are small (dimensions of a few millimetres), also the cross section of the electron beam needs to be small. This increases the Coulomb forces, which counteract the bunching process. Furthermore, the permitted duty cycle is limited by the capabilities for cooling and hence the resonator size. These features motivated a design of a trajectory-modulated klystron in which the electron beam is deflected instead of bunched. Due to the properties of the deflection unit, the input frequency was chosen to be 30 GHz whereas the output frequency is 90 GHz. This leads to a decrease in efficiency while at the same time there are two major advantages: Firstly, the input signal of a power level of 18 W can be generated by semiconductor amplifiers and secondly, the use of the third harmonics doubles the surface area of the output resonator and hence a duty cycle of 5-10% can be allowed. The output peak power is 6.3 kW. The total efficiency was increased from 6.3% to 20% by using a depressed collector.</dc:description>
          <dc:date>2006-08-10</dc:date>
          <dc:type>doctoralthesis</dc:type>
          <dc:type>doc-type:doctoralthesis</dc:type>
          <dc:format>application/pdf</dc:format>
          <dc:identifier>http://opus4.kobv.de/opus4-tuberlin/frontdoor/index/index/docId/1311</dc:identifier>
          <dc:identifier>urn:nbn:de:kobv:83-opus-13434</dc:identifier>
          <dc:identifier>http://nbn-resolving.de/urn/resolver.pl?urn:nbn:de:kobv:83-opus-13434</dc:identifier>
          <dc:identifier>http://opus4.kobv.de/opus4-tuberlin/files/1311/wegner_rolf.pdf</dc:identifier>
          <dc:language>deu</dc:language>
          <dc:rights>Deutsches Urheberrecht mit Print on Demand (u.a. für Dissertationen empfohlen)</dc:rights>
        </oai_dc:dc>
      </metadata>
    </record>
  </GetRecord>
</OAI-PMH>
