<?xml version="1.0" encoding="utf-8"?>
<?xml-stylesheet type="text/xsl" href="xsl/oai2.xsl"?><OAI-PMH xmlns="http://www.openarchives.org/OAI/2.0/" xmlns:xsi="http://www.w3.org/2001/XMLSchema-instance" xsi:schemaLocation="http://www.openarchives.org/OAI/2.0/ http://www.openarchives.org/OAI/2.0/OAI-PMH.xsd">
  <responseDate>2014-10-15T06:44:36Z</responseDate>
  <request verb="GetRecord" metadataPrefix="oai_dc" identifier="oai:kobv.de-opus4-tuberlin:113">http://opus4.kobv.de/opus4-tuberlin/oai</request>
  <GetRecord>
    <record>
      <header>
        <identifier>oai:kobv.de-opus4-tuberlin:113</identifier>
        <datestamp>2013-07-01</datestamp>
        <setSpec>doc-type:doctoralthesis</setSpec>
        <setSpec>bibliography:false</setSpec>
        <setSpec>ddc</setSpec>
        <setSpec>ddc:300</setSpec>
      </header>
      <metadata>
        <oai_dc:dc xmlns:oai_dc="http://www.openarchives.org/OAI/2.0/oai_dc/" xmlns:dc="http://purl.org/dc/elements/1.1/" xsi:schemaLocation="http://www.openarchives.org/OAI/2.0/oai_dc/ http://www.openarchives.org/OAI/2.0/oai_dc.xsd">
          <dc:title xml:lang="deu">ORIENTierungen : eine Untersuchung zum Selbstverständnis engagierter Frauen der deutschen Mehrheitsgesellschaft in ihren Beziehungen zu Frauen nichtdeutscher Herkunft</dc:title>
          <dc:creator>Levasseur, Doris</dc:creator>
          <dc:subject>ddc:300</dc:subject>
          <dc:description xml:lang="deu">Beziehungen und die Kommunikation zwischen Frauen unterschiedlicher Gruppenzugehörigkeiten sind nicht unabhängig von der gesellschaftlichen Wirklichkeit des De-Facto-Einwanderungsland Deutschland. Seit Mitte der 80er Jahre wird denjenigen deutschen Frauen, die sich in Kontakten zu nichtdeutschen Frauen engagieren, von ebendiesen vorgeworfen, erstens alle Frauen weltweit qua Geschlecht als homogene Gruppe wahrzunehmen und so Unterschiede zwischen Frauen auszublenden, und zweitens "kulturell dominante" und damit ausgrenzende Verhaltensweisen der Mehrheitsgesellschaft trotz ihres Engagements unreflektiert zu übernehmen. Ihr Sichtweisen unterliegen dem herrschenden Diskurs ihrer Gesellschaftsgruppe, in welchem fremde Frauen als fundamental anders definiert werden, d. h. als "orientalisch" - im Sinne von besonders fremd und islamisch-patriarchalisch geprägt. In der Untersuchung werden die Selbstkonstruktionen von Frauen der deutschen Mehrheitsgesellschaft analysiert sowie ihre Konstrukte der angeblich differenten Frauen. Es sollte herausgefunden werden, welche Bedeutung Zugehörigkeiten und mehrheitsübliche Fremdbilder für das individuelle Selbstbild haben und wie dieses wiederum die Verhaltensweisen in der Kommunikation mit nichtdeutschen Frauen prägt. Schwerpunkt der Analyse sind 15 qualitative offene Interviews mit Frauen der deutschen Mehrheitsgesellschaft zwischen 23 und 49 Jahren. Kriterium zur Auswahl der Interviewpartnerinnen waren der bestehende Kontakt zu Frauen nichtdeutscher Herkunft. Grundlage der Interpretation der Aussagen sind ausschließlich die Definitionen und die subjektiven Deutungen der befragten Frauen über ihre Zugehörigkeit und über die der nichtdeutschen Frauen. Es wurden daher keine Vorab-Hypothesen aufgestellt und kein Fragenkatalog von vornherein festgelegt. Grundsätzlich wird die Gruppenzugehörigkeit zur Mehrheitsgruppe von den befragten deutschen Frauen negativ gedeutet und ein nationales Wir-Gefühl einer überlegenen Gruppe abgelehnt. Die Befragten definieren sich selbst als "atypisch-marginal" außerhalb gesellschaftlicher Kategorisierungen. Die deutschen Frauen kategorisieren gleichgeschlechtliche Minderheitsangehörige vorwiegend unter dem Aspekt: dem Selbst ähnlich oder unähnlich; sie nehmen sie entweder als traditionelle "türkische Frauen"wahr und übernehmen dabei überlieferte Fremdbilder der Mehrheitsgesellschaft, oder aber sehen sie als nicht traditionelle "sogenannte türkische Frauen", die maximal mit ihrem Selbstbild übereinstimmen und mit denen sich deshalb ein Kontakt "lohnt". Diese Einordnung ist indes völlig unabhängig von realen Bedingungen und Seinsweisen nichtdeutscher Frauen. Sie beruht vor allem auf der Konstruktion der deutschen Frauen und auf ihrem Interesse, ihre Weltsicht in der Wirklichkeit wiederzufinden sowie persönliche Bedürfnissse, z. B. nach Anerkennung, durch Beziehungen zu nichtdeutschen Frauen durchzusetzen. Das Verhalten gegenüber nichtdeutschen Frauen auf allen möglichen Kontaktebenen ist bestimmt von diesem ego-zentrierten Selbstverständnis der befragten Frauen und von der Möglichkeit, das Gegenüber "anzugleichen", zu einem Spiegelbild des Selbsts machen zu können. Dazu wird auch die übergeordnete Position als Angehörige der Mehrheitsgesellschaft genutzt. Verstehen und Verständnis ist für diese deutschen Frauen nicht das vorrangige Ziel von Kommunikation mit Frauen nichtdeutscher Herkunft. Durch gedankliches Gleichmachen oszillieren ihre Handlungen zwischen gewolltem Einschluß der Frauen nichtdeutscher Herkunft und ihrem faktischen Ausschluß.</dc:description>
          <dc:date>2000-07-07</dc:date>
          <dc:type>doctoralthesis</dc:type>
          <dc:type>doc-type:doctoralthesis</dc:type>
          <dc:format>application/pdf</dc:format>
          <dc:identifier>http://opus4.kobv.de/opus4-tuberlin/frontdoor/index/index/docId/113</dc:identifier>
          <dc:identifier>urn:nbn:de:kobv:83-opus-1085</dc:identifier>
          <dc:identifier>http://nbn-resolving.de/urn/resolver.pl?urn:nbn:de:kobv:83-opus-1085</dc:identifier>
          <dc:identifier>http://opus4.kobv.de/opus4-tuberlin/files/113/levasseur_doris.pdf</dc:identifier>
          <dc:language>deu</dc:language>
          <dc:rights>Deutsches Urheberrecht mit Print on Demand (u.a. für Dissertationen empfohlen)</dc:rights>
        </oai_dc:dc>
      </metadata>
    </record>
  </GetRecord>
</OAI-PMH>
