<?xml version="1.0" encoding="utf-8"?>
<?xml-stylesheet type="text/xsl" href="xsl/oai2.xsl"?><OAI-PMH xmlns="http://www.openarchives.org/OAI/2.0/" xmlns:xsi="http://www.w3.org/2001/XMLSchema-instance" xsi:schemaLocation="http://www.openarchives.org/OAI/2.0/ http://www.openarchives.org/OAI/2.0/OAI-PMH.xsd">
  <responseDate>2014-10-15T06:49:55Z</responseDate>
  <request verb="GetRecord" metadataPrefix="oai_dc" identifier="oai:kobv.de-opus4-tuberlin:1178">http://opus4.kobv.de/opus4-tuberlin/oai</request>
  <GetRecord>
    <record>
      <header>
        <identifier>oai:kobv.de-opus4-tuberlin:1178</identifier>
        <datestamp>2013-07-01</datestamp>
        <setSpec>doc-type:doctoralthesis</setSpec>
        <setSpec>bibliography:false</setSpec>
        <setSpec>ddc</setSpec>
        <setSpec>ddc:530</setSpec>
      </header>
      <metadata>
        <oai_dc:dc xmlns:oai_dc="http://www.openarchives.org/OAI/2.0/oai_dc/" xmlns:dc="http://purl.org/dc/elements/1.1/" xsi:schemaLocation="http://www.openarchives.org/OAI/2.0/oai_dc/ http://www.openarchives.org/OAI/2.0/oai_dc.xsd">
          <dc:title xml:lang="eng">Investigation of photoionization processes in the 3d-transition metal compounds FeCl2, FeBr2 and CoCl2</dc:title>
          <dc:title xml:lang="deu">Untersuchung von Photoionisationsprozessen in den 3d –Übergangsmetalverbindungen  FeCl2 FeBr2 und CoCl2</dc:title>
          <dc:creator>Al-Hada, Mohamed</dc:creator>
          <dc:subject>ddc:530</dc:subject>
          <dc:description xml:lang="eng">In order to have a better understanding of the interplay of intra-atomic and interatomic interaction in the comparison of the molecular spectra with the corresponding atomic on the one hand and with the solid spectra on the other hand, a detailed analysis of the electronic and magnetic structure is absolutely needed. The key of the magnetic and electronic properties of these compound systems are the 3d electrons. Analysis of these can be accomplished by exciting 3p electrons into 3d shell or by a direct exciting of the 3d electron. 3p photoabsorption spectra of the FeCl2, FeBr2 and CoCl2 show a degree of similarity when compared to the corresponding spectra of the Fe and Co respectively. The comparison of the 3p photoelectron spectra of FeCl2, FeBr2 and CoCl2 with the corresponding 3p photoelectron spectra of the atomic Fe and Co respectively shows the more distinctive influence of the molecular binding on the valence electron. A further investigation of the influence of the molecular binding on the valence electron was made through the comparison of the 3p with 2p photoelectron data of the FeCl2.</dc:description>
          <dc:description xml:lang="deu">Um die intra-atomare und interatomare Wechselwirkung im Vergleich der Molekülspektren mit den korrespondierenden Atom auf der einen Seite und mit den Festkörperspektren auf der anderen Seite besser zu verstehen, ist eine detaillierte Analyse der elektronischen und magnetischen Struktur notwendig. Der Schlüssel zu den magnetischen und elektronischen Eigenschaften dieser Verbindungen sind die 3d-Elektronen. Sie können durch die Anregung von 3p-Elektronen in die 3d-Schale oder durch eine direkte Anregung des 3p-Elektrons analysiert werden. Die 3p-Photoabsorptions-Spektren von FeCl2, FeBr2 und CoCl2 weisen ein hohes Maß an Gleichheit auf, wenn sie mit den korrespondierenden Atomarenspektren verglichen werden. Der Vergleich der 3p-Photoelektronen-Spektren von FeCl2, FeBr2 und CoCl2 mit den korrespondierenden 3p-Photoelektronen-Spektren von atomarem Fe und Co zeigt einen deutlichen Einfluss der Molekülbindung auf das Valenzelektron. Eine weitere Untersuchung des Einflusses der Molekülbindung auf das Valenzelektron wurde durch den Vergleich der 3p mit den 2p Photoelektron Daten von FeCl2 durchgeführt</dc:description>
          <dc:date>2005-12-23</dc:date>
          <dc:type>doctoralthesis</dc:type>
          <dc:type>doc-type:doctoralthesis</dc:type>
          <dc:format>application/pdf</dc:format>
          <dc:identifier>http://opus4.kobv.de/opus4-tuberlin/frontdoor/index/index/docId/1178</dc:identifier>
          <dc:identifier>urn:nbn:de:kobv:83-opus-11677</dc:identifier>
          <dc:identifier>http://nbn-resolving.de/urn/resolver.pl?urn:nbn:de:kobv:83-opus-11677</dc:identifier>
          <dc:identifier>http://opus4.kobv.de/opus4-tuberlin/files/1178/alhada_mohamed.pdf</dc:identifier>
          <dc:language>eng</dc:language>
          <dc:rights>Deutsches Urheberrecht mit Print on Demand (u.a. für Dissertationen empfohlen)</dc:rights>
        </oai_dc:dc>
      </metadata>
    </record>
  </GetRecord>
</OAI-PMH>
