<?xml version="1.0" encoding="utf-8"?>
<?xml-stylesheet type="text/xsl" href="xsl/oai2.xsl"?><OAI-PMH xmlns="http://www.openarchives.org/OAI/2.0/" xmlns:xsi="http://www.w3.org/2001/XMLSchema-instance" xsi:schemaLocation="http://www.openarchives.org/OAI/2.0/ http://www.openarchives.org/OAI/2.0/OAI-PMH.xsd">
  <responseDate>2014-10-15T06:50:54Z</responseDate>
  <request verb="GetRecord" metadataPrefix="oai_dc" identifier="oai:kobv.de-opus4-tuberlin:1400">http://opus4.kobv.de/opus4-tuberlin/oai</request>
  <GetRecord>
    <record>
      <header>
        <identifier>oai:kobv.de-opus4-tuberlin:1400</identifier>
        <datestamp>2013-07-01</datestamp>
        <setSpec>doc-type:doctoralthesis</setSpec>
        <setSpec>bibliography:false</setSpec>
        <setSpec>ddc</setSpec>
        <setSpec>ddc:540</setSpec>
      </header>
      <metadata>
        <oai_dc:dc xmlns:oai_dc="http://www.openarchives.org/OAI/2.0/oai_dc/" xmlns:dc="http://purl.org/dc/elements/1.1/" xsi:schemaLocation="http://www.openarchives.org/OAI/2.0/oai_dc/ http://www.openarchives.org/OAI/2.0/oai_dc.xsd">
          <dc:title xml:lang="deu">Synthese und photochrome Eigenschaften funktionalisierter Indolylfulgimide</dc:title>
          <dc:title xml:lang="eng">Synthesis and photochromic properties of fuctionalized indolylfulgimides</dc:title>
          <dc:creator>Dietrich, Steffen</dc:creator>
          <dc:subject>ddc:540</dc:subject>
          <dc:description xml:lang="deu">Fulgide und Fulgimide sind thermisch irreversible organische Photoschalter. Indolylsysteme zeichnen sich in der Verbindungsklasse durch hohe Ermüdungsresitenz aus, Indolylfulgimide sind durch ihre Stabilität in wässrigen Medien für biologische Anwendungen besonders interessant. Ziel der vorliegenden Arbeit war die Synthese aminosäurefunktionalisierter Indolylfulgimide zum Einbau in Peptide und Proteine. Dazu wurde ein 6-Bromindolylfulgid aufgebaut, das als Grundlage für schnelle und flexible Synthesen solcher Fulgimide dienen kann. Neben am Imidstickstoff einfach amino- und carboxylfunktionalisierten Indolylfulgimiden, wurde daraus durch übergangsmetallvermittelte C-C-Bindungsknüpfung in 6-Position am Indol auch ein Indolylfulgimid-alpha-aminosäurederivat erhalten. Darüber hinaus wurden die potochemischen Eigenschaften der synthetisierten Photoschalter mittels UV/VIS- und NMR-Spektroskopie sowie HPLC bestimmt. Der Einfluss einiger Parameter auf die Vergleichbarkeit der mittels NMR und HPLC bestimmten Photoisomerenverhältnisse wurde untersucht.</dc:description>
          <dc:description xml:lang="eng">Fulgides and fulgimides belong in a group of thermally irreversible organic photoswitches. Indolyl systems are especially fatique-resistant in this sub-group, fulgimides are interesting targets for biolgical applications due to their stability in aqueous media. This work is concerned with the synthesis of amino acid functionalized indolylfulgimides for the incorporation into peptides and proteins. A 6-bromo-indolylfulgide was synthesized as starting material for facile and versatile conversions to the functionalized fulgimides. Thus, indolylfulgimides with amino- or carboxyl functionalities in the imide moiety were synthesized. A transition metal catalyzed cross-coupling reaction in 6-position of the indole yielded an indolylfulgimide-alpha-amino acid derivative. The photochemical properties of the synthesized photoswitches were examined, using UV/VIS-spectroscopy, NMR-spectroscopy and HPLC.</dc:description>
          <dc:date>2006-12-20</dc:date>
          <dc:type>doctoralthesis</dc:type>
          <dc:type>doc-type:doctoralthesis</dc:type>
          <dc:format>application/pdf</dc:format>
          <dc:identifier>http://opus4.kobv.de/opus4-tuberlin/frontdoor/index/index/docId/1400</dc:identifier>
          <dc:identifier>urn:nbn:de:kobv:83-opus-14541</dc:identifier>
          <dc:identifier>http://nbn-resolving.de/urn/resolver.pl?urn:nbn:de:kobv:83-opus-14541</dc:identifier>
          <dc:identifier>http://opus4.kobv.de/opus4-tuberlin/files/1400/dietrich_steffen.pdf</dc:identifier>
          <dc:language>deu</dc:language>
          <dc:rights>Deutsches Urheberrecht mit Print on Demand (u.a. für Dissertationen empfohlen)</dc:rights>
        </oai_dc:dc>
      </metadata>
    </record>
  </GetRecord>
</OAI-PMH>
