<?xml version="1.0" encoding="utf-8"?>
<?xml-stylesheet type="text/xsl" href="xsl/oai2.xsl"?><OAI-PMH xmlns="http://www.openarchives.org/OAI/2.0/" xmlns:xsi="http://www.w3.org/2001/XMLSchema-instance" xsi:schemaLocation="http://www.openarchives.org/OAI/2.0/ http://www.openarchives.org/OAI/2.0/OAI-PMH.xsd">
  <responseDate>2014-10-15T06:44:34Z</responseDate>
  <request verb="GetRecord" metadataPrefix="oai_dc" identifier="oai:kobv.de-opus4-tuberlin:104">http://opus4.kobv.de/opus4-tuberlin/oai</request>
  <GetRecord>
    <record>
      <header>
        <identifier>oai:kobv.de-opus4-tuberlin:104</identifier>
        <datestamp>2013-07-01</datestamp>
        <setSpec>doc-type:doctoralthesis</setSpec>
        <setSpec>bibliography:false</setSpec>
        <setSpec>ddc</setSpec>
        <setSpec>ddc:620</setSpec>
      </header>
      <metadata>
        <oai_dc:dc xmlns:oai_dc="http://www.openarchives.org/OAI/2.0/oai_dc/" xmlns:dc="http://purl.org/dc/elements/1.1/" xsi:schemaLocation="http://www.openarchives.org/OAI/2.0/oai_dc/ http://www.openarchives.org/OAI/2.0/oai_dc.xsd">
          <dc:title xml:lang="deu">Wege zur Steigerung der Nutzenproduktivität von Ressourcen</dc:title>
          <dc:title xml:lang="eng">More Use with fewer Resources</dc:title>
          <dc:creator>Müller, Katrin</dc:creator>
          <dc:subject>ddc:620</dc:subject>
          <dc:description xml:lang="deu">Die Steigerung der Nutzenproduktivität von Ressourcen ist eine neue unternehmerische Herausforderung. Ziel ist es, mehr Nutzen mit weniger Ressourcen bereitzustellen. Die Rückgewinnung von Ressourcen in Produkt- und Materialkreisläufen bildet einen Schlüssel dazu. Die Auswahl der Rückgewinnungsmöglichkeiten von Materialien wird durch folgende Entwicklungen unterstützt. Für eine automatische Zuordnung und den Vergleich von Aufbereitungsprozessen wurde eine Prozeß- und Produktbeschreibung sowie ein Zuordnungsalgorithmus konzipiert. Wesentlich attraktiver für die Steigerung der Nutzenproduktivität der Ressourcen als die Materialrückgewinnung ist die erneute Verwendung von Produkten und Komponenten. Um die Verwendungsmöglichkeiten zu bestimmen, wurden Abnutzungen in physische Veränderungen und veränderte Anforderungen eingeteilt und in bezug zu ihrer Wertminderung gesetzt. Für die Identifizierung der physischen Abnutzungen können Life Cycle Units verwendet werden. Die Abschätzung von veränderten Anforderungen kann über Rückgewinnungsszenarien erfolgen. Hierfür wurden die Vorgehensweise spezifiziert und die Einflußfaktoren mit ihren Auswirkungen auf Art, Ort und Zeitpunkt der Rückgewinnung sowie Mengen, Aufwänden und Erlösen detailliert. Produkte wurden klassifiziert, in deren Abhängigkeit die relevanten Schlüsselfaktoren für die Rückgewinnungsszenarien leichter ermittelt werden können. Anpassen beispielsweise durch Aufarbeiten, Modernisieren, Erweitern oder Verkleinern ist eine Voraussetzung, um die erneute Verwendung von Produkten und Komponenten zu fördern. Hierdurch können Abnutzungen vermieden, vermindert oder beseitigt werden. Zur Verbesserung der Anpassungseignung von Produkten und Komponenten wurde eine Anpassungsmatrix entwickelt. Je geringer die Abnutzungen der Komponenten und je geringer der Verknüpfungsgrad zwischen ihnen desto größer kann ihr Verwendungspotential angenommen werden. Die Anpassungsmatrix zeigt damit gleichzeitig Schwachstellen in der Konstruktion. Um die Potentiale einer erneuten Verwendung von Produkten und Komponenten maximal zu fördern, wurde das Geschäftsfeld des Nutzenverkaufs als Alternative zum Produktverkauf genauer untersucht. Ausgehend von den Ergebnissen einer Akzeptanzstudie wurden die Anforderungen und Gestaltungskriterien von Nutzenangeboten spezifiziert. Für die wirtschaftliche Bewertung eines Nutzenverkaufs wurde die Produktlebenszyklusrechnung herangezogen. Trotz vorliegender Amortisationsrisiken konnte die wirtschaftliche Attraktivität von Nutzenangeboten gezeigt und wichtige Erfolgsfaktoren benannt werden.</dc:description>
          <dc:date>2001-05-25</dc:date>
          <dc:type>doctoralthesis</dc:type>
          <dc:type>doc-type:doctoralthesis</dc:type>
          <dc:format>application/pdf</dc:format>
          <dc:identifier>http://opus4.kobv.de/opus4-tuberlin/frontdoor/index/index/docId/104</dc:identifier>
          <dc:identifier>urn:nbn:de:kobv:83-opus-999</dc:identifier>
          <dc:identifier>http://nbn-resolving.de/urn/resolver.pl?urn:nbn:de:kobv:83-opus-999</dc:identifier>
          <dc:identifier>http://opus4.kobv.de/opus4-tuberlin/files/104/mueller_katrin.pdf</dc:identifier>
          <dc:language>deu</dc:language>
          <dc:rights>Deutsches Urheberrecht mit Print on Demand (u.a. für Dissertationen empfohlen)</dc:rights>
        </oai_dc:dc>
      </metadata>
    </record>
  </GetRecord>
</OAI-PMH>
