<?xml version="1.0" encoding="utf-8"?>
<?xml-stylesheet type="text/xsl" href="xsl/oai2.xsl"?><OAI-PMH xmlns="http://www.openarchives.org/OAI/2.0/" xmlns:xsi="http://www.w3.org/2001/XMLSchema-instance" xsi:schemaLocation="http://www.openarchives.org/OAI/2.0/ http://www.openarchives.org/OAI/2.0/OAI-PMH.xsd">
  <responseDate>2014-10-15T06:49:03Z</responseDate>
  <request verb="GetRecord" metadataPrefix="oai_dc" identifier="oai:kobv.de-opus4-tuberlin:1050">http://opus4.kobv.de/opus4-tuberlin/oai</request>
  <GetRecord>
    <record>
      <header>
        <identifier>oai:kobv.de-opus4-tuberlin:1050</identifier>
        <datestamp>2013-07-01</datestamp>
        <setSpec>doc-type:doctoralthesis</setSpec>
        <setSpec>bibliography:false</setSpec>
        <setSpec>ddc</setSpec>
        <setSpec>ddc:530</setSpec>
      </header>
      <metadata>
        <oai_dc:dc xmlns:oai_dc="http://www.openarchives.org/OAI/2.0/oai_dc/" xmlns:dc="http://purl.org/dc/elements/1.1/" xsi:schemaLocation="http://www.openarchives.org/OAI/2.0/oai_dc/ http://www.openarchives.org/OAI/2.0/oai_dc.xsd">
          <dc:title xml:lang="eng">Quasielastic neutron scattering study on the dynamical properties of an aromatic hydrogen bond</dc:title>
          <dc:creator>Jalarvo, Niina Henrietta</dc:creator>
          <dc:subject>ddc:530</dc:subject>
          <dc:description xml:lang="deu">Im Rahmen der vorliegenden Dissertation wurden die dynamischen Eigenschaften von aromatischen Wasserstoffverbindungen am Beispiel eines typischen Vertreters, Ammonium Tetraphenylborat (ATPB), mit Hilfe von quasielastischer inkohärenter Neutronenstreuung (QENS) in einem breiten Temperaturbereich von 20K bis 350K untersucht. In ATPB ist ein Ammonium-Kation zwischen vier Phenylringen benachbarter Tetraphenylborat-Anionen eingeschlossen. Dabei dient jeder einzelne Phenylring als ein Wasserstoffbindungsempfänger für das Ammonium-Ion. Zur Reproduktion der QENS-Spektren wurden verschiedene Modelle für die lokalen Diffusionsbewegungen des Ammonium-Ions und des Phenylrings herangezogen. Die Bewegungen des Ammonium-Ions wurden als kontinuierlicher Übergang von quantenmechanischen Rotationen bei tiefen Temperaturen zu klassischen diffusiven Rotationsbewegungen bei hohen Temperaturen interpretiert. Im Temperaturbereich von 67K bis 350K rotieren die Ammonium-Ionen um eine C2- oder C3-Achse. Die Korrelationszeit variiert für diese Bewegung von 12.5ps bei 350K bis 1253ps bei 67K. Als Aktivierungsenergie der Rotationen des Ammonium-Ions wurde 3.2kJ/mol ermittelt. Dies zeigt, dass die Energiebarriere für eine Rotation der Ammonium-Ionen extrem niedrig ist. Bei Temperaturen unterhalb von 67K wurden quantenmechanische Rotationen der Ammonium-Ionen beobachtet. Darüber hinaus wurden im Rahmen dieser Studie Librations-Anregungszustände von Ammonium bei 4.3meV und 8.2meV identifiziert. Bei Temperaturen oberhalb von 200K zeigten sich auf der gemessenen Zeitskala lokale diffusive Orientierungsbewegungen der Phenylringe. Diese Bewegungen werden als Librationen aus der Ebene der Phenylringe heraus bewertet. Umorientierungswinkel und Sprung-Frequenz der Librationen der Phenylringe nehmen bei steigenden Temperaturen zu. Bei Raumtemperatur betrug der Umorientierungswinkel der Librationen der Phenylringe 7 Grade und die Korrelationszeit 150ps. Dieses Ergebnis lässt die Vorstellungen von aromatischen Wasserstoff-bindungen in einem neuen Licht erscheinen. Die aromatischen Wasserstoffbindungen sind extrem flexibel und ermöglichen sowohl dem Donator als auch dem Akzeptor Umorientierungen.</dc:description>
          <dc:description xml:lang="eng">In this work the dynamical properties of a prototypical example of the aromatic hydrogen bond, ammonium tetraphenylborate (ATPB), have been studied by quasielastic incoherent neutron scattering (QENS) in a broad temperature range from 20K up to 350K. In ATPB an ammonium cation is trapped between four phenyl rings of the two adjacent tetraphenylborate anions and each phenyl ring serves as a hydrogen bond acceptor for the ammonium ion. Models for local diffusive motions of reorientation of ammonium and the phenyl rings have been considered to reproduce the QENS spectra. The motions of the ammonium ions are explained as a continuous transition from quantummechanical rotations at low temperatures to classical diffusive rotations at high temperatures. In a temperature range from 67K up to 350K classical diffusive rotations of the ammonium ions around a C2- or C3-axis were found. The correlation time for this motion varies from 12.5ps at 350K to 1253ps at 67K and the activation energy was determined to be 3.2kJ/mol. This result shows that the ammonium ions have to overcome an exceptionally low barrier to rotate. At temperatures below 67K quantummechanical rotations of the ammonium ions were observed. Additionally, in this work excited librational states of ammonium were identified at 4.3meV and 8.2meV. At temperatures above 200K local diffusive motions of orientation of the phenyl rings were found within the experimental time-window. These motions of the phenyl rings are explained as librations out of the plane. The reorientation angle and the jump rate of the librations of the phenyl rings increase with increasing temperatures. At room temperature the librations of the phenyl rings were found to have a reorientation angle of 7 degrees and a correlation time of 150ps. This result sheds new light on the phenomenon of aromatic hydrogen bonds showing that they are extremely flexible and allow for reorientation of both, the donor and the acceptor.</dc:description>
          <dc:date>2005-07-18</dc:date>
          <dc:type>doctoralthesis</dc:type>
          <dc:type>doc-type:doctoralthesis</dc:type>
          <dc:format>application/pdf</dc:format>
          <dc:identifier>http://opus4.kobv.de/opus4-tuberlin/frontdoor/index/index/docId/1050</dc:identifier>
          <dc:identifier>urn:nbn:de:kobv:83-opus-10343</dc:identifier>
          <dc:identifier>http://nbn-resolving.de/urn/resolver.pl?urn:nbn:de:kobv:83-opus-10343</dc:identifier>
          <dc:identifier>http://opus4.kobv.de/opus4-tuberlin/files/1050/jalarvo_niina.pdf</dc:identifier>
          <dc:language>eng</dc:language>
          <dc:rights>Deutsches Urheberrecht mit Print on Demand (u.a. für Dissertationen empfohlen)</dc:rights>
        </oai_dc:dc>
      </metadata>
    </record>
  </GetRecord>
</OAI-PMH>
