<?xml version="1.0" encoding="utf-8"?>
<?xml-stylesheet type="text/xsl" href="xsl/oai2.xsl"?><OAI-PMH xmlns="http://www.openarchives.org/OAI/2.0/" xmlns:xsi="http://www.w3.org/2001/XMLSchema-instance" xsi:schemaLocation="http://www.openarchives.org/OAI/2.0/ http://www.openarchives.org/OAI/2.0/OAI-PMH.xsd">
  <responseDate>2014-10-15T06:49:51Z</responseDate>
  <request verb="GetRecord" metadataPrefix="oai_dc" identifier="oai:kobv.de-opus4-tuberlin:1167">http://opus4.kobv.de/opus4-tuberlin/oai</request>
  <GetRecord>
    <record>
      <header>
        <identifier>oai:kobv.de-opus4-tuberlin:1167</identifier>
        <datestamp>2013-07-01</datestamp>
        <setSpec>doc-type:doctoralthesis</setSpec>
        <setSpec>bibliography:false</setSpec>
        <setSpec>ddc</setSpec>
        <setSpec>ddc:620</setSpec>
      </header>
      <metadata>
        <oai_dc:dc xmlns:oai_dc="http://www.openarchives.org/OAI/2.0/oai_dc/" xmlns:dc="http://purl.org/dc/elements/1.1/" xsi:schemaLocation="http://www.openarchives.org/OAI/2.0/oai_dc/ http://www.openarchives.org/OAI/2.0/oai_dc.xsd">
          <dc:title xml:lang="eng">Rogue Wave Impact on Marine Structures</dc:title>
          <dc:title xml:lang="deu">Schurkenwellen und ihre Wirkung auf maritime Strukturen</dc:title>
          <dc:creator>Schmittner, Christian E.</dc:creator>
          <dc:subject>ddc:620</dc:subject>
          <dc:description xml:lang="eng">In this work, the mystery of Rogue Waves is revealed and the impact of these waves on marine structures is investigated. The aim of this thesis is the development and application of methods for the analysis of Rogue Wave impacts. Examples of recorded Rogue Waves are given and the frequency of occurrence is examined by analyzing a five day storm measured in the North Sea. For the realization of deterministic Rogue Wave scenarios in the model basin a linear optimization approach is proposed, synthesizing extreme wave sequences based on predefined parameters. In order to improve the accuracy of the generated wave sequences an experimental optimization method is introduced fitting the wave sequences measured in the wave basin precisely to the target parameter. Resultant wave environments of the optimizations are applied for the analysis of Rogue Wave impacts on different marine structures. In particular, the motions and bending moments of an FPSO and of a crane vessel as well as the motions and splitting forces of a semisubmersible due to Rogue Waves are investigated. The New Year Wave, a Rogue Wave that was recorded at the Draupner platform located in the North Sea, is realized at model scale and varied in experiment with respect to the local wave height and period. The responses of the structures are assessed by numerical simulations applying state of the art ship motion codes and model test. Resultant motions and structural responses are compared to frequency-domain methods for design and to rules from classification societies and discussed with regard to their applicability to Rogue Wave impacts. For the precise numerical simulation of nonlinear wave propagation, numerical wave tanks based on potential theory and on the Navier-Stokes equations are presented. A new coupling approach for the fast and accurate simulation of nonlinear wave evolution is proposed, combining the advantages of two different numerical strategies.</dc:description>
          <dc:description xml:lang="deu">In der vorliegenden Arbeit wird dem Mysterium so genannter Rogue Waves, zu deutsch "Schurkenwellen", auf den Grund gegangen und die Wirkung dieser Wellen auf Offshore-Strukturen untersucht. Das Ziel der Arbeit ist es, Verfahren zur Analyse der Auswirkungen von Rogue Waves zu entwickeln und anzuwenden. Es werden Beispiele gemessener Rogue Waves präsentiert und ihre Auftrittshäufigkeit durch die Analyse eines fünftägigen Sturms in der Nordsee untersucht. Für die Realisierung von deterministischen Rogue Waves im Wellenkanal wird eine lineare Optimierung vorgestellt, mit der es möglich ist, extreme Wellensequenzen unter Einhaltung vordefinierter Parameter zu synthetisieren. Zur Verbesserung der Genauigkeit dieser Wellensequenzen wird eine experimentelle Optimierung entwickelt und angewandt, welche die im Wellenkanal gemessenen Wellen an die Zielparameter anpasst. Die so erzeugten Wellenszenarien werden für die Untersuchung der Wirkung von Rogue Waves auf verschiedene maritime Strukturen eingesetzt. Es werden die Bewegungen und Biegemomente eines FPSOs und eines Kranschiffs sowie die Bewegungen und Splitting Forces einer Halbtaucherplattform untersucht. Die New Year Wave, eine an der Draupner Plattform in der Nordsee gemessene Rogue Wave, wird im Modellmaßstab realisiert. Zudem werden die lokalen Eigenschaften Wellenhöhe und Wellenperiode dieser Extremwelle im Versuch variiert. Die daraus resultierenden Bewegungen und strukturellen Belastungen werden sowohl gemessen als auch mit Programmen zur Seegangssimulation berechnet. Die Ergebnisse werden mit gängigen Frequenzbereichsverfahren für den Entwurf und mit Bauvorschriften verglichen, um festzustellen, ob diese auf Rogue Wave impacts anwendbar sind. Für die präzise numerische Berechnung der nichtlinearen Wellenausbreitung werden numerische Wellenkanäle basierend auf der Potentialtheorie und den Navier-Stokes Gleichungen vorgestellt. Eine neu entwickelte Kopplung der beiden Methoden eröffnet dabei die Möglichkeit, nichtlineare Effekte wie Wellenbrechung und Welle-Struktur-Interaktionen zeiteffizient und präzise zu berechnen.</dc:description>
          <dc:date>2005-12-16</dc:date>
          <dc:type>doctoralthesis</dc:type>
          <dc:type>doc-type:doctoralthesis</dc:type>
          <dc:format>application/pdf</dc:format>
          <dc:identifier>http://opus4.kobv.de/opus4-tuberlin/frontdoor/index/index/docId/1167</dc:identifier>
          <dc:identifier>urn:nbn:de:kobv:83-opus-11785</dc:identifier>
          <dc:identifier>http://nbn-resolving.de/urn/resolver.pl?urn:nbn:de:kobv:83-opus-11785</dc:identifier>
          <dc:identifier>http://opus4.kobv.de/opus4-tuberlin/files/1167/schmittner_christian.pdf</dc:identifier>
          <dc:language>eng</dc:language>
          <dc:rights>Deutsches Urheberrecht mit Print on Demand (u.a. für Dissertationen empfohlen)</dc:rights>
        </oai_dc:dc>
      </metadata>
    </record>
  </GetRecord>
</OAI-PMH>
