<?xml version="1.0" encoding="utf-8"?>
<?xml-stylesheet type="text/xsl" href="xsl/oai2.xsl"?><OAI-PMH xmlns="http://www.openarchives.org/OAI/2.0/" xmlns:xsi="http://www.w3.org/2001/XMLSchema-instance" xsi:schemaLocation="http://www.openarchives.org/OAI/2.0/ http://www.openarchives.org/OAI/2.0/OAI-PMH.xsd">
  <responseDate>2014-10-15T06:49:19Z</responseDate>
  <request verb="GetRecord" metadataPrefix="oai_dc" identifier="oai:kobv.de-opus4-tuberlin:1116">http://opus4.kobv.de/opus4-tuberlin/oai</request>
  <GetRecord>
    <record>
      <header>
        <identifier>oai:kobv.de-opus4-tuberlin:1116</identifier>
        <datestamp>2013-07-01</datestamp>
        <setSpec>doc-type:doctoralthesis</setSpec>
        <setSpec>bibliography:false</setSpec>
        <setSpec>ddc</setSpec>
        <setSpec>ddc:360</setSpec>
      </header>
      <metadata>
        <oai_dc:dc xmlns:oai_dc="http://www.openarchives.org/OAI/2.0/oai_dc/" xmlns:dc="http://purl.org/dc/elements/1.1/" xsi:schemaLocation="http://www.openarchives.org/OAI/2.0/oai_dc/ http://www.openarchives.org/OAI/2.0/oai_dc.xsd">
          <dc:title xml:lang="deu">Chancen für Empowerment in der Aidsprävention: Empirische Fallanalysen weiblicher Peer-Worker in Westafrika</dc:title>
          <dc:title xml:lang="eng">Opportunities for Empowerment in HIV/AIDS Prevention: Empirical Case Studies on Female Peer Workers in West Africa</dc:title>
          <dc:creator>Wihofszky, Petra</dc:creator>
          <dc:subject>ddc:360</dc:subject>
          <dc:description xml:lang="deu">Chancen für Empowerment in der Aidsprävention: Empirische Fallanalysen weiblicher Peer-Worker in Westafrika Hintergrund Seit der Ausbreitung der Aids-Pandemie ab den 90er Jahren stiegen HIV-Prävalenzen im Setting von Prostitution in Westafrika an und führten zur Implementierung von zielgruppenorientierten Präventionsansätzen. Die hohe Vulnerabilität von Frauen in der Sexarbeit liegt im Zusammenwirken von biologischen Determinanten von Ansteckungsrisiken und sozioökonomischen Lebensbedingungen. In den Präventionsprogrammen werden Frauen aus dem Setting ausgebildet und als Peer-Worker zur Durchführung von Aktivitäten eingesetzt. Untersuchungsanlage Ausgehend von der Praxisbeobachtung eines Doppeleffektes, dass Peer-Worker zum Erfolg von Präventionsaktivitäten beitragen und sich auch in ihrer Aufgabe weiterentwickeln, wurden Forschungsfragen abgeleitet. Vor dem Hintergrund des Empowermentkonzeptes stand die Frage im Mittelpunkt, welche Ressourcen Peer-Worker gewinnen und wie diese Dynamik erklärt werden kann. Zur empirischen Untersuchung wurden Gruppendiskussionen mit Peer-Workern aus Programmen in der Elfenbeinküste, Mali und Togo nach der dokumentarischen Methode ausgewertet. Ergebnisse und Diskussion In der Auswertung bildete sich als Erklärung der Entwicklungsprozesse von Peer-Workern ein Ressourcengewinn ab. Dieser differenziert sich in die Kategorien Gesundheitsressourcen, Ausbildungsressourcen, soziale Ressourcen, sozioökonomische Ressourcen und Selbsthilferessourcen. Der Ressourcengewinn bestätigt, dass Peer-Work zu einer Verminderung der Vulnerablität im Setting der Sexarbeit beiträgt. Gleichzeitig bedingt Peer-Work, dass die beteiligten Frauen ihre persönlichen und kollektiven Handlungskompetenzen stärken. Diese Prozesse sind in der Perspektive von Empowerment bedeutsam, da sie Selbsthilfepotenziale fördern. Schlussfolgerungen Der Ressourcengewinn bestätigt den beobachteten Doppeleffekt von Peer-Work. Daraus wird die Handlungsempfehlung abgeleitet, Peer-Work als Methode der Aidsprävention auszubauen und als komplementäre Strategie zur Armutsbekämpfung einzusetzen.</dc:description>
          <dc:description xml:lang="eng">Opportunities for Empowerment in HIV/AIDS Prevention: Empirical Case Studies on Female Peer Workers in West Africa Background Due to the spread of HIV/AIDS in the nineties and the rise in prevalence amongst sex workers in West Africa, target interventions have been implemented. The high vulnerability of sex workers is caused by the biological factors of infection risks, socio-economical life and working conditions. As part of the prevention interventions the programmes educate women who live in that environment. The women then carry out HIV/AIDS prevention activities in the role of peer workers. Research Frame The research questions were developed based on the field observation of a double effect: Peer workers contribute to successful HIV/AIDS interventions and they develop personal skills. From the perspective of the empowerment concept the investigation focussed on the resources which peer workers have access to and how the dynamics of the processes can be explained. Group discussions with peer workers about intervention programmes on the Ivory Coast, Mali and Senegal were analysed by the documentary method. Results and Discussion The analyses of the group discussions with peer workers show a broad gain of resources. The resource gain can be distinguished in the categories of health resources, social resources, socio-economical resources and self-help resources. These processes confirm that peer work contributes to a reduction in vulnerability to HIV/AIDS in the setting of sex work. Further more peer work strengthens the personal and collective capability of the women involved to take action. This development is significant from the view of empowerment, because it leads to a capability, which is independent from external support. Consequences The gain of resources confirms the double effect of peer work. The results suggest that building up peer work is recommended for HIV/AIDS prevention and should be used as a complementary strategy in reducing poverty.</dc:description>
          <dc:date>2005-10-14</dc:date>
          <dc:type>doctoralthesis</dc:type>
          <dc:type>doc-type:doctoralthesis</dc:type>
          <dc:format>application/pdf</dc:format>
          <dc:identifier>http://opus4.kobv.de/opus4-tuberlin/frontdoor/index/index/docId/1116</dc:identifier>
          <dc:identifier>urn:nbn:de:kobv:83-opus-11159</dc:identifier>
          <dc:identifier>http://nbn-resolving.de/urn/resolver.pl?urn:nbn:de:kobv:83-opus-11159</dc:identifier>
          <dc:identifier>http://opus4.kobv.de/opus4-tuberlin/files/1116/wihofszky_petra.pdf</dc:identifier>
          <dc:language>deu</dc:language>
          <dc:rights>Deutsches Urheberrecht mit Print on Demand (u.a. für Dissertationen empfohlen)</dc:rights>
        </oai_dc:dc>
      </metadata>
    </record>
  </GetRecord>
</OAI-PMH>
