<?xml version="1.0" encoding="utf-8"?>
<?xml-stylesheet type="text/xsl" href="xsl/oai2.xsl"?><OAI-PMH xmlns="http://www.openarchives.org/OAI/2.0/" xmlns:xsi="http://www.w3.org/2001/XMLSchema-instance" xsi:schemaLocation="http://www.openarchives.org/OAI/2.0/ http://www.openarchives.org/OAI/2.0/OAI-PMH.xsd">
  <responseDate>2014-10-15T06:49:07Z</responseDate>
  <request verb="GetRecord" metadataPrefix="oai_dc" identifier="oai:kobv.de-opus4-tuberlin:1069">http://opus4.kobv.de/opus4-tuberlin/oai</request>
  <GetRecord>
    <record>
      <header>
        <identifier>oai:kobv.de-opus4-tuberlin:1069</identifier>
        <datestamp>2013-07-01</datestamp>
        <setSpec>doc-type:doctoralthesis</setSpec>
        <setSpec>bibliography:false</setSpec>
        <setSpec>ddc</setSpec>
        <setSpec>ddc:620</setSpec>
      </header>
      <metadata>
        <oai_dc:dc xmlns:oai_dc="http://www.openarchives.org/OAI/2.0/oai_dc/" xmlns:dc="http://purl.org/dc/elements/1.1/" xsi:schemaLocation="http://www.openarchives.org/OAI/2.0/oai_dc/ http://www.openarchives.org/OAI/2.0/oai_dc.xsd">
          <dc:title xml:lang="deu">Optimierte Gerätetechniken für UV- und Lichttherapie</dc:title>
          <dc:title xml:lang="eng">Optimised divece technics for UV and phototherapy</dc:title>
          <dc:creator>Yeni, Mehmet</dc:creator>
          <dc:subject>ddc:620</dc:subject>
          <dc:description xml:lang="deu">Mit der vorhandenen Technik für die Spektralradiometrie (UV-Spektralradiometer mit hoher Auflösung, transportabler Doppelmonochromator für UV und VIS, Spiegelmonochromator) und den verfügbaren Messgeräten der Photometrie, der Gesamtstrahlung und der Farbmetrik wurden wirksame Strahlungsanteile für die UV- und Lichttherapie ermittelt. Eine messtechnische Ergänzung war die Umsetzung der Technik der Goniophotometrie eines Spiralphotometers für integrale Messungen im UV. Damit war auch die direkte Bestimmung von Gesamtstrahlungsleistungen im UV-A,UV-B,UV-C und erythemwirksamer Strahlungsleistung möglich. Diese Messtechnik ergänzt die bisherigen indirekten Methoden unter Verwendung von speziellen Ulbrichtkugeln. Die Messanordnung bietet zudem durch Erweiterungen mit geeigneten, spektral auflösenden Messempfängern die Möglichkeit räumliche Verteilung der spektralen Zusammensetzung von UV-Strahlungsquellen aufzunehmen. Es wurden charakteristische Eigenschaften von Gerätekomponenten (spektrale Kennzahlen zahlreicher Filter- und Reflektormaterialien) ermittelt. Durch Analysen zum Anlaufverhalten und zur Leistungsvariation von Strahlungsquellen konnten Hinweise zum Betrieb von Bestrahlungsgeräten gegeben werden. Als Beispiel für die optimierte Bestrahlungsgerätetechnik wurde der UV-Sonnensimulator zur Vitamin D3-Photosynthese realisiert. Die gezielte Wahl der verwendeten Materialien und Strahlungsquellen ermöglichte den Aufbau einer an die Anwendung optimal angepasste Bestrahlungskabine. Eine neu entwickelte Software ermöglicht die automatische Berechnung der Patientendosis. Das Protokoll enthält: Bestrahlungsplan, zeitliche Steuerung der UV-Strahlungsquellen und Patientendatenbank. An therapeutischen und nichttherapeutischen Bestrahlungsgeräten wurden spektralradiometrische Messungen und photobiologische Bewertungen nach geltenden Kriterien durchgeführt. Anhand von Messungen an zahlreichen Solarien und Heimsonnen wurden die geltenden Bewertungskriterien nach DIN und RTS erläutert und für die aktuelle Praxis der Zertifizierung von solchen Geräten wurden Vorschläge gemacht. Mit Hilfe spektralradiometrischer, lichttechnischer und farbmetrischer Messungen ließen sich die wirksamen Strahlungsanteile zur Melatoninunterdrückung und Bewertungsgrößen von Lichttherapiegeräten und Lichtquellen bestimmen.</dc:description>
          <dc:date>2005-07-19</dc:date>
          <dc:type>doctoralthesis</dc:type>
          <dc:type>doc-type:doctoralthesis</dc:type>
          <dc:format>application/pdf</dc:format>
          <dc:identifier>http://opus4.kobv.de/opus4-tuberlin/frontdoor/index/index/docId/1069</dc:identifier>
          <dc:identifier>urn:nbn:de:kobv:83-opus-10530</dc:identifier>
          <dc:identifier>http://nbn-resolving.de/urn/resolver.pl?urn:nbn:de:kobv:83-opus-10530</dc:identifier>
          <dc:identifier>http://opus4.kobv.de/opus4-tuberlin/files/1069/yeni_mehmet.pdf</dc:identifier>
          <dc:language>deu</dc:language>
          <dc:rights>Deutsches Urheberrecht mit Print on Demand (u.a. für Dissertationen empfohlen)</dc:rights>
        </oai_dc:dc>
      </metadata>
    </record>
  </GetRecord>
</OAI-PMH>
