<?xml version="1.0" encoding="utf-8"?>
<?xml-stylesheet type="text/xsl" href="xsl/oai2.xsl"?><OAI-PMH xmlns="http://www.openarchives.org/OAI/2.0/" xmlns:xsi="http://www.w3.org/2001/XMLSchema-instance" xsi:schemaLocation="http://www.openarchives.org/OAI/2.0/ http://www.openarchives.org/OAI/2.0/OAI-PMH.xsd">
  <responseDate>2014-10-15T06:50:59Z</responseDate>
  <request verb="GetRecord" metadataPrefix="oai_dc" identifier="oai:kobv.de-opus4-tuberlin:1412">http://opus4.kobv.de/opus4-tuberlin/oai</request>
  <GetRecord>
    <record>
      <header>
        <identifier>oai:kobv.de-opus4-tuberlin:1412</identifier>
        <datestamp>2013-07-01</datestamp>
        <setSpec>doc-type:doctoralthesis</setSpec>
        <setSpec>bibliography:false</setSpec>
        <setSpec>ddc</setSpec>
        <setSpec>ddc:620</setSpec>
      </header>
      <metadata>
        <oai_dc:dc xmlns:oai_dc="http://www.openarchives.org/OAI/2.0/oai_dc/" xmlns:dc="http://purl.org/dc/elements/1.1/" xsi:schemaLocation="http://www.openarchives.org/OAI/2.0/oai_dc/ http://www.openarchives.org/OAI/2.0/oai_dc.xsd">
          <dc:title xml:lang="eng">Investigations on Ultrafast Fiber-based Optical Gates</dc:title>
          <dc:title xml:lang="deu">Untersuchungen von Faser-basierten Schaltern für die optische Hoch-Geschwindigkeit Datenverarbeitung</dc:title>
          <dc:creator>Marembert, Vincent</dc:creator>
          <dc:subject>ddc:620</dc:subject>
          <dc:description xml:lang="eng">This work presents investigations carried out on two optical gates based on Dispersion-Shifted Highly Nonlinear Fibers (DS-HNLFs). In the Nonlinear Optical Loop Mirror (NOLM) and in the so-called Kerr gate, based on the Kerr effect, the phase of a data pulse is modulated by a control pulse through Cross-Phase Modulation (XPM). The induced phase shift is converted into an amplitude modulation by using an interferometric setup. As nonlinear effects are extremely fast in optical fibers, the NOLM and the Kerr gate are candidates of choice for all-optical signal processing in Time-Division Multiplexing (TDM) systems. The efficiency of such an optical gate can be evaluated by measuring the phase shift induced by the control signal, or by directly measuring the so-called switching window of the gate, which represents the evolution of the transmittance of the gate over the time. Both measurements are carried out in this work, and various DS-HNLFs were used. The influence of experimental parameters such as the fibers parameters and the data and control signals properties is discussed. In accordance with theoretical expectations, the NOLM proved to work more efficiently than the Kerr gate, as with the NOLM, a lower control power is required to reach a given phase shift or a given switching windows than with the Kerr gate. Finally, both gates were used in high bit-rates TDM experiments. Operated under the same conditions, the NOLM and the Kerr gates could demultiplex a 320 Gbit/s TDM data signal to 40 Gbit/s with low penalties. The NOLM was also used to demultiplex a 640 Gbit/s signal, while the Kerr gate took advantage of its different principle of operation in an Add-Drop Multiplexing (ADM) experiment with a data rate up to 320 Gbit/s. Used in combination with DS-HNLFs, the NOLM and the Kerr gate oder the potential for high-speed optical signal processing with simple, commercially available fiber components.</dc:description>
          <dc:description xml:lang="deu">In dieser Arbeit wurden zwei optische Schalter basierend auf Dispersion-verschobener Hoch-Nichtlinearer Faser (Dispersion-Shifted Highly Nonlinear Fibers) untersucht. In dem Nonlinear Optical Loop Mirror (NOLM) und in dem Kerr Schalter wird die Phase eines optischen Datenpulses durch Kreuzphasenmodulation (XPM) moduliert. XPM wird von einem zusammen mit dem Datenpuls propagierenden Steuerpuls induziert. Die Phasenänderung kann in eine Amplitudenänderung umgewandelt werden, wenn XPM in einem interferometrischen Aufbau ausgenutzt wird. Da die Geschwindigkeit des XPM-Effektes in der Grössenordnung von einigen Femtosekunden liegt, eignen sich der NOLM und der Kerr Schalter für die rein optische Hoch-Geschwindigkeit Signalverarbeitung in Optical Time Division Multiplexing (OTDM) Netzwerken. Die Phasenänderung wurde für beide Schalter gemessen, sowie das Schaltfenster, das den Verlauf des Transmittance über die Zeit darstellt. Der Einfluss von Parametern wie die Fasereigenschaften, und die Steuer- sowie Datenpuls- Eigenschaften (Wellenlängen, optische Leistungen) wurden experimentell untersucht. Den theoretischen Erwartungen entsprechend, erwies sich der NOLM als ein effektiverer Schalter im Vergleich zum Kerr Schalter, da eine gewisse phasenänderung bzw. ein gewisses Schaltfenster mit weniger Steuerpulsleistung erreicht wird mit dem NOLM als mit dem Kerr Schalter. Basierend auf diesen Untersuchungen wurden beide Schalter in OTDM Anwendungen eingesetzt. Betrieben unter gleichen Bedingungen konnten der NOLM und der Kerr Schalter ein 320 Gbit/s Datensignal auf 40 Gbit/s demultiplexen, mit einer geringen Penalty. Die NOLM wurde benutzt, um ein 640 Gbit/s Datensignal zu demultiplexen. Aufgrund seiner Anordnung, der Kerr Schalter konnte in einem Add-Drop Multiplexing (ADM) Experiment mit Datenraten bis 320 Gbit/s benutzt werden. Der NOLM und der Kerr Schalter, die in dieser Arbeit untersucht werden, basieren auf kommerziell erhältlichen optischen Komponente und eignen sich für die rein optische Hoch-Geschwindigkeit Datenverarbeitung.</dc:description>
          <dc:date>2007-01-05</dc:date>
          <dc:type>doctoralthesis</dc:type>
          <dc:type>doc-type:doctoralthesis</dc:type>
          <dc:format>application/pdf</dc:format>
          <dc:identifier>http://opus4.kobv.de/opus4-tuberlin/frontdoor/index/index/docId/1412</dc:identifier>
          <dc:identifier>urn:nbn:de:kobv:83-opus-14517</dc:identifier>
          <dc:identifier>http://nbn-resolving.de/urn/resolver.pl?urn:nbn:de:kobv:83-opus-14517</dc:identifier>
          <dc:identifier>http://opus4.kobv.de/opus4-tuberlin/files/1412/marembert_vincent.pdf</dc:identifier>
          <dc:language>eng</dc:language>
          <dc:rights>Deutsches Urheberrecht mit Print on Demand (u.a. für Dissertationen empfohlen)</dc:rights>
        </oai_dc:dc>
      </metadata>
    </record>
  </GetRecord>
</OAI-PMH>
