<?xml version="1.0" encoding="utf-8"?>
<?xml-stylesheet type="text/xsl" href="xsl/oai2.xsl"?><OAI-PMH xmlns="http://www.openarchives.org/OAI/2.0/" xmlns:xsi="http://www.w3.org/2001/XMLSchema-instance" xsi:schemaLocation="http://www.openarchives.org/OAI/2.0/ http://www.openarchives.org/OAI/2.0/OAI-PMH.xsd">
  <responseDate>2014-10-15T06:50:53Z</responseDate>
  <request verb="GetRecord" metadataPrefix="oai_dc" identifier="oai:kobv.de-opus4-tuberlin:1396">http://opus4.kobv.de/opus4-tuberlin/oai</request>
  <GetRecord>
    <record>
      <header>
        <identifier>oai:kobv.de-opus4-tuberlin:1396</identifier>
        <datestamp>2013-07-01</datestamp>
        <setSpec>doc-type:doctoralthesis</setSpec>
        <setSpec>bibliography:false</setSpec>
        <setSpec>ddc</setSpec>
        <setSpec>ddc:520</setSpec>
      </header>
      <metadata>
        <oai_dc:dc xmlns:oai_dc="http://www.openarchives.org/OAI/2.0/oai_dc/" xmlns:dc="http://purl.org/dc/elements/1.1/" xsi:schemaLocation="http://www.openarchives.org/OAI/2.0/oai_dc/ http://www.openarchives.org/OAI/2.0/oai_dc.xsd">
          <dc:title xml:lang="deu">Verbesserung der Richtungsstabilisierung von inertial gesteuerten astronomischen Flugzeugteleskopen am Beispiel von SOFIA</dc:title>
          <dc:title xml:lang="eng">Improvement of the pointing accuracy of inertially controlled airborne astronomical telescopes, based on the example of SOFIA</dc:title>
          <dc:creator>Tucek, Johannes</dc:creator>
          <dc:subject>ddc:520</dc:subject>
          <dc:description xml:lang="deu">Diese Arbeit beschreibt die Verbesserung der Richtungsstabilisierung des Flugzeugteleskops SOFIA. Das Ziel des Flugzeugteleskops SOFIA sind astronomische Beobachtungen im Infrarotbereich. Da der Wasserdampf der Erdatmosphäre den Großteil der Infrarotstrahlung absorbiert, sind solche Beobachtungen mit herkömmlichen Teleskopen von der Erdoberfläche aus kaum möglich. Um unerwünschte Drehbewegungen des Flugzeugteleskops, z.B. hervorgerufen durch Luftturbulenzen, auszugleichen, ist zuerst eine genaue Messung bzw. Schätzung derselben notwendig. Diese Informationen werden dann mittels Computer in Echtzeit weiterverarbeitet. Anschließend sorgen dann Motoren dafür, das Teleskop wieder in die gewünschte Lage zu drehen. Die Motoren können das Teleskop nur so genau ausrichten, wie es die Genauigkeit des Meßsystems zuläßt. Die Messung der Drehbewegungen geschieht mit drei zueinander senkrecht angeordneten Gyroskopen. Diese weisen jedoch Fehler auf, so daß sich die Ausrichtgenauigkeit verschlechtert. Deshalb werden mit Hilfe einer auf das Teleskop montierten Kamera in regelmäßigen Zeitabständen Bilder des Sternhimmels aufgenommen. Aus diesen Bildern wird dann mit Hilfe der dort sichtbaren Sterne die aktuelle Orientierung des Teleskops bestimmt. Mittels dieser Orientierung werden dann die Fehler der Gyroskope korrigiert und der lineare Fehleranteil für die Zukunft extrapoliert. Dieser Fehler wird dann schon im Voraus vom Teleskoplageregler berücksichtigt. Dadurch wird der quasikonstante Fehleranteil minimiert. Je besser dieser Fehler geschätzt wird, desto geringer ist die Drift des Teleskops um seine Achsen. Dadurch erhöht sich die Richtungsstabilisierung. Der Driftschätzungsalgorithmus wird auf Basis eines Kalmanfilters abgeleitet. Der Nachweis der Funktionstüchtigkeit des Driftschätzers wird anhand von Bodenmessungen erbracht, da SOFIA zum Zeitpunkt der Fertigstellung dieser Arbeit noch nicht komplett einsatzbereit war. Hierbei war das notwendige Alignment (Ausrichtung) bzw. die Drehtransformation zwischen den Koordinatensystemen der Meßinstrumente unbekannt. Das Misalignment (Ausrichtungsfehler) bewirkte bei den Messungen einen ebenfalls konstanten Fehler, welcher erheblich größer als die zu schätzende Drift der Gyroskope war. Da sich die beiden konstanten Fehler nicht voneinander trennen lassen, wurde die Funktionstüchtigkeit des Driftschätzers durch Schätzung des Gesamtfehlers nachgewiesen. Das gegenwärtig vorgesehene Konzept für die Driftschätzung beinhaltet die Verwendung von Korrekturparametern eines Startrackers. Da dieser im allgemeinen nur zwei von drei Parametern liefert, welche für die vollständige Beschreibung einer Drehtransformation notwendig sind, ist eine korrekte Driftschätzung nicht möglich. Deshalb wurde ein neues Konzept entwickelt, bei dem ein zusätzlicher Sternsensoralgorithmus (dieser ist nicht Gegenstand dieser Arbeit) verwendet wird. Dieser liefert alle drei notwendigen Parameter zur Beschreibung einer Drehtransformation. Das Prinzip der Driftschätzung wurde mit sehr guten Ergebnissen nachgewiesen. Die Driftschätzung ist sinnvoll zur Bestimmung von Fehlern im Meßsystem, die sich als konstante Winkelgeschwindigkeit auswirken. Mit ihr kann die Richtungsstabilisierung von SOFIA verbessert werden. Auf Basis der Analyse der Meßdaten werden zwei neue Konzepte empfohlen. Beide Konzepte sehen dabei vor, die Ausgaben des Sternsensors nicht nur für die Driftschätzung zu verwenden, sondern auch für die Regelung des Teleskops. Beim ersten Konzept wertet der Sternsensoralgorithmus die Bilder von allen drei Sternkameras aus, anstatt nur von einer. Das zweite Konzept empfiehlt den Einbau neuer, verbesserter Sternkameras mit verringertem Rauschen und einer zehnmal größeren Abtastrate.</dc:description>
          <dc:description xml:lang="eng">This work describes the improvement of the pointing accuracy of the airborne telescope SOFIA. The goals of SOFIA are astronomical observations in the infrared spectrum. With ordinary telescopes on the ground these observations are almost impossible, because atmospheric water vapour absorbs most of the infrared radiation. To compensate for unwanted rotational motion, caused e.g. by air turbulence, it is necessary to measure or estimate this motion first. This information is then processed with computers in real-time. Subsequently motors rotate the telescope to the desired attitude. The precision of this rotation depends on the precision of the measurement system. The measurements of the rotational motions are made by three orthogonally oriented gyroscopes. The latter have errors, which will result in reduction of pointing accuracy. Images of the stars are made in regular time steps with a camera, mounted on the telescope. From the stars, visible on these images, the actual attitude is estimated. With this attitude the errors of the gyroscopes are corrected, and for the future the bias is extrapolated. The extrapolated bias will be compensated in advance by the telescope control algorithm. In this way the quasi-constant error will be minimized. The better this error is estimated, the smaller will be the drift of the telescope around its axes. Thus the pointing accuracy will be better. The drift estimation algorithm is derived from a Kalman filter. The proof of functionality of the drift estimator is made with ground measurements, because at the time of completion of this work SOFIA was not fully ready. During the measurements the necessary alignment between the coordinate systems of the measurement instruments was unknown. This misalignment caused also a constant error, which was considerably greater than the gyro drift to be estimated. Because it is not possible to separate these constant errors, the proof of functionality of the drift estimator was made by estimating the total error. The present concept for the drift estimation uses correction-parameters of a star tracker. Because the latter usually gives only two of three parameters necessary for the complete description of an attitude, correct drift estimation is not possible. Therefore a new concept was developed that uses an additional star sensor (the star sensor itself is not a subject of this work). The star sensor gives all three necessary parameters for the description of an attitude. The excellent results enabled the principle of drift estimation to be proven. The drift estimation is useful for the determination of all kinds of errors in the measurement system, that result in a constant rotation. With this estimation the pointing accuracy of SOFIA can be improved. With the results of the analysis of the measurement data obtained in this work, two new concepts can be recommended. In both concepts the output of the star sensor is not only used for drift estimation, but also for the control of the telescope. In the first concept, the star sensor algorithm analyzes the images of all three star cameras, instead of only one camera. The second concept calls for the installation of new, improved star cameras with less noise and a ten times larger sample rate.</dc:description>
          <dc:date>2006-12-20</dc:date>
          <dc:type>doctoralthesis</dc:type>
          <dc:type>doc-type:doctoralthesis</dc:type>
          <dc:format>application/vnd.ms-office</dc:format>
          <dc:format>application/pdf</dc:format>
          <dc:identifier>http://opus4.kobv.de/opus4-tuberlin/frontdoor/index/index/docId/1396</dc:identifier>
          <dc:identifier>urn:nbn:de:kobv:83-opus-14640</dc:identifier>
          <dc:identifier>http://nbn-resolving.de/urn/resolver.pl?urn:nbn:de:kobv:83-opus-14640</dc:identifier>
          <dc:identifier>http://opus4.kobv.de/opus4-tuberlin/files/1396/original_tucek_johannes.doc</dc:identifier>
          <dc:identifier>http://opus4.kobv.de/opus4-tuberlin/files/1396/tucek_johannes.pdf</dc:identifier>
          <dc:language>deu</dc:language>
          <dc:rights>Deutsches Urheberrecht mit Print on Demand (u.a. für Dissertationen empfohlen)</dc:rights>
        </oai_dc:dc>
      </metadata>
    </record>
  </GetRecord>
</OAI-PMH>
