<?xml version="1.0" encoding="utf-8"?>
<?xml-stylesheet type="text/xsl" href="xsl/oai2.xsl"?><OAI-PMH xmlns="http://www.openarchives.org/OAI/2.0/" xmlns:xsi="http://www.w3.org/2001/XMLSchema-instance" xsi:schemaLocation="http://www.openarchives.org/OAI/2.0/ http://www.openarchives.org/OAI/2.0/OAI-PMH.xsd">
  <responseDate>2014-10-15T06:49:28Z</responseDate>
  <request verb="GetRecord" metadataPrefix="oai_dc" identifier="oai:kobv.de-opus4-tuberlin:1150">http://opus4.kobv.de/opus4-tuberlin/oai</request>
  <GetRecord>
    <record>
      <header>
        <identifier>oai:kobv.de-opus4-tuberlin:1150</identifier>
        <datestamp>2014-08-21</datestamp>
        <setSpec>doc-type:doctoralthesis</setSpec>
        <setSpec>bibliography:false</setSpec>
        <setSpec>ddc</setSpec>
        <setSpec>ddc:620</setSpec>
      </header>
      <metadata>
        <oai_dc:dc xmlns:oai_dc="http://www.openarchives.org/OAI/2.0/oai_dc/" xmlns:dc="http://purl.org/dc/elements/1.1/" xsi:schemaLocation="http://www.openarchives.org/OAI/2.0/oai_dc/ http://www.openarchives.org/OAI/2.0/oai_dc.xsd">
          <dc:title xml:lang="deu">Elastomerringe zur Schwingungsberuhigung in der Rotordynamik : Theorie, Messungen und optimierte Auslegung</dc:title>
          <dc:title xml:lang="eng">Elastomer rings for vibration damping in rotor-dynamics : theory, measurements and optimisation</dc:title>
          <dc:creator>Bormann, Alexander</dc:creator>
          <dc:subject>ddc:620</dc:subject>
          <dc:description xml:lang="deu">Die vorliegende Arbeit liefert einen Beitrag zur rechnerischen Bestimmung der Steifigkeits- und Dämpfungseigenschaften von Elastomerlagern. Wie bei Metallfedern, wo sich die Steifigkeit den Handbüchern des Maschinenbaus als Nomogramm oder Formel entnehmen lässt, werden für Elastomerlager die Steifigkeiten und Dämpfungen, bei gegebener Geometrie und Abplattung des Einbaus, mit wenigen Schritten ermittelt, wenn die Materialbeschreibung für den gesuchten Frequenz- und Temperaturbereich, z.B. in Form von experimentell bestimmten Masterkurven, vorliegt. Das nichtlinare hyperelastische Materialverhalten und die nichtlineare Ringkinematik definieren den Einbauzustand. Der lineare thermo-viskoelastische Anteil, der die dynamischen Ring- bzw. Lagereigenschaften bestimmt, wird damit verknüpft. Aus der parametrischen Lösung der Bewegungsgleichung eines ideal-typischen Rotors in Kombination mit der Masterkurve des Lagerelastomers entstehen Auslegungsdiagramme, welche eine rasche Vorauslegung und Optimierung der Lagerdämpfung sowie die Ableitung allgemeiner Gestaltungsregeln erlauben. Gedruckte Version im Verlag erschienen: Fortschritt-Berichte/Reihe 11 Schwingungstechnik als Band 330, ISBN 3-18-333011-3 im VDI Verlag</dc:description>
          <dc:description xml:lang="eng">The given work supplies a contribution for the computational determination of the stiffness and damping characteristics of elastomer bearings. For metal springs, the stiffness can be derived from a nomograph or formula in mechanical engineering handbooks. A similarly simple approach is developed here for elastomer bearings. For a given geometry and pre-strain of the installation, the stiffness and damping values can be determined with a few steps, if the material behaviour for the given frequency and temperature range is known, e.g., in the form of experimentally derived master curves. The non-linear hyper-elastic material behaviour and the nonlinear ring kinematics define the built-in state. The linear thermo-viscoelastic share, which determines the dynamic ring and/or bearing characteristics, is linked by multiplication. From the parametric solution of the equation of motion of an ideal-typical rotor in combination with the master curve of the elastomer design charts are developed. They allow a rapid pre-design, to optimise the system damping and to derive general design rules. Printed version available: Fortschritt-Berichte/Reihe 11 Schwingungstechnik als Band 330, ISBN 3-18-333011-3 im VDI Verlag</dc:description>
          <dc:date>2005-11-29</dc:date>
          <dc:type>doctoralthesis</dc:type>
          <dc:type>doc-type:doctoralthesis</dc:type>
          <dc:format>application/pdf</dc:format>
          <dc:identifier>http://opus4.kobv.de/opus4-tuberlin/frontdoor/index/index/docId/1150</dc:identifier>
          <dc:identifier>urn:nbn:de:kobv:83-opus-11379</dc:identifier>
          <dc:identifier>http://nbn-resolving.de/urn/resolver.pl?urn:nbn:de:kobv:83-opus-11379</dc:identifier>
          <dc:identifier>http://opus4.kobv.de/opus4-tuberlin/files/1150/bormann_alexander.pdf</dc:identifier>
          <dc:language>deu</dc:language>
          <dc:rights>Deutsches Urheberrecht mit Print on Demand (u.a. für Dissertationen empfohlen)</dc:rights>
        </oai_dc:dc>
      </metadata>
    </record>
  </GetRecord>
</OAI-PMH>
