<?xml version="1.0" encoding="utf-8"?>
<?xml-stylesheet type="text/xsl" href="xsl/oai2.xsl"?><OAI-PMH xmlns="http://www.openarchives.org/OAI/2.0/" xmlns:xsi="http://www.w3.org/2001/XMLSchema-instance" xsi:schemaLocation="http://www.openarchives.org/OAI/2.0/ http://www.openarchives.org/OAI/2.0/OAI-PMH.xsd">
  <responseDate>2014-10-15T06:44:41Z</responseDate>
  <request verb="GetRecord" metadataPrefix="oai_dc" identifier="oai:kobv.de-opus4-tuberlin:133">http://opus4.kobv.de/opus4-tuberlin/oai</request>
  <GetRecord>
    <record>
      <header>
        <identifier>oai:kobv.de-opus4-tuberlin:133</identifier>
        <datestamp>2013-07-01</datestamp>
        <setSpec>doc-type:doctoralthesis</setSpec>
        <setSpec>bibliography:false</setSpec>
        <setSpec>ddc</setSpec>
        <setSpec>ddc:620</setSpec>
      </header>
      <metadata>
        <oai_dc:dc xmlns:oai_dc="http://www.openarchives.org/OAI/2.0/oai_dc/" xmlns:dc="http://purl.org/dc/elements/1.1/" xsi:schemaLocation="http://www.openarchives.org/OAI/2.0/oai_dc/ http://www.openarchives.org/OAI/2.0/oai_dc.xsd">
          <dc:title xml:lang="deu">Instandsetzung von Stahlbetonbauwerken im Iran : der Einfluß der Eigenschaften von Iran-Beton in einem feuchtheißen Klima auf die Beständigkeit des Verbundes zwischen einem Instandsetzungssystem und dem instandzusetzenden Altbeton</dc:title>
          <dc:title xml:lang="eng">Repair of reinforced concrete in Iran</dc:title>
          <dc:creator>Parhizkar, Tayebeh</dc:creator>
          <dc:subject>ddc:620</dc:subject>
          <dc:description xml:lang="deu">Am Persischen Golf herrschen für Stahlbetonbauwerke besonders aggressive Umweltbedingungen, die durch subtropisches Klima intensiviert werden. Die infolge solcher klimatischen Verhältnisse geschädigten Betonbauteile müssen durch geeignete Reparaturmaßnahmen instandgesetzt werden. Um eine dauerhafte Instandsetzung mit einem zementgebundenen Reparatursystem zu gewährleisten, müssen bestimmte Randbedingungen erfüllt sein. Zur Untersuchung der besonderen Aspekte von Betonreparaturen am Persischen Golf wurden Trockenmörtel und eigens entwickelte Reparaturmörtel unter Verwendung von Kunststoffdispersion und Silikastaub hergestellt. Die Reparaturmörtel wurden anhand der Parameter mechanische Eigenschaften, physikalische Eigenschaften, chemische Beständigkeit und Dauerhaftigkeit des Verbundes zwischen Betonuntergrund und Reparaturmörtel unter normalen Laborbedingungen und unter den dem Persischen Golf entsprechenden Laborbedingungen vergleichend untersucht. Anschließend wurde anhand von Felduntersuchungen an bestehender Bausubstanz am Persischen Golf die Schadensursache vor und nach der Instandsetzung mittels zerstörungsfreier Prüfung und teilweise zerstörender Betonversuche festgestellt. Die Laboruntersuchungen haben gezeigt, daß durch Wahl geeigneter organischer Zusatzstoffe die Dichtigkeit des Reparaturmörtels und die Dauerhaftigkeit des Verbundes zwischen Betonersatzsystem und Altbeton erheblich verbessert werden können. Felduntersuchungen haben gezeigt, daß die Ursache der Korrosionsschäden auf geringe Betondeckung, minderwertige Betonqualität und einen hohen Chloridgehalt im Beton zurückzuführen sind. Vergleichsmessungen nach der Instandsetzung haben gezeigt, daß nach der örtlichen Instandsetzung das Gleichgewicht der Chloridverteilung verändert wurde. Deshalb konnte durch Rückdiffusion von Chlorid aus dem nichtentfernten Altbeton ein erhöhtes Korrosionsrisiko entstehen, so daß der Beton keinen ausreichenden Schutz vor Korrosion gewährleisten kann. Auch die anodische Wirkung des Bewehrungsstahls konnte nicht durch eine Stahlbeschichtung auf Epoxidharzbasis verhindert werden. Die Forschungsarbeit hat ergeben, daß dauerhafter Reparaturmörtel für Betonbauwerke am Persischen Golf eine besonders sorgfältige Untergrundvorbehandlung, einen Mörtel mit Styrolbutadien oder Methacrylat und Portlandzement mit mittlerem C3A-Gehalt und einem Wasserzementwert zwischen 0,35 und 0,40 erfordern. Die Eigenschaften des Zementsteins durch die Kunststoffadditive schwanken in Abhängigkeit vom Zement. Eignungsprüfungen unter örtlichen Witterungsbedingungen sind unerläßlich. Besonders wichtig ist die intensive und möglichst lange Nachbehandlung bei Vermeidung großer Temperaturgradienten an der Mörteloberfläche während der Nachbehandlung.</dc:description>
          <dc:date>2000-08-09</dc:date>
          <dc:type>doctoralthesis</dc:type>
          <dc:type>doc-type:doctoralthesis</dc:type>
          <dc:format>application/pdf</dc:format>
          <dc:identifier>http://opus4.kobv.de/opus4-tuberlin/frontdoor/index/index/docId/133</dc:identifier>
          <dc:identifier>urn:nbn:de:kobv:83-opus-1286</dc:identifier>
          <dc:identifier>http://nbn-resolving.de/urn/resolver.pl?urn:nbn:de:kobv:83-opus-1286</dc:identifier>
          <dc:identifier>http://opus4.kobv.de/opus4-tuberlin/files/133/parhizkar_tayebeh.pdf</dc:identifier>
          <dc:language>deu</dc:language>
          <dc:rights>Deutsches Urheberrecht mit Print on Demand (u.a. für Dissertationen empfohlen)</dc:rights>
        </oai_dc:dc>
      </metadata>
    </record>
  </GetRecord>
</OAI-PMH>
