<?xml version="1.0" encoding="utf-8"?>
<?xml-stylesheet type="text/xsl" href="xsl/oai2.xsl"?><OAI-PMH xmlns="http://www.openarchives.org/OAI/2.0/" xmlns:xsi="http://www.w3.org/2001/XMLSchema-instance" xsi:schemaLocation="http://www.openarchives.org/OAI/2.0/ http://www.openarchives.org/OAI/2.0/OAI-PMH.xsd">
  <responseDate>2014-10-15T06:50:18Z</responseDate>
  <request verb="GetRecord" metadataPrefix="oai_dc" identifier="oai:kobv.de-opus4-tuberlin:1255">http://opus4.kobv.de/opus4-tuberlin/oai</request>
  <GetRecord>
    <record>
      <header>
        <identifier>oai:kobv.de-opus4-tuberlin:1255</identifier>
        <datestamp>2013-07-01</datestamp>
        <setSpec>doc-type:doctoralthesis</setSpec>
        <setSpec>bibliography:false</setSpec>
        <setSpec>ddc</setSpec>
        <setSpec>ddc:620</setSpec>
      </header>
      <metadata>
        <oai_dc:dc xmlns:oai_dc="http://www.openarchives.org/OAI/2.0/oai_dc/" xmlns:dc="http://purl.org/dc/elements/1.1/" xsi:schemaLocation="http://www.openarchives.org/OAI/2.0/oai_dc/ http://www.openarchives.org/OAI/2.0/oai_dc.xsd">
          <dc:title xml:lang="eng">Capacity Enhancement of Mobile Radio Networks Using Intermediate Relays</dc:title>
          <dc:title xml:lang="deu">Kapazitätsverbesserung in mobilen Funknetzwerken unter Verwendung von zwischenliegenden Relaisstationen</dc:title>
          <dc:creator>Mengesha Aberra, Seble</dc:creator>
          <dc:subject>ddc:620</dc:subject>
          <dc:description xml:lang="eng">In infrastructure-based cellular wireless networks, mobile terminals communicate directly with their access point and the access point establishes global connectivity through the infrastructure network. When more terminals are squeezed into the network, there will be terminals transmitting simultaneously in the same frequency band causing interference in the network. In addition, remote terminals communicate with their access point using relatively high transmission power which cause interference to other transmitting terminals. Inevitably, the spectral efficiency and the maximum achievable capacity of the network is limited due to the ensuing interference. In this thesis, the relaying feature of terminals in ad hoc networks is adopted in the infrastructure-based cellular wireless network so that terminals can be used as intermediate relays to improve the capacity of the network. The rationale is that the intermediate terminals reduce the communication distance and allow higher data rates. The focus of this thesis is to first assess the potential benefit of the proposed network by separately studying the network performance limiting factors--the transmission power and interference-- as transmission power limited and interference limited system. Based on these initial results, methods of increasing the network capacity are then developed: Terminals decide if they need an intermediate relay terminal to send their traffic, i.e., a routing problem is solved. A relaying terminal is selected with an optimal transmission power and rate after the relaying decision, i.e, transmission power and rate adaptation problem is solved. Different ways of fairly sharing the network resources are also suggested: The uniform slot size scheme, when terminals obtain equal share of the total TDMA frame, the uniform traffic size scheme, when terminals are allowed to send a uniform amount of data in slots of varying length and demand oriented scheme when terminals partially share the TDMA frame according to their traffic size and partially obtain an equal time share. The scheduling problem is thence solved to further improve the capacity. Furthermore, methods of using two or more frequencies within a cell, in addition to the cell's primary frequency, are presented. These additional frequencies are used for relaying and are obtained by recycling'' from neighboring cells. As a result it is possible to achieve up to 60\% increase in network capacity. And as the number of terminals increase, it is possible to achieve a per node throughput that will not actually go to zero but become a constant.</dc:description>
          <dc:description xml:lang="deu">In derzeitigen infrastrukturbasierten zellularen drahtlosen Netzwerken kommunizieren mobile Teilnehmer, so genannte Terminals, direkt mit ihrem Access-Point, und der eine globale Verbindungen durch die existierende Infrastruktur ermöglicht. Wenn immer mehr Terminals im drahtlosen Netzwerk aktiv werden, wird es vorkommen, dass Terminals gleichzeitig im selben Frequenzband ihre Daten übertragen wollen, was eine Erhöhung der Interferenzen im Gesamtnetz zur Folge hat. Außerdem benutzen die Terminals relativ hohe Sendeleistungen, was zu Interferenzen mit dem restlichen Funkverkehr führt. Zwangsläufig sind die spektrale Effizienz und die maximal erreichbare Kapazität des Netzwerkes durch die interferenzbedingten Störungen begrenzt. In dieser Arbeit wird das Weiterreichen von Daten aus dem Bereich der Ad-Hoc Netzwerke übernommen und auf Infrastrukturnetze angewendet. Somit werden die Teilnehmer eines drahtlosen Netzes selber als Weiterleiter von Daten eingesetzt und die Gesamtkapazität des Netzwerkes wird erhöht. Das Grundprinzip für die Erhöhung der Kapazität ist, dass mit Hilfe von Weiterleitern die Kommunikationsdistanz zwischen einem entfernten Teilnehmer und seinem Zugangspunkt verringert wird und deshalb höhere Datenraten zum Einsatz kommen können. Im Mittelpunkt dieser Arbeit steht zunächst die Abschätzung des potentiellen Nutzens des entworfenen drahtlosen Netzwerkes durch getrennte Untersuchung der begrenzenden Faktoren Sendeleistung und Interferenz. Auf Basis dieser ersten Resultate werden dann Methoden zur Erhöhung der Netzwerkkapazität entwickelt: Terminals entscheiden sich, ob sie einen Weiterleiter benötigen um ihre Daten zu übertragen. Dadurch wird ein Routing-Problem gelöst. Ein Weiterleiter wird mit optimaler Sendeleistung und -rate gewählt, nachdem die Entscheidung zur Weiterleitung gefallen ist. Somit wird das Problem der Anpassung der übertragungsenergie und -rate gelöst. Drei Wege zur gerechten Verteilung der Resourcen werden vorgeschlagen: das Modell gleicher Slotgrößen, das Modell der gleich bleibenden Datenverkehrsgröße, und nachfrage-orientiertes Schema. Das Problem der Slotzuordnung wird dann gelöst, um die Kapazität weiter zu verbessern. Außerdem werden Methoden vorgestellt, um innerhalb einer Zelle zwei oder mehr Frequenzen neben der primären Frequenz der Zelle zu nutzen. Diese zusätzlichen Frequenzen werden zur Vermittlung genutzt und man führt eine Wiederbenutzung der Frequenzen benachbarten Zellen durch. Daraus resultiert ein möglicher Zuwachs der Netzkapazität von bis zu 60\%. Zusätzlich zu diesem Gewinn erreicht man, dass bei steigender Anzahl von Terminals der Durchsatz pro Terminal nicht gegen Null geht, sondern sich pro Knoten ein konstanter Durchsatz erzielen lässt.</dc:description>
          <dc:date>2006-05-12</dc:date>
          <dc:type>doctoralthesis</dc:type>
          <dc:type>doc-type:doctoralthesis</dc:type>
          <dc:format>application/pdf</dc:format>
          <dc:identifier>http://opus4.kobv.de/opus4-tuberlin/frontdoor/index/index/docId/1255</dc:identifier>
          <dc:identifier>urn:nbn:de:kobv:83-opus-12841</dc:identifier>
          <dc:identifier>http://nbn-resolving.de/urn/resolver.pl?urn:nbn:de:kobv:83-opus-12841</dc:identifier>
          <dc:identifier>http://opus4.kobv.de/opus4-tuberlin/files/1255/mengesha_seble.pdf</dc:identifier>
          <dc:language>eng</dc:language>
          <dc:rights>Deutsches Urheberrecht mit Print on Demand (u.a. für Dissertationen empfohlen)</dc:rights>
        </oai_dc:dc>
      </metadata>
    </record>
  </GetRecord>
</OAI-PMH>
