<?xml version="1.0" encoding="utf-8"?>
<?xml-stylesheet type="text/xsl" href="xsl/oai2.xsl"?><OAI-PMH xmlns="http://www.openarchives.org/OAI/2.0/" xmlns:xsi="http://www.w3.org/2001/XMLSchema-instance" xsi:schemaLocation="http://www.openarchives.org/OAI/2.0/ http://www.openarchives.org/OAI/2.0/OAI-PMH.xsd">
  <responseDate>2014-10-15T06:50:17Z</responseDate>
  <request verb="GetRecord" metadataPrefix="oai_dc" identifier="oai:kobv.de-opus4-tuberlin:1250">http://opus4.kobv.de/opus4-tuberlin/oai</request>
  <GetRecord>
    <record>
      <header>
        <identifier>oai:kobv.de-opus4-tuberlin:1250</identifier>
        <datestamp>2013-07-01</datestamp>
        <setSpec>doc-type:doctoralthesis</setSpec>
        <setSpec>bibliography:false</setSpec>
        <setSpec>ddc</setSpec>
        <setSpec>ddc:620</setSpec>
      </header>
      <metadata>
        <oai_dc:dc xmlns:oai_dc="http://www.openarchives.org/OAI/2.0/oai_dc/" xmlns:dc="http://purl.org/dc/elements/1.1/" xsi:schemaLocation="http://www.openarchives.org/OAI/2.0/oai_dc/ http://www.openarchives.org/OAI/2.0/oai_dc.xsd">
          <dc:title xml:lang="deu">Analyse und Bewertung der Auswirkungen der Parkraumbewirtschaftung speziell in den Abend- und Nachtstunden</dc:title>
          <dc:title xml:lang="eng">analysis of the effects of parking space management especially during evening and night hours</dc:title>
          <dc:creator>Kaden, Lutz</dc:creator>
          <dc:subject>ddc:620</dc:subject>
          <dc:description xml:lang="deu">Die flächenhafte Parkraumbewirtschaftung hat sich als Instrumentarium der Verkehrssteue-rung in den vergangenen Jahrzehnten etabliert. Wegen der vielfältigen Einflussfaktoren rei-chen die bisherigen Erkenntnisse jedoch nicht aus, um gesicherte quantitative Vorhersagen zur Wirksamkeit von Bewirtschaftungskonzepten zu treffen. Zudem wurde die spezifische Problematik von Stadtgebieten mit sehr hoher Gastronomiedichte, die gerade in den Abend- und Nachtstunden unter dem ruhenden Verkehr leiden, bisher nicht adäquat berücksichtigt. Mit dieser Arbeit wurde untersucht, ob und unter welchen Voraussetzungen die flächenhafte Parkraumbewirtschaftung auch in den Abend- und Nachtstunden erfolgreich zur Steuerung des ruhenden Verkehrs eingesetzt werden kann. Zudem sollten die Ergebnisse zukünftig für quantitative Vorhersagen über die Wirksamkeit der Einführung von Bewirtschaftungskonzep-ten nutzbar sein. Zunächst wurde in den Jahren 2000 bis 2002 eine vielschichtige empirische Vorher-Nachher-Untersuchung in der Berliner Spandauer Vorstadt durchgeführt, in der erstmalig eine Bewirtschaftungszeit von 9 bis 24 Uhr an allen Tagen der Woche umgesetzt wurde. Die Untersuchung zeigte in den Abend- und Nachstunden im Gegensatz zu den Tagesstunden einen deutlich geringeren Auslastungsrückgang, keine dominierende Verdrängung von Be-schäftigten, keine Beeinträchtigung der Nachbargebiete, steigende Parkdauer der Kurz- und Mittelzeitparker und den dominierenden Einfluss der intensiveren Parkraumüberwachung. Die Ausprägungen der Erhebungsergebnisse zu Parkraumauslastung und Nutzergruppenan-teilen sowie der untersuchten Einflussfaktoren in jedem einzelnen Straßenabschnitt bildeten die disaggregierte Datenbasis für den zweiten Teil der Untersuchung. Mit Hilfe der Korrelati-ons- und Regressionsrechnung konnten darin die Richtung und die Stärke des Einflusses ausgewählter Einflussfaktoren auf die Wirkungsweise der Parkraumbewirtschaftung am Tage und in den Abend- und Nachtstunden bestimmt und quantifiziert werden. Die Verschieden-heit der Auswirkungen der flächenhaften Parkraumbewirtschaftung zwischen diesen beiden Zeiträumen konnte auf diese Weise deutlich herausgearbeitet werden. Im Ergebnis dieser Arbeit liegen empirisch nachgewiesene Zusammenhänge zwischen we-sentlichen Einflussgrößen und den Auswirkungen der flächenhaften Parkraumbewirtschaf-tung in Form von linearen Regressionsgleichungen vor. Die entwickelten Formeln ermögli-chen es, insbesondere die Parkraumauslastungsänderung in Folge der Einführung der flä-chenhaften Parkraumbewirtschaftung auf der Basis der Parkraumauslastung im Vorher-Zeitraum und der Einwohnerzahl blockkantenscharf zu prognostizieren. Damit bilden diese Ergebnisse zu den Reaktionen der Parkraumnutzer einen wichtigen neuen Baustein für Parkraumnachfragemodelle und Simulationen des ruhenden Verkehrs. Sie werden es den Planern in Zukunft erleichtern, bei der Ausgestaltung von Parkraumbewirtschaftungskonzep-ten die Wirkung der von ihnen vorgeschlagenen Maßnahmen zu prognostizieren. Als Fazit lässt sich festhalten, dass die flächenhafte Parkraumbewirtschaftung in den Abend- und Nachtstunden ein funktionstüchtiges Instrument zur Lösung der Probleme des ruhenden Verkehrs in Innenstadtgebieten mit einer hohen Dichte an gastronomischen und kulturellen Einrichtungen ist. Sie ist insbesondere in der Lage, unter bestimmten Voraussetzungen, die Probleme des ruhenden Verkehrs auch in den Abend- und Nachstunden zu lösen. Die Wir-kungsmechanismen in den Abend- und Nachstunden unterscheiden sich dabei maßgeblich von denen in den Tagesstunden, vor allem hinsichtlich der Verdrängung einzelner Nutzer-gruppen, der Bedeutung der verschiedenen Einflussfaktoren und der Auswirkungen auf Nachbargebiete.</dc:description>
          <dc:description xml:lang="eng">During the last decades, area-wide parking meter systems have become common as an ef-fective instrument of transport policy. Because of the great variety of influencing factors, re-sults are so far not sufficient to meet precise quantitative predictions about the effectiveness of parking space management concepts. Moreover, the specific problems of districts with a high density of catering trade have not been adequately analysed. These districts suffer in particular under parking traffic during evening and night times. The objective of this study was to examine if and on what conditions area-wide parking space management can be used successfully to control parking demand also during evening and night hours. The results of the study can be usable as a base to quantitatively predict the effects of parking space management concepts. During the years 2000 to 2002 an empirical ante and post analysis was carried out in Span-dauer Vorstadt area of Berlin. For the first time a parking meter time schedule daily from 9 a.m. to 12 p.m. has been set into action in this area. The analysis showed the following ef-fects during evening and night hours in contrast to the daytime hours: - a significantly smaller decline in parking lot occupancy, - no dominating displacement of employees’ cars, - no impairment of neighbouring areas, - rising parking lot occupancy duration of short and medium term parkers and - a dominating influence of intensified parking space surveillance. Results of the empirical analysis were taken as base data for the second part of the study. For that purpose, occupancy data and share of the different user groups as well as parame-ter values of the different tested influences were attributed to every street section. Trend and strength of the influence of some chosen factors on the effectiveness of parking space man-agement were assessed and quantified by use of correlations- und regression analysis dur-ing daytime hours as well as evening and night hours. By that, the different characteristics of the effects of the introduction of parking space management between these two time periods were clearly defined. As a result of the study, empirically proven coherences are available in form of linear regres-sions between important influences and main effects of parking space management . The developed formulas enable planners to predict the change of parking lot occupancy for every street section following the introduction of parking space management. The results concern-ing the reactions of user groups can be used as an important new tool for parking space de-mand models und simulations. That will support planners in forecasting the impact of pro-posed measures when designing parking space management concepts. It can be concluded that also during evening and night hours parking space management is an suitable instrument to control parking demand. Under certain conditions it can solve the parking problems in districts with a high density of catering trade and cultural institutions. The mechanisms of action differ significantly between daytime hours on the one side and evening and night hours on the other side. The main differences are in the displacement of different user groups, the importance of the different influences and the impairment of neighbouring areas.</dc:description>
          <dc:date>2006-04-28</dc:date>
          <dc:type>doctoralthesis</dc:type>
          <dc:type>doc-type:doctoralthesis</dc:type>
          <dc:format>application/pdf</dc:format>
          <dc:format>application/pdf</dc:format>
          <dc:identifier>http://opus4.kobv.de/opus4-tuberlin/frontdoor/index/index/docId/1250</dc:identifier>
          <dc:identifier>urn:nbn:de:kobv:83-opus-12661</dc:identifier>
          <dc:identifier>http://nbn-resolving.de/urn/resolver.pl?urn:nbn:de:kobv:83-opus-12661</dc:identifier>
          <dc:identifier>http://opus4.kobv.de/opus4-tuberlin/files/1250/kaden_lutz.pdf</dc:identifier>
          <dc:identifier>http://opus4.kobv.de/opus4-tuberlin/files/1250/kaden_lutz_anhang.pdf</dc:identifier>
          <dc:language>deu</dc:language>
          <dc:rights>Deutsches Urheberrecht mit Print on Demand (u.a. für Dissertationen empfohlen)</dc:rights>
        </oai_dc:dc>
      </metadata>
    </record>
  </GetRecord>
</OAI-PMH>
