<?xml version="1.0" encoding="utf-8"?>
<?xml-stylesheet type="text/xsl" href="xsl/oai2.xsl"?><OAI-PMH xmlns="http://www.openarchives.org/OAI/2.0/" xmlns:xsi="http://www.w3.org/2001/XMLSchema-instance" xsi:schemaLocation="http://www.openarchives.org/OAI/2.0/ http://www.openarchives.org/OAI/2.0/OAI-PMH.xsd">
  <responseDate>2014-10-15T06:43:37Z</responseDate>
  <request verb="GetRecord" metadataPrefix="oai_dc" identifier="oai:kobv.de-opus4-tuberlin:13">http://opus4.kobv.de/opus4-tuberlin/oai</request>
  <GetRecord>
    <record>
      <header>
        <identifier>oai:kobv.de-opus4-tuberlin:13</identifier>
        <datestamp>2013-07-01</datestamp>
        <setSpec>doc-type:doctoralthesis</setSpec>
        <setSpec>bibliography:false</setSpec>
        <setSpec>ddc</setSpec>
        <setSpec>ddc:540</setSpec>
      </header>
      <metadata>
        <oai_dc:dc xmlns:oai_dc="http://www.openarchives.org/OAI/2.0/oai_dc/" xmlns:dc="http://purl.org/dc/elements/1.1/" xsi:schemaLocation="http://www.openarchives.org/OAI/2.0/oai_dc/ http://www.openarchives.org/OAI/2.0/oai_dc.xsd">
          <dc:title xml:lang="deu">Die Protein-Umgebung des primären Donators P700 im Photosystem I : Biochemische und biophysikalische Charakterisierung von Mutanten der Grünalge Chlamydomonas reinhardtii</dc:title>
          <dc:title xml:lang="eng">The Protein Environment of the Primary Donor P700 in Photosystem I</dc:title>
          <dc:creator>Krabben, Ludwig</dc:creator>
          <dc:subject>ddc:540</dc:subject>
          <dc:description xml:lang="deu">Thema der Arbeit ist die Charakterisierung von mutierten Photosystem I(PSI)- Komplexen der Grünalge Chlamydomonas (C.) reinhardtii. Aminosäuren in der Umgebung des primären Elektronendonators P700 werden identifiziert und ihre Bedeutung für die Funktion des Proteinkomplexes untersucht. Bereits der nicht mutierte PSI-Komplex aus C. reinhardtii zeigt gegenüber Präparationen aus Pflanzen und Cyanobakterien Unterschiede in der Pigmentzusammensetzung des Proteinkomplexes und Abweichungen in den optischen Eigenschaften von P700. Die Verteilung der Spindichte im oxidierten P700+ und die Merkmale des Triplettzustandes sind im PSI der verglichenen Spezies hingegen identisch. Der Austausch der Aminosäuren Histidin-A676 in der Proteinuntereinheit PsaA und Histidin-B656 sowie Tyrosin-B659 in der Proteinuntereinheit PsaB des PSI wirkt sich auf den Proteingehalt in den Zellen aus und verändert die biophysikalischen Eigenschaften von P700. Die Substitution dieser Aminosäuren mit großen hydrophoben oder potentiell geladenen Seitenketten reduziert den Gehalt des Proteinkomplexes in den Zellen bis unter die Nachweisgrenze. Die geringe Konzentration an PSI in diesen Mutanten gestattet keine weitergehende biophysikalische Untersuchung. Mutationen, die kleine oder polare Aminosäuren an diesen Proteinpositionen generieren, führen zu Phänotypen, die eine moderate Menge des Photosystems akkumulieren. Die Modifizierung des Präparationsverfahrens zur Anreicherung des PSI und die Verwendung einer geeigneten Zellinie bilden die Voraussetzung für die biophysikalische Charakterisierung von P700 in diesen mutierten Proteinkomplexen. Die optischen Parameter, das Redoxpotential des primären Elektronendonators sowie die Spindichteverteilung im P700+-Radikal werden durch die Aminosäuresubstitutionen beeinflußt. Die Interpretation dieser Effekte führt mit den Literaturdaten zu dem Ergebnis, daß die beiden Histidine P700 axial ligandieren. Tyrosin-B659 in PsaB bindet sehr wahrscheinlich über eine H-Brücke an den Carbonylsauerstoff der Methylestergruppe des Chlorophyllmoleküls, das durch PsaB koordiniert wird. Die Resultate zeigen darüber hinaus, daß die beiden Chlorophyll-Moleküle, die P700 bilden, über kein gemeinsames Molekülorbital verfügen und somit kein supramolekulares System darstellen.</dc:description>
          <dc:date>2000-06-26</dc:date>
          <dc:type>doctoralthesis</dc:type>
          <dc:type>doc-type:doctoralthesis</dc:type>
          <dc:format>application/pdf</dc:format>
          <dc:identifier>http://opus4.kobv.de/opus4-tuberlin/frontdoor/index/index/docId/13</dc:identifier>
          <dc:identifier>urn:nbn:de:kobv:83-opus-42</dc:identifier>
          <dc:identifier>http://nbn-resolving.de/urn/resolver.pl?urn:nbn:de:kobv:83-opus-42</dc:identifier>
          <dc:identifier>http://opus4.kobv.de/opus4-tuberlin/files/13/krabben_ludwig.pdf</dc:identifier>
          <dc:language>deu</dc:language>
          <dc:rights>Deutsches Urheberrecht mit Print on Demand (u.a. für Dissertationen empfohlen)</dc:rights>
        </oai_dc:dc>
      </metadata>
    </record>
  </GetRecord>
</OAI-PMH>
