<?xml version="1.0" encoding="utf-8"?>
<?xml-stylesheet type="text/xsl" href="xsl/oai2.xsl"?><OAI-PMH xmlns="http://www.openarchives.org/OAI/2.0/" xmlns:xsi="http://www.w3.org/2001/XMLSchema-instance" xsi:schemaLocation="http://www.openarchives.org/OAI/2.0/ http://www.openarchives.org/OAI/2.0/OAI-PMH.xsd">
  <responseDate>2014-10-15T06:44:36Z</responseDate>
  <request verb="GetRecord" metadataPrefix="oai_dc" identifier="oai:kobv.de-opus4-tuberlin:112">http://opus4.kobv.de/opus4-tuberlin/oai</request>
  <GetRecord>
    <record>
      <header>
        <identifier>oai:kobv.de-opus4-tuberlin:112</identifier>
        <datestamp>2013-07-01</datestamp>
        <setSpec>doc-type:doctoralthesis</setSpec>
        <setSpec>bibliography:false</setSpec>
        <setSpec>ddc</setSpec>
        <setSpec>ddc:530</setSpec>
      </header>
      <metadata>
        <oai_dc:dc xmlns:oai_dc="http://www.openarchives.org/OAI/2.0/oai_dc/" xmlns:dc="http://purl.org/dc/elements/1.1/" xsi:schemaLocation="http://www.openarchives.org/OAI/2.0/oai_dc/ http://www.openarchives.org/OAI/2.0/oai_dc.xsd">
          <dc:title xml:lang="deu">Struktur von GaAs-Oberflächen und ihre Bedeutung für InAs-Quantenpunkte</dc:title>
          <dc:title xml:lang="eng">Structure of GaAs surfaces and their importance for InAs quantum dots</dc:title>
          <dc:creator>Márquez Bertoni, Juan Manuel</dc:creator>
          <dc:subject>ddc:530</dc:subject>
          <dc:description xml:lang="deu">Hintergrund der vorliegenden Arbeit war die Untersuchung der Form von selbst organisiert wachsenden InAs-Quantenpunkten. Motiviert von experimentellen Beobachtungen anderer Forschungsgruppen wurden zunächst hochindizierte GaAs-Oberflächen untersucht, um die atomaren Strukturen der planaren Substrate mit denen der Facetten der Quantenpunkte vergleichen zu können. Die Oberflächen wurden durch Molekularstrahlepitaxie präpariert und anschließend emphin situ, d.h. ohne die Ultrahochvakuum-Umgebung zu unterbrechen, mit Rastertunnelmikroskopie (STM) und Elektronenbeugung (LEED, RHEED) untersucht. Die Form der InAs-Quantenpunkte wurden ermittelt, indem dreidimensionale InAs-Inseln auf GaAs(001) gewachsen und unmittelbar nach ihrem Entstehen abgekühlt wurden, um sie mit dem STM untersuchen zu können. Die GaAs(-1-1-3)B-Oberfläche zeigt zwei unterschiedliche Phasen auf. Eine Ga-reiche Phase, die bereits beim Wachsen mit Hilfe von RHEED beobachtet wurde, besitzt eine (8x1)-Rekonstruktion und wird als die zur GaAs(113)A(8x1) analogen Rekonstruktion identifiziert. Die GaAs(-1-1-3)B(8x1)-Struktur wird aus Ga-Dimeren gebildet, die zu einer zickzackförmigen Reihe angeordnet sind. Dabei treten die Zickzackreihen in zwei unterschliedlichen atomaren Ebenen auf. Kennzeichnend für diese Oberfläche ist eine extrem anisotrope Stufenstruktur. Es wird festgestellt, daß die Zickzackreihen sehr lang ausgedehnt sein können. Mittels RHEED-Intensitätsoszillationen wird diese Anisotropie auf ein bevorzugtes Wachstum entlang einer Zickzackreihe zurückgeführt. Im Unterschied zur GaAs(113)A(8x1)-Oberfläche zeigt die GaAs(-1-1-3)B(8x1)-Oberfläche keine mesoskopische Welligkeit auf sondern sehr weite und glatte Terrassen. Eine zweite Phase wird unter As-reichen Präparationsbedingungen gefunden. Die atomaren Strukturen dieser Phase zeigen nur eine lokale Ordnung, die in der Lage sind, die Oberfläche gegenüber einem Zerfall in Oberflächen niedrigerer Energie, d.h., gegen eine Facettierung der Oberfläche, zu schützen. Auf der GaAs(114)A-Oberfläche werden ebenfalls zwei Phasen gefunden. Die atomare Anordnung einer As-reichen Phase, die während des Wachstums vorherrscht, kann auf ein bereits bestehendes Strukturmodell zurückgeführt werden. Diese Phase zeigt darüber hinaus eine Rauhigkeit auf atomarer Skala, die die Oberfläche in (113)- und (115)-orientierte Bereiche aufteilt. Unter Ga-reichen Präparationsbedingungen wird ein Übergang zu einer sehr glatten und wohlgeordneten Struktur beobachtet. Für diese Oberfläche wird ein Strukturmodell entwickelt, das verglichen mit der GaAs(-1-1-3)B(8x1) erstaunlich einfach aufgebaut ist. Es entsteht unmittelbar aus der idealen Oberfläche, ohne daß zusätzliche Atome hinzugefügt werden. Dieses mit GaAs(114)alpha2(2x1) bezeichnete Strukturmodell wird zusätzlich in Zusammenarbeit mit P. Kratzer durch ab-initio-Gesamtenergierechnungen als Niederenergiefläche bestätigt. Auf den Facetten von InAs-Quantenpunkten wird eine atomare Struktur gefunden, die auf keine der bisher untersuchten Oberflächen hindeutet. Statt dessen zeigen die 3D-Inseln ausgeprägte Facetten, deren Oberflächennormalen auf hochindizierte Oberflächen im Inneren des stereographischen Dreiecks deuteten. In Zusammenarbeit mit Experimenten an GaAs(2 5 11)-Flächen, die von L. Geelhaar an derselben Apparatur durchgeführt wurden, können die Facetten zweifelsfrei als {137}-Oberflächen identifiziert werden. Die Untersuchungen an den GaAs(2 5 11)-Oberflächen lassen den Schluß zu, daß die {137} lediglich semistabil sind. Die Semistabilität von {137} wird daher in Betracht gezogen, die schmale Größenverteilung von InAs-Quantenpunkten zu erklären. Darüber hinaus wird die atomare Struktur der Benetzungsschicht zwischen den Inseln mit derjenigen eines 1 Monolage dicken InAs-Films verglichen. Diese Experimente geben Grund zur Annahme, daß In nicht vollständig in die Kristallstruktur eingebaut wird, sondern eine lokal geordnete, schwach gebundene Schicht oberhalb einer (In/Ga)As-Mischstruktur bildet. Es wird daher vermutet, daß diese In-Schicht für die beobachtete hohe Mobilität von InAs auf GaAs verantwortlich ist.</dc:description>
          <dc:date>2001-03-06</dc:date>
          <dc:type>doctoralthesis</dc:type>
          <dc:type>doc-type:doctoralthesis</dc:type>
          <dc:format>application/pdf</dc:format>
          <dc:identifier>http://opus4.kobv.de/opus4-tuberlin/frontdoor/index/index/docId/112</dc:identifier>
          <dc:identifier>urn:nbn:de:kobv:83-opus-1077</dc:identifier>
          <dc:identifier>http://nbn-resolving.de/urn/resolver.pl?urn:nbn:de:kobv:83-opus-1077</dc:identifier>
          <dc:identifier>http://opus4.kobv.de/opus4-tuberlin/files/112/marquez_juan.pdf</dc:identifier>
          <dc:language>deu</dc:language>
          <dc:rights>Deutsches Urheberrecht mit Print on Demand (u.a. für Dissertationen empfohlen)</dc:rights>
        </oai_dc:dc>
      </metadata>
    </record>
  </GetRecord>
</OAI-PMH>
