<?xml version="1.0" encoding="utf-8"?>
<?xml-stylesheet type="text/xsl" href="xsl/oai2.xsl"?><OAI-PMH xmlns="http://www.openarchives.org/OAI/2.0/" xmlns:xsi="http://www.w3.org/2001/XMLSchema-instance" xsi:schemaLocation="http://www.openarchives.org/OAI/2.0/ http://www.openarchives.org/OAI/2.0/OAI-PMH.xsd">
  <responseDate>2014-10-15T06:44:42Z</responseDate>
  <request verb="GetRecord" metadataPrefix="oai_dc" identifier="oai:kobv.de-opus4-tuberlin:136">http://opus4.kobv.de/opus4-tuberlin/oai</request>
  <GetRecord>
    <record>
      <header>
        <identifier>oai:kobv.de-opus4-tuberlin:136</identifier>
        <datestamp>2013-07-01</datestamp>
        <setSpec>doc-type:doctoralthesis</setSpec>
        <setSpec>bibliography:false</setSpec>
        <setSpec>ddc</setSpec>
        <setSpec>ddc:540</setSpec>
      </header>
      <metadata>
        <oai_dc:dc xmlns:oai_dc="http://www.openarchives.org/OAI/2.0/oai_dc/" xmlns:dc="http://purl.org/dc/elements/1.1/" xsi:schemaLocation="http://www.openarchives.org/OAI/2.0/oai_dc/ http://www.openarchives.org/OAI/2.0/oai_dc.xsd">
          <dc:title xml:lang="deu">Analytik, Vorkommen und Verhalten aromatischer Sulfonamide in der aquatischen Umwelt</dc:title>
          <dc:title xml:lang="eng">Analysis and behaviour of aromatic sulfonamides in the aquatic environment</dc:title>
          <dc:creator>Hartig, Claudia</dc:creator>
          <dc:subject>ddc:540</dc:subject>
          <dc:description xml:lang="eng">Subject of this PhD-thesis are the analysis and behaviour of aromatic sulfonamides as organic micropollutants in the aquatic environment. On the grounds of their widespread application, bacteriostatics as well as benzene- and toluenesulfonamides (BTS) are investigated. Analysis of the sulfonamides consists of solid-phase extraction (LiChrolut EN) and HPLC-MS/MS. Limits of detection vary from 0.1-20 ng/L. The MS/MS detection is carried out in SRM mode. Matrix effects of the investigated secondary municipal effluent and surface water result in ionisation enhancement for most sulfonamides. The quantitation is carried out by internal calibration (stable isotopically-tagged internal standard). For identification purposes, product ion scans and SRM are utilised, false positive results are thus excluded as far as possible. As physicochemical methods for the removal of sulfonamides, nanofiltration and adsorption on powdered activated carbon (PAC) are investigated in laboratory systems. Nanofiltration with a membrane of a molecular weight cut off of 1000 g/mol leads to rejection rates of 50-75% at pH 5.4 and of 75-90% at pH 8 for the bacteriostatics. Rejection rates of BTS amount to 10-45% at both pH values. In single component solution, sulfmethoxazole and N-n-butylbenzenesulfonamide are well adsorbable on PAC. In spiked microfiltered secondary effluent, their adsorbability drops markedly. Filtration of this effluent with a tight ultrafiltration membrane leads to a better adsorbability of the sulfonamides in the permeates as compared to the feed water. Biological degradation is tested in aerobic batch tests (Zahn-Wellens) as well as in aerobic and anaerobic/anoxic soil columns. In the batch tests, all bacteriostatics are degradable. Two metabolites are identified. From their structure, the structure of the degradation products of the other bacteriostatics can be deduced. Three BTS are easily degradable and another three BTS are non-degradable in this test. In the soil columns, the degradability before a background-DOC is investigated. At continuous spiking with small amounts under aerobic conditions, the twelve tested bacteriostatics are degradable. The degradation rate depends on the heteroaromatic moiety. Six examined BTS are non-degradable under these conditions. At peak spiking with high concentrations, none of the sulfonamides is degraded aerobically whereas under anaerobic/anoxic conditions, two out of nine investigated bacteriostatics and four out of eight BTS are partially eliminated. Secondary effluents, receiving waters, surface waters, bank filtrates and raw waters are analysed for sulfonamides. In the investigated Berlin area, the bacteriostatics sulfmethoxazole, sulfadiazine, and sulfamerazine and the BTS N-n-butylbenzenesulfonamide, N-ethyltoluenesulfonamide, N-(phenylsulfonyl)sarcosine, and N-methylbenzenesulfonamide are detected. Effluent concentrations of municipal waste water treatment plants amount to 1-2000 ng/L, depending on the sulfonamide. It is shown that sulfonamides in the other water compartments originate from these treatment plants. Concentrations here range from 0-250 ng/L, depending on dilution and biological degradation. Waters from other regions exhibit different sulfonamide compositions and concentrations. In bank filtration, the concentrations depend on the water carrying path of the sulfonamides through the underground with the redox milieu as the most influential parameter.</dc:description>
          <dc:date>2000-11-01</dc:date>
          <dc:type>doctoralthesis</dc:type>
          <dc:type>doc-type:doctoralthesis</dc:type>
          <dc:format>application/pdf</dc:format>
          <dc:identifier>http://opus4.kobv.de/opus4-tuberlin/frontdoor/index/index/docId/136</dc:identifier>
          <dc:identifier>urn:nbn:de:kobv:83-opus-1315</dc:identifier>
          <dc:identifier>http://nbn-resolving.de/urn/resolver.pl?urn:nbn:de:kobv:83-opus-1315</dc:identifier>
          <dc:identifier>http://opus4.kobv.de/opus4-tuberlin/files/136/hartig_claudia.pdf</dc:identifier>
          <dc:language>deu</dc:language>
          <dc:rights>Deutsches Urheberrecht mit Print on Demand (u.a. für Dissertationen empfohlen)</dc:rights>
        </oai_dc:dc>
      </metadata>
    </record>
  </GetRecord>
</OAI-PMH>
