<?xml version="1.0" encoding="utf-8"?>
<?xml-stylesheet type="text/xsl" href="xsl/oai2.xsl"?><OAI-PMH xmlns="http://www.openarchives.org/OAI/2.0/" xmlns:xsi="http://www.w3.org/2001/XMLSchema-instance" xsi:schemaLocation="http://www.openarchives.org/OAI/2.0/ http://www.openarchives.org/OAI/2.0/OAI-PMH.xsd">
  <responseDate>2014-10-15T06:49:23Z</responseDate>
  <request verb="GetRecord" metadataPrefix="oai_dc" identifier="oai:kobv.de-opus4-tuberlin:1134">http://opus4.kobv.de/opus4-tuberlin/oai</request>
  <GetRecord>
    <record>
      <header>
        <identifier>oai:kobv.de-opus4-tuberlin:1134</identifier>
        <datestamp>2013-07-01</datestamp>
        <setSpec>doc-type:doctoralthesis</setSpec>
        <setSpec>bibliography:false</setSpec>
        <setSpec>ddc</setSpec>
        <setSpec>ddc:650</setSpec>
      </header>
      <metadata>
        <oai_dc:dc xmlns:oai_dc="http://www.openarchives.org/OAI/2.0/oai_dc/" xmlns:dc="http://purl.org/dc/elements/1.1/" xsi:schemaLocation="http://www.openarchives.org/OAI/2.0/oai_dc/ http://www.openarchives.org/OAI/2.0/oai_dc.xsd">
          <dc:title xml:lang="deu">Kapitalmarktintegration in Europa - Konsequenzen für Vermögensverwalter</dc:title>
          <dc:title xml:lang="eng">Capital Market Integration in Europe - Consequences for Asset Managers</dc:title>
          <dc:creator>Uhlmann, Iris</dc:creator>
          <dc:subject>ddc:650</dc:subject>
          <dc:description xml:lang="deu">Zentrale These der Dissertation ist, dass das Risiko von Aktien- und Anleihen-Portfolios durch internationale Diversifikation reduziert werden kann, dass sich nun aber durch die steigende Kapitalmarktintegration in Europa das Diversifikationspoten-tial durch Länderallokation reduziert hat, weshalb alternative Anlagen und auch Stilrotation als neue Diversifikationsmöglichkeiten genutzt werden können und sollten. Daher werden zunächst die Korrelationen für die Aktien- und Anleihenmärkte von 13 Industrieländern (wichtigste EU-Länder, USA, Japan, Australien, Schweiz) untereinander untersucht und wie sich diese Korrelationen im Zeitraum 1978-2003 entwickelt haben. In diese Untersuchung werden auch alternative Anlageklassen einbezogen und deren Beitrag zur Diversifikation eines Portfolios aufgezeigt. Einige frühere Studien hatten gezeigt, dass die Korrelationen an den Aktienmärkten in Konjunkturabschwüngen und in schlechten Börsenphasen stark ansteigen. Das Diversifikationspotential einer Länderallokation bei traditionellen Anlagen sinkt also genau dann, wenn die Risikoreduzierung durch Diversifikation besonders wichtig ist. Es folgt eine ausführliche Beschreibung und Beurteilung dieser alternativen Anlageklassen und ihres Diversifikationspotentials aufgrund ihrer meist niedrigen Korrelation zu Aktien und Anleihen. Des Weiteren wird untersucht, ob sich durch eine Rotation von Investmentstilen eine neue Diversifikationsebene erschließen lässt. Die Arbeit endet mit einer Befragung von Vermögensverwaltern nach ihrer künftigen Ausrichtung in einem gemeinsamen europäischen Kapitalmarkt. Sie bestätigen im Wesentlichen die Tendenz zu einem Wechsel von einer Länder- zu einer Branchen-allokation innerhalb Europas, zu einer zunehmenden Differenzierung nach Investment-stil und zu einer stärkeren Einbeziehung alternativer Anlagen bei Privatkunden.</dc:description>
          <dc:description xml:lang="eng">The central thesis of this dissertation is that the benefits of international diversification - the traditional way of reducing risk in equity and bond portfolios - have dwindled as a result of increasing capital market integration in Europe, and that alternative assets and also style rotation can and should be used as new diversification vehicles. Starting point is the analysis of correlations between the equity and bond markets of 13 industrialized countries (the main EU-countries, USA, Japan, Australia, and Switzerland) and of their long term trend between 1978 and 2003. In a second step, the same analysis is done for alternative assets to assess their diversification potential for equity and bond portfolios. Their contribution to portfolio risk reduction is all the more important as earlier studies have shown that correlations between equity markets increase strongly in periods of large negative returns such as recessions and bear markets. It is precisely when the benefit of international diversification is most needed that international correlations increase. Consequently, the dissertation extensively describes and analyzes different alternative assets and their diversification potential resulting from their usually low correlation with stocks and bonds. In a next step, the potential benefits of investment style and style rotation are being researched to assess if these provide a new level of diversification. The dissertation concludes with a survey among asset managers as to their future investment policy in a common European capital market. They essentially confirm the trend towards changing from a country to a sector allocation within Europe, a growing focus on investment styles and an increased inclusion of alternative assets in private clients’ portfolios.</dc:description>
          <dc:date>2005-11-04</dc:date>
          <dc:type>doctoralthesis</dc:type>
          <dc:type>doc-type:doctoralthesis</dc:type>
          <dc:format>application/pdf</dc:format>
          <dc:identifier>http://opus4.kobv.de/opus4-tuberlin/frontdoor/index/index/docId/1134</dc:identifier>
          <dc:identifier>urn:nbn:de:kobv:83-opus-11383</dc:identifier>
          <dc:identifier>http://nbn-resolving.de/urn/resolver.pl?urn:nbn:de:kobv:83-opus-11383</dc:identifier>
          <dc:identifier>http://opus4.kobv.de/opus4-tuberlin/files/1134/uhlmann_iris.pdf</dc:identifier>
          <dc:language>deu</dc:language>
          <dc:rights>Deutsches Urheberrecht mit Print on Demand (u.a. für Dissertationen empfohlen)</dc:rights>
        </oai_dc:dc>
      </metadata>
    </record>
  </GetRecord>
</OAI-PMH>
