<?xml version="1.0" encoding="utf-8"?>
<?xml-stylesheet type="text/xsl" href="xsl/oai2.xsl"?><OAI-PMH xmlns="http://www.openarchives.org/OAI/2.0/" xmlns:xsi="http://www.w3.org/2001/XMLSchema-instance" xsi:schemaLocation="http://www.openarchives.org/OAI/2.0/ http://www.openarchives.org/OAI/2.0/OAI-PMH.xsd">
  <responseDate>2014-10-15T06:49:13Z</responseDate>
  <request verb="GetRecord" metadataPrefix="oai_dc" identifier="oai:kobv.de-opus4-tuberlin:1092">http://opus4.kobv.de/opus4-tuberlin/oai</request>
  <GetRecord>
    <record>
      <header>
        <identifier>oai:kobv.de-opus4-tuberlin:1092</identifier>
        <datestamp>2013-07-01</datestamp>
        <setSpec>doc-type:doctoralthesis</setSpec>
        <setSpec>bibliography:false</setSpec>
        <setSpec>ddc</setSpec>
        <setSpec>ddc:540</setSpec>
      </header>
      <metadata>
        <oai_dc:dc xmlns:oai_dc="http://www.openarchives.org/OAI/2.0/oai_dc/" xmlns:dc="http://purl.org/dc/elements/1.1/" xsi:schemaLocation="http://www.openarchives.org/OAI/2.0/oai_dc/ http://www.openarchives.org/OAI/2.0/oai_dc.xsd">
          <dc:title xml:lang="deu">Strukturelle Untersuchungen an der Ribonukleotid Reduktase und der Pyruvat:Ferredoxin Oxidoreduktase mittels ESR und ENDOR Spektroskopie</dc:title>
          <dc:title xml:lang="eng">Structural investigations on Ribonucleotide Reductase and Pyruvate:Ferredoxin Oxidoreductase via EPR and ENDOR Spectroscopy</dc:title>
          <dc:creator>Galander, Marcus</dc:creator>
          <dc:subject>ddc:540</dc:subject>
          <dc:description xml:lang="deu">Radikale sind als transiente Intermediate aktive Bestandteile der katalytischen Funktion vieler Enzyme. Radikalenzyme treiben einen großen Bereich biologischer Reaktionen. Diese Reaktionen sind mit spezifischen lokalen und strukturellen Änderungen des jeweiligen Enzyms verbunden. Deren Kenntnis ist für das Verständnis des Reaktionsmechanismus von entscheidender Bedeutung. Aufgrund ihrer kurzen Lebendsdauer und ihrer hohen Reaktivität ist die Konformation von Radikalintermediaten der Röntgenstrukturanalyse jedoch meist unzugänglich. Im Rahmen dieser Arbeit wird gezeigt, wie durch die Kombination von ESR und ENDOR Spektroskopie Methoden strukturelle Aussagen über Konformation aktiver Radikalintermediate gewonnen werden können. Die Reduktion von Ribonukleotid zu Deoxyribonukleotid durch die Ribonukleotid Reduktase wird von einem aktiven Tyrosinradikal in unmittelbarer Nähe eines zweikernigen Eisenzentrums (Fe(III)-Fe(III)) initiiert. Im ersten Teil dieser Arbeit wird das Tyrosinradikal mit einer Ausbeute von 10% in Einkristallen von der Untereinheit R2 in Escherichia coli und in Salmonella typhimurium erzeugt und untersucht. Die Orientierung des aktiven Tyrosinradikals gegenüber der inaktiven reduzierten Form der Röntgenstrukturanalyse wird erstmalig mit Hochfeld Einkristall-ESR bestimmt. Des weiteren werden gekoppelte Eisenzentren und gekoppelte Eisen-Radikalzentren der Radikalgenerierungsreaktion in der Ribonukleotid Reduktase mit Hilfe von ESR und 14N, 1H und 57Fe ENDOR untersucht. In einigen Mutanten von R2 E.coli werden nach der Reaktion des zweikernigen Eisenzentrums mit molekularem Sauerstoff stabile paramagnetische Zentren beobachtet, ohne dass es zur Ausbildung des aktiven Tyrosinradikals kommt. Das paramagnetische Zentrum</dc:description>
          <dc:description xml:lang="eng">Transient radical intermediates are essential for the catalytic function of various enzymes in a wide range of biological reactions. The formation of these radical intermediates during the catalytic cycle of these enzymes is induced by specific local structural changes of the protein. These local structural changes are of high interest to understand the catalytic mechanism, they are usually not detectable by x-ray crystallography. This work demonstrates the possibilities to detect conformational changes during the formation of active radical intermediates by a combination of EPR and ENDOR techniques. The reduction of ribonucleotides to the corresponding deoxyribonucleotides by the ribonucleotide reductase is initiated by a stable tyrosyl radical nearby a diiron center in the Fe(III)-Fe(III) state. The first part of this work describes the possibility to generated the tyrosyl radical in single crystals of R2 Escherichia coli and R2F Salmonella typhimurium with a total amount of 10%. For the first time the reorientation of the active tyrosyl radical with respect to the inactive met form of the x-ray structure is obtained by single-crystal high-field EPR. In the following part of the work coupled diiron centers and coupled diiron-radical centers during the radical generating reaction of ribonucleotide reductase are investigated by EPR and 14N, 1H and 57Fe ENDOR. Some mutants of R2 E.coli contain different paramagnetic centers without the formation of the active tyrosyl radical. In this work the paramagnetic center</dc:description>
          <dc:date>2005-09-02</dc:date>
          <dc:type>doctoralthesis</dc:type>
          <dc:type>doc-type:doctoralthesis</dc:type>
          <dc:format>application/pdf</dc:format>
          <dc:identifier>http://opus4.kobv.de/opus4-tuberlin/frontdoor/index/index/docId/1092</dc:identifier>
          <dc:identifier>urn:nbn:de:kobv:83-opus-10873</dc:identifier>
          <dc:identifier>http://nbn-resolving.de/urn/resolver.pl?urn:nbn:de:kobv:83-opus-10873</dc:identifier>
          <dc:identifier>http://opus4.kobv.de/opus4-tuberlin/files/1092/galander_marcus.pdf</dc:identifier>
          <dc:language>deu</dc:language>
          <dc:rights>Deutsches Urheberrecht mit Print on Demand (u.a. für Dissertationen empfohlen)</dc:rights>
        </oai_dc:dc>
      </metadata>
    </record>
  </GetRecord>
</OAI-PMH>
