<?xml version="1.0" encoding="utf-8"?>
<?xml-stylesheet type="text/xsl" href="xsl/oai2.xsl"?><OAI-PMH xmlns="http://www.openarchives.org/OAI/2.0/" xmlns:xsi="http://www.w3.org/2001/XMLSchema-instance" xsi:schemaLocation="http://www.openarchives.org/OAI/2.0/ http://www.openarchives.org/OAI/2.0/OAI-PMH.xsd">
  <responseDate>2014-10-15T06:50:43Z</responseDate>
  <request verb="GetRecord" metadataPrefix="oai_dc" identifier="oai:kobv.de-opus4-tuberlin:1353">http://opus4.kobv.de/opus4-tuberlin/oai</request>
  <GetRecord>
    <record>
      <header>
        <identifier>oai:kobv.de-opus4-tuberlin:1353</identifier>
        <datestamp>2013-07-01</datestamp>
        <setSpec>doc-type:doctoralthesis</setSpec>
        <setSpec>bibliography:false</setSpec>
        <setSpec>ddc</setSpec>
        <setSpec>ddc:150</setSpec>
      </header>
      <metadata>
        <oai_dc:dc xmlns:oai_dc="http://www.openarchives.org/OAI/2.0/oai_dc/" xmlns:dc="http://purl.org/dc/elements/1.1/" xsi:schemaLocation="http://www.openarchives.org/OAI/2.0/oai_dc/ http://www.openarchives.org/OAI/2.0/oai_dc.xsd">
          <dc:title xml:lang="deu">Vergleich telefonischer und postalischer Befragung zur Erfassung der psychosozialen Gesundheit von Kindern und Jugendlichen im Selbst- und Fremdurteil</dc:title>
          <dc:title xml:lang="eng">A comparison of telephone and mail survey methods for the self and proxy-assessment of the psychosocial health of children and adolescents.</dc:title>
          <dc:creator>Wetzel, Ralf M.</dc:creator>
          <dc:subject>ddc:150</dc:subject>
          <dc:description xml:lang="deu">In den Gesundheitswissenschaften hat sich neben der postalischen Befragungsmethode die Telefonbefragung als Standardverfahren etabliert. Als unzureichend untersucht muss die Möglichkeit der telefonischen Befragung von Kindern und Jugendlichen angesehen werden. Insbesondere besteht für diesen Altersbereich ein Mangel an expliziten Vergleichstudien telefonischer und postalischer Befragungsmethoden. Im Zentrum dieser Arbeit steht nun die Betrachtung befragungsmethodischer Implikationen auf den Bereich der Erfassung der psychosozialen Gesundheit. Im Rahmen eines Vergleichs telefonischer und postalischer Befragungsmethoden wurde der KINDL-R als Instrument zur Messung der gesundheitsbezogenen Lebensqualität und der SDQ zur Erfassung der psychischen Gesundheit von Kindern und Jugendlichen jeweils in den vorliegenden Selbst- bzw. Fremdbeurteilerversionen eingesetzt. In die randomisierte Querschnittsstudie konnten 916 postalisch und 825 telefonisch befragte Haushalte einbezogen werden. Getroffen werden Aussagen darüber, inwieweit ein alternativer Einsatz der untersuchten Befragungsmethoden möglich ist. Eine Spezifizierung der Aussagen erfolgt für die Variablen Alter, Geschlecht und sozioökonomischer Status. Zunächst konnte gezeigt werden, dass der telefonische Zugangsweg nicht zu einer von der postalischen Befragung abweichenden Stichprobenzusammensetzung führt. Grundsätzlich erwiesen sich der KINDL-R und der SDQ für eine telefonische Befragung von Kindern und Jugendlichen als gut geeignet. Für beide geprüften Verfahren konnten dennoch eine Reihe statistisch signifikanter befragungsmethodisch bedingter Unterschiede festgestellt werden. Bei telefonisch Befragten zeigt sich dabei in der Regel ein positiveres Antwortverhalten. Obwohl die ermittelten Effektstärken lediglich auf eine marginale bis kleine Bedeutsamkeit dieser Unterschiede verweist, kann ein unmittelbarer Vergleich telefonisch bzw. postalisch erhobener Daten somit nicht uneingeschränkt empfohlen werden. Ausnahme stellt übereinstimmend der Altersbereich der acht bis 11-jährigen Kinder dar. Hier konnten sowohl im Selbst- als auch im Fremdurteil nahezu ausnahmslos Übereinstimmungen festgestellt werden. Nach vorliegenden Ergebnissen ist die Entwicklung von Korrekturfaktoren bzw. die Erhebung einer zusätzlichen telefonischen Normstichprobe als empfehlenswert anzusehen.</dc:description>
          <dc:description xml:lang="eng">The telephone interview has established itself alongside the mail questionnaire as a standard mode of administration in health surveys. However, until now the feasibility of telephone interviews with children and adolescents has not been sufficiently examined. There is a particular lack of studies specifically comparing telephone and mail survey methods for this age group. The main objective of this study is the examination of methodological implications for the assessment of psychosocial health. In the context of comparing telephone and mail survey methods, the KINDL-R was used to assess the health-related quality of life of children and adolescents. The Strengths and Difficulties Questionnaire (SDQ) was employed for the assessment of respondents’ mental health. Both instruments were utilised in the available versions for self-report and proxy assessment. In a randomised cross-sectional study 916 households were questioned on the basis of mailed questionnaires. 825 households were interviewed by telephone. Results are presented as to whether the examined survey methods can be considered as alternatives to each other and be utilised as such. Specific results were obtained for the variables age, sex and socio-economic status. First of all, it could be shown that the utilisation of telephone interviews did not lead to sample characteristics that differed from those in the mail survey. The self-report and proxy versions of the KINDL-R and SDQ were found to be suitable instruments for telephone interviews of children and adolescents. However, on comparing data obtained by telephone interviews with those collected in the mail survey, a range of statistically significant differences were found for both instruments. In general, children, adolescents and parents interviewed by telephone responded in more positive way. However, the effect sizes found indicate that these differences are only of marginal to small relevance. Nevertheless, the direct comparison of data collected by telephone and mail surveys cannot be recommended without some restrictions. For children aged eight to 11 however, hardly any differences were found on comparing the two survey methods. The results found suggest future research should concentrate on the development of correction factors or the collection of normative data for telephone surveys.</dc:description>
          <dc:date>2006-10-12</dc:date>
          <dc:type>doctoralthesis</dc:type>
          <dc:type>doc-type:doctoralthesis</dc:type>
          <dc:format>application/pdf</dc:format>
          <dc:identifier>http://opus4.kobv.de/opus4-tuberlin/frontdoor/index/index/docId/1353</dc:identifier>
          <dc:identifier>urn:nbn:de:kobv:83-opus-13995</dc:identifier>
          <dc:identifier>http://nbn-resolving.de/urn/resolver.pl?urn:nbn:de:kobv:83-opus-13995</dc:identifier>
          <dc:identifier>http://opus4.kobv.de/opus4-tuberlin/files/1353/wetzel_ralf.pdf</dc:identifier>
          <dc:language>deu</dc:language>
          <dc:rights>Deutsches Urheberrecht mit Print on Demand (u.a. für Dissertationen empfohlen)</dc:rights>
        </oai_dc:dc>
      </metadata>
    </record>
  </GetRecord>
</OAI-PMH>
