<?xml version="1.0" encoding="utf-8"?>
<?xml-stylesheet type="text/xsl" href="xsl/oai2.xsl"?><OAI-PMH xmlns="http://www.openarchives.org/OAI/2.0/" xmlns:xsi="http://www.w3.org/2001/XMLSchema-instance" xsi:schemaLocation="http://www.openarchives.org/OAI/2.0/ http://www.openarchives.org/OAI/2.0/OAI-PMH.xsd">
  <responseDate>2014-10-15T06:49:20Z</responseDate>
  <request verb="GetRecord" metadataPrefix="oai_dc" identifier="oai:kobv.de-opus4-tuberlin:1119">http://opus4.kobv.de/opus4-tuberlin/oai</request>
  <GetRecord>
    <record>
      <header>
        <identifier>oai:kobv.de-opus4-tuberlin:1119</identifier>
        <datestamp>2013-07-01</datestamp>
        <setSpec>doc-type:doctoralthesis</setSpec>
        <setSpec>bibliography:false</setSpec>
        <setSpec>ddc</setSpec>
        <setSpec>ddc:540</setSpec>
      </header>
      <metadata>
        <oai_dc:dc xmlns:oai_dc="http://www.openarchives.org/OAI/2.0/oai_dc/" xmlns:dc="http://purl.org/dc/elements/1.1/" xsi:schemaLocation="http://www.openarchives.org/OAI/2.0/oai_dc/ http://www.openarchives.org/OAI/2.0/oai_dc.xsd">
          <dc:title xml:lang="deu">Beiträge zur Synthese neuer Liganden für Übergangsmetalle und deren Anwendung in der Katalyse</dc:title>
          <dc:title xml:lang="eng">Synthesis of new ligands and applications in catalysis</dc:title>
          <dc:creator>Eck, Marko</dc:creator>
          <dc:subject>ddc:540</dc:subject>
          <dc:description xml:lang="deu">Im ersten Teil der Arbeit wurde die Synthese von 2,7-disubstituierten Indenen (als Vorläufer für η5-Liganden) realisiert. Darüber hinaus konnte das Einbringen der chiralen Information in die 7-Position des Indens via Nickel-katalysierter Kumada-Kupplung realisiert werden. Als chirales Grignard-Reagenz wurde (-)-Menthylmagnesiumchlorid eingesetzt, welches aus (-)-Menthylchlorid generiert wurde. Die Reaktion konnte jedoch nicht selektiv hinsichtlich des gewünschten Produktes geführt werden. In einem weiteren Teil der Arbeit konnten neue NHC-Liganden und Metathese-Katalysatorsysteme realisiert werden. Es gelang einen Grubbs-II-homologen Katalysator mit einem unsymmetrisch substituierten NHC-Liganden und gesättigtem Rückgrat darzustellen. Darüber hinaus konnte ein Nolan-Typ-Katalysator auf der Basis eines achiralen unsymmetrisch substituierten Oxazolin-NHC-Liganden mit ungesättigtem Rückgrat synthetisiert werden. Derartige Ligandensysteme wurden bis dato ausschließlich mit Pd-Quellen zu entsprechenden Komplexen umgesetzt. Beide Katalysatorsysteme wurden erfolgreich in entsprechenden Benchmark-Systemen Aktivitätsstudien unterworfen. Darüber hinaus konnte die Synthese eines unsymmetrisch substituierten non-NHC-Liganden (ausgehend vom entsprechenden Iminiumsalz als Vorläufer) realisiert werden. Hier konnte das freie Carben nachgewiesen werden. Die Umsetzung mit div. Rutheniumkomplexen verlief weitestgehend erfolglos. Im Falle der Umsetzung mit dem p-Cymol(RuCl2)-Dimer konnte die Umsetzung zu einem einkernigen η6-Ruthenium-Komplex beobachtet werden, welcher als Rohprodukt erhalten werden konnte. In einem weiteren Teil der Arbeit konnte die Synthese ROMPgel-geträgerter Imidazoliumsalze vom Arduendo-Typ erfolgreich realisiert werden. Hierzu konnten als monomere Vorläufer entsprechend funktionalisierte Norbonenderivate genutzt werden und deren ROMP wurde mittels Grubbs-II initiiert und untersucht. Die erhaltenen Verbindungen wurden auf Ihre Eignung als Umpolungskatalysatoren getestet.</dc:description>
          <dc:description xml:lang="eng">The PhD-thesis discribes the synthesis of new ligands and applications in catalysis.</dc:description>
          <dc:date>2005-10-25</dc:date>
          <dc:type>doctoralthesis</dc:type>
          <dc:type>doc-type:doctoralthesis</dc:type>
          <dc:format>application/pdf</dc:format>
          <dc:identifier>http://opus4.kobv.de/opus4-tuberlin/frontdoor/index/index/docId/1119</dc:identifier>
          <dc:identifier>urn:nbn:de:kobv:83-opus-11182</dc:identifier>
          <dc:identifier>http://nbn-resolving.de/urn/resolver.pl?urn:nbn:de:kobv:83-opus-11182</dc:identifier>
          <dc:identifier>http://opus4.kobv.de/opus4-tuberlin/files/1119/eck_marko.pdf</dc:identifier>
          <dc:language>deu</dc:language>
          <dc:rights>Deutsches Urheberrecht mit Print on Demand (u.a. für Dissertationen empfohlen)</dc:rights>
        </oai_dc:dc>
      </metadata>
    </record>
  </GetRecord>
</OAI-PMH>
