<?xml version="1.0" encoding="utf-8"?>
<?xml-stylesheet type="text/xsl" href="xsl/oai2.xsl"?><OAI-PMH xmlns="http://www.openarchives.org/OAI/2.0/" xmlns:xsi="http://www.w3.org/2001/XMLSchema-instance" xsi:schemaLocation="http://www.openarchives.org/OAI/2.0/ http://www.openarchives.org/OAI/2.0/OAI-PMH.xsd">
  <responseDate>2014-10-15T06:49:06Z</responseDate>
  <request verb="GetRecord" metadataPrefix="oai_dc" identifier="oai:kobv.de-opus4-tuberlin:1065">http://opus4.kobv.de/opus4-tuberlin/oai</request>
  <GetRecord>
    <record>
      <header>
        <identifier>oai:kobv.de-opus4-tuberlin:1065</identifier>
        <datestamp>2014-08-21</datestamp>
        <setSpec>doc-type:doctoralthesis</setSpec>
        <setSpec>bibliography:false</setSpec>
        <setSpec>ddc</setSpec>
        <setSpec>ddc:620</setSpec>
      </header>
      <metadata>
        <oai_dc:dc xmlns:oai_dc="http://www.openarchives.org/OAI/2.0/oai_dc/" xmlns:dc="http://purl.org/dc/elements/1.1/" xsi:schemaLocation="http://www.openarchives.org/OAI/2.0/oai_dc/ http://www.openarchives.org/OAI/2.0/oai_dc.xsd">
          <dc:title xml:lang="deu">Performance Management : eine Stakeholder-Nutzen-orientierte und Geschäftsprozess-basierte Methode</dc:title>
          <dc:title xml:lang="eng">Performance Management : a stakeholder value oriented and business process based method</dc:title>
          <dc:creator>Krause, Oliver</dc:creator>
          <dc:subject>ddc:620</dc:subject>
          <dc:description xml:lang="deu">Bestehende Ansätze des Performance Managements weisen einige signifikante Schwächen auf: Die Vorgehensmodelle orientieren sich an der bestehenden Aufbauorganisation statt an der Soll-Ablauforganisation und führen zu weitgehend statischen Performance Managementsystemen. Der Fokus auf Finanzergebnisindikatoren birgt Gefahren für ein dauerhaft hohes Engagement der Mitarbeiter. Schließlich ist eine Konkretisierungslücke zwischen strategischen PM Konzepten vom Typ Shareholder Value und Balanced Scorecard, den operativen Konzepten des Geschäftsprozessmanagements sowie den technologischen Konzepten aus dem Bereich ERP bzw. Business Intelligence festzustellen. Das vorgestellte Instrumentarium basiert auf einem Performance-Verständnis das den Nutzen für relevante Stakeholder, etwa der Kunden, Kapitalgeber und Mitarbeiter in den Vordergrund stellt. Nachhaltig hohe finanzielle Performance ist die Folge einer Orientierung auf den Stakeholder-Nutzen und wird durch die Einführung effektiver Performance Managementsysteme erreicht. Deren Grundstruktur basiert auf der Verknüpfung kritischer Erfolgsfaktoren im relevanten Markt mit den Geschäftsprozessen und Performance-Verbesserungsprojekten einer Organisation durch aussagefähige Performance-Indikatoren. Die Anwendungsfelder für derartige Performance Managementsysteme reichen von der Transformation von Organisationen über die Optimierung und strategische Ausrichtung des Projektportfolios bis zum Management erfolgskritischer Geschäftsprozesse. &#13;
Gedruckte Version erschienen im Deutschen Universitätsverlag (ISBN 3-8350-0340-2). </dc:description>
          <dc:date>2005-06-17</dc:date>
          <dc:type>doctoralthesis</dc:type>
          <dc:type>doc-type:doctoralthesis</dc:type>
          <dc:format>application/pdf</dc:format>
          <dc:identifier>http://opus4.kobv.de/opus4-tuberlin/frontdoor/index/index/docId/1065</dc:identifier>
          <dc:identifier>urn:nbn:de:kobv:83-opus-10495</dc:identifier>
          <dc:identifier>http://nbn-resolving.de/urn/resolver.pl?urn:nbn:de:kobv:83-opus-10495</dc:identifier>
          <dc:identifier>3-8350-0340-2</dc:identifier>
          <dc:identifier>http://opus4.kobv.de/opus4-tuberlin/files/1065/krause_oliver.pdf</dc:identifier>
          <dc:language>deu</dc:language>
          <dc:rights>Deutsches Urheberrecht</dc:rights>
        </oai_dc:dc>
      </metadata>
    </record>
  </GetRecord>
</OAI-PMH>
