<?xml version="1.0" encoding="utf-8"?>
<?xml-stylesheet type="text/xsl" href="xsl/oai2.xsl"?><OAI-PMH xmlns="http://www.openarchives.org/OAI/2.0/" xmlns:xsi="http://www.w3.org/2001/XMLSchema-instance" xsi:schemaLocation="http://www.openarchives.org/OAI/2.0/ http://www.openarchives.org/OAI/2.0/OAI-PMH.xsd">
  <responseDate>2014-10-15T06:44:39Z</responseDate>
  <request verb="GetRecord" metadataPrefix="oai_dc" identifier="oai:kobv.de-opus4-tuberlin:123">http://opus4.kobv.de/opus4-tuberlin/oai</request>
  <GetRecord>
    <record>
      <header>
        <identifier>oai:kobv.de-opus4-tuberlin:123</identifier>
        <datestamp>2013-07-01</datestamp>
        <setSpec>doc-type:doctoralthesis</setSpec>
        <setSpec>bibliography:false</setSpec>
        <setSpec>ddc</setSpec>
        <setSpec>ddc:620</setSpec>
      </header>
      <metadata>
        <oai_dc:dc xmlns:oai_dc="http://www.openarchives.org/OAI/2.0/oai_dc/" xmlns:dc="http://purl.org/dc/elements/1.1/" xsi:schemaLocation="http://www.openarchives.org/OAI/2.0/oai_dc/ http://www.openarchives.org/OAI/2.0/oai_dc.xsd">
          <dc:title xml:lang="deu">Verbesserung der Effizienz der FDTD-Methode für die Analyse von koplanaren MMICs</dc:title>
          <dc:title xml:lang="eng">Efficiency improvement of the FDTD method for the analysis of coplanar MMICs</dc:title>
          <dc:creator>Huynh, Ngoc-Hoa</dc:creator>
          <dc:subject>ddc:620</dc:subject>
          <dc:description xml:lang="deu">Die vorliegende Arbeit befaßt sich mit der Effizienzsteigerung der Finite-Differenzen-Methode im Zeitbereich (FDTD-Methode) im Hinblick auf die Analyse von passiven koplanaren Strukturen. Die FDTD-Methode ist ein numerisches Verfahren zur Berechnung elektromagnetischer Felder. Der numerische Aufwand bei der Simulation von koplanaren Monolithic Microwave Integrated Circuits (MMICs) mit der konventionellen Finite-Differenzen-Methode ist relativ hoch. Zur Verbesserung dieser Situation werden verschiedene Lösungsansätze vorgestellt: 1) eine veränderte Darstellung der Feldgrößen im FDTD-Algorithmus, die Rechenzeit einspart 2) die Behandlung von offenen Strukturen mittels der PML-Randbedingung (PML: Perfectly Matched Layer) 3) die Berücksichtigung der Feldsingularitäten an metallischen Ecken und Kanten, wobei der letzte Punkt den Schwerpunkt der Arbeit bildet. Die Verwendung der PML-Randbedingung steigert die Genauigkeit des Verfahrens im Falle von offenen Randbedingungen, wie sie z.B. bei der Simulation von Abstrahlungseffekten auf Leitungen benötigt werden. Auf diese Weise wurde das Ausbreitungsverhalten der Koplanarleitung mit endlicher Masseleiterbreite im Frequenzbereich bis 1000 GHz berechnet. Koplanare MMICs enthalten oft eine große Anzahl von metallischen Kanten und Ecken, an denen bei Annahme idealer Leiter Feldsingularitäten auftreten. Diese Stellen erhöhen den numerischen Aufwand, da sie eine feine Diskretisierung erfordern. Die Einbindung des Feldverhaltens der Singularitäten in das FDTD-Verfahren ermöglicht eine wesentlich effizientere Diskretisierung, so daß der numerische Aufwand drastisch reduziert wird. Die Ergebnisse zeigen, daß bei gleicher Genauigkeit die Rechenzeit um den Faktor 30 und der Speicherbedarf um den Faktor 5 reduziert werden kann. Der neue Ansatz läßt sich sowohl im Zeit- als auch im Frequenzbereich anwenden.</dc:description>
          <dc:description xml:lang="eng">This work shows how one can increase the efficiency of the FDTD method (Finite Difference in Time Domain) for the analysis of passive coplanar structures. The FDTD method is a numerical approach for calculating electromagnetic fields. The numerical effort in the computation of coplanar monolithic microwave integrated circuits (MMICs) by means of the finite difference method is relatively high. In order to improve this situation, different approaches are presented: 1) new formulation of the FDTD algorithm which saves CPU time 2) PML boundary condition (Perfecly Matched Layer) for simulation of open structures 3) incorporation of field singularities at metallic egdes and corners which forms the main part of this work. The use of PML boundary condition increases the accuracy of the FDTD method when open struc-tures are simulated. This fact enables us to investigate radiating effects of coplanar wave guide (CPW) with finite ground width up to 1000 GHz. Coplanar MMICs include often a large number of metallic edges and corners, which increase the numerical effort because of the fine discretization. Incorporating the field behaviour at such locations leads to a more efficient discretization so that the numerical effort is significantly reduced. The results show that at the same accuracy the CPU time can be reduced by factor 30 and the memory by factor 5. The new approach can be applied both in time and frequency domain.</dc:description>
          <dc:date>2000-07-26</dc:date>
          <dc:type>doctoralthesis</dc:type>
          <dc:type>doc-type:doctoralthesis</dc:type>
          <dc:format>application/pdf</dc:format>
          <dc:identifier>http://opus4.kobv.de/opus4-tuberlin/frontdoor/index/index/docId/123</dc:identifier>
          <dc:identifier>urn:nbn:de:kobv:83-opus-1180</dc:identifier>
          <dc:identifier>http://nbn-resolving.de/urn/resolver.pl?urn:nbn:de:kobv:83-opus-1180</dc:identifier>
          <dc:identifier>http://opus4.kobv.de/opus4-tuberlin/files/123/huynh_ngoc.pdf</dc:identifier>
          <dc:language>deu</dc:language>
          <dc:rights>Deutsches Urheberrecht mit Print on Demand (u.a. für Dissertationen empfohlen)</dc:rights>
        </oai_dc:dc>
      </metadata>
    </record>
  </GetRecord>
</OAI-PMH>
