<?xml version="1.0" encoding="utf-8"?>
<?xml-stylesheet type="text/xsl" href="xsl/oai2.xsl"?><OAI-PMH xmlns="http://www.openarchives.org/OAI/2.0/" xmlns:xsi="http://www.w3.org/2001/XMLSchema-instance" xsi:schemaLocation="http://www.openarchives.org/OAI/2.0/ http://www.openarchives.org/OAI/2.0/OAI-PMH.xsd">
  <responseDate>2014-10-15T06:48:58Z</responseDate>
  <request verb="GetRecord" metadataPrefix="oai_dc" identifier="oai:kobv.de-opus4-tuberlin:1035">http://opus4.kobv.de/opus4-tuberlin/oai</request>
  <GetRecord>
    <record>
      <header>
        <identifier>oai:kobv.de-opus4-tuberlin:1035</identifier>
        <datestamp>2013-07-01</datestamp>
        <setSpec>doc-type:doctoralthesis</setSpec>
        <setSpec>bibliography:false</setSpec>
        <setSpec>ddc</setSpec>
        <setSpec>ddc:530</setSpec>
      </header>
      <metadata>
        <oai_dc:dc xmlns:oai_dc="http://www.openarchives.org/OAI/2.0/oai_dc/" xmlns:dc="http://purl.org/dc/elements/1.1/" xsi:schemaLocation="http://www.openarchives.org/OAI/2.0/oai_dc/ http://www.openarchives.org/OAI/2.0/oai_dc.xsd">
          <dc:title xml:lang="deu">Optische Untersuchungen von Intersubniveau-Übergängen in selbstorganisierten InGaAs/GaAs-Quantenpunkten</dc:title>
          <dc:title xml:lang="eng">Optical investigations of inter-sublevel transitions in self-organized InGaAs/GaAs quantum dots</dc:title>
          <dc:creator>Weber, Alexander</dc:creator>
          <dc:subject>ddc:530</dc:subject>
          <dc:description xml:lang="deu">Im Rahmen dieser Arbeit werden Intersubniveau-Übergänge in selbstorganisierten InGaAs/GaAs-Quantenpunkten mit spektroskopischen Methoden untersucht. Dabei wird einerseits das ladungsabhängige Absorptionsverhalten der Nanostrukturen im Mittelinfrarot mit einer neuen Kombination aus Fourierspektroskopie und kalorimetrischer Absorptionsspektroskopie erforscht. Andererseits wird mittelinfrarote Intersubniveau-Emission aus Quantenpunkten spektroskopisch untersucht. Die prinzipielle Machbarkeit eines bipolaren zweifarbigen Lasers, der im Nah- und im Mittelinfrarot emittiert, kann durch Simulationen gezeigt werden. Mit Hilfe der genannten Absorptions-Technik ist es möglich, Phononen erzeugende, nichtstrahlende Intersubniveau-Übergänge in Quantenpunkten direkt nachzuweisen, indem die Erwärmung der Probe durch Ladungsträgerrelaxationen nach optischer Absorption in den Quantenpunkten gemessen wird. Deshalb kann man den Aufbau auch als mittelinfrarotes Quantenpunktbolometer bezeichnen. Es wird experimentell eine ladungsabhängige Absorption in den Quantenpunkten nachgewiesen. Deren Intensität und Wellenlänge hängt von der Ladung der Quantenpunkte, die sich durch Anlegen einer externen Spannung verändern lässt, ab. Die beobachteten Effekte können durch unterschiedliche Ladungsträgerbesetzung, Pauli-Blockade und Mehrteilcheneffekte in den Quantenpunkten erklärt werden. Der Intersubniveau-Absorptionsquerschnitt für Quantenpunkte, die mit einem Elektron besetzt sind, wird mit ~10-13 cm2 bestimmt. Undotierte, optisch gepumpte Quantenpunktproben ohne Wellenleiter zeigen mittelinfrarote Emissionspeaks. Die Intensität wächst dabei unterlinear mit der optischen Anregungsleistung und sättigt schließlich. Aus dem beobachteten Sättigungsverhalten lässt sich die Art der Ladungsträgerrelaxation bestimmen ? bei den untersuchten Proben liegt in der Hauptsache eine rein kaskadische Relaxation vor. Nahinfrarote Laserproben ergeben bei optischer oder elektrischer Anregung ebenfalls mittelinfrarote Emissionspeaks im Bereich von 50?115 meV. Je nach Zustand und Größe des Wellenleiters weicht hier aber die Abhängigkeit der mittelinfraroten Intensität von der Anregungsleistung deutlich vom erwarteten Verhalten ab, indem sie einen signifikant überlinearen Anstieg aufweist. Simulationen eines nahinfraroten Quantenpunktlasers, die auch die mittelinfrarote Emission berücksichtigen, zeigen, dass der beobachtete überlineare Anstieg durch Intersubniveau-Emission im Lasermode erklärt werden kann. Diese mittelinfrarote Emission ist zwar noch weit unterhalb der Schwelle für einen mittelinfraroten Laser, aber ein wichtiger experimenteller Schritt hin zu einem solchen.</dc:description>
          <dc:date>2005-08-01</dc:date>
          <dc:type>doctoralthesis</dc:type>
          <dc:type>doc-type:doctoralthesis</dc:type>
          <dc:format>application/pdf</dc:format>
          <dc:identifier>http://opus4.kobv.de/opus4-tuberlin/frontdoor/index/index/docId/1035</dc:identifier>
          <dc:identifier>urn:nbn:de:kobv:83-opus-10243</dc:identifier>
          <dc:identifier>http://nbn-resolving.de/urn/resolver.pl?urn:nbn:de:kobv:83-opus-10243</dc:identifier>
          <dc:identifier>http://opus4.kobv.de/opus4-tuberlin/files/1035/weber_alexander.pdf</dc:identifier>
          <dc:language>deu</dc:language>
          <dc:rights>Deutsches Urheberrecht mit Print on Demand (u.a. für Dissertationen empfohlen)</dc:rights>
        </oai_dc:dc>
      </metadata>
    </record>
  </GetRecord>
</OAI-PMH>
