<?xml version="1.0" encoding="utf-8"?>
<?xml-stylesheet type="text/xsl" href="xsl/oai2.xsl"?><OAI-PMH xmlns="http://www.openarchives.org/OAI/2.0/" xmlns:xsi="http://www.w3.org/2001/XMLSchema-instance" xsi:schemaLocation="http://www.openarchives.org/OAI/2.0/ http://www.openarchives.org/OAI/2.0/OAI-PMH.xsd">
  <responseDate>2014-10-15T06:50:26Z</responseDate>
  <request verb="GetRecord" metadataPrefix="oai_dc" identifier="oai:kobv.de-opus4-tuberlin:1291">http://opus4.kobv.de/opus4-tuberlin/oai</request>
  <GetRecord>
    <record>
      <header>
        <identifier>oai:kobv.de-opus4-tuberlin:1291</identifier>
        <datestamp>2013-07-01</datestamp>
        <setSpec>doc-type:doctoralthesis</setSpec>
        <setSpec>bibliography:false</setSpec>
        <setSpec>ddc</setSpec>
        <setSpec>ddc:330</setSpec>
      </header>
      <metadata>
        <oai_dc:dc xmlns:oai_dc="http://www.openarchives.org/OAI/2.0/oai_dc/" xmlns:dc="http://purl.org/dc/elements/1.1/" xsi:schemaLocation="http://www.openarchives.org/OAI/2.0/oai_dc/ http://www.openarchives.org/OAI/2.0/oai_dc.xsd">
          <dc:title xml:lang="eng">Corporate Sustainability Management in the Energy Sector – An Empirical Contingency Approach</dc:title>
          <dc:title xml:lang="deu">Nachhaltigkeitsmanagement in Unternehmen des Energiesektors - Eine empirische kontingentheoretische Analyse</dc:title>
          <dc:creator>Salzmann, Oliver</dc:creator>
          <dc:subject>ddc:330</dc:subject>
          <dc:description xml:lang="eng">The study examines corporate sustainability management and its determinants – in the energy sector. It follows an empirical contingency approach. It fills a research gap to date – by comparing the perceptions of managers in two industry sectors (integrated oil and gas, energy utilities), two management function (general managers and sustainability officers) and different geographical regions (primarily North America and Europe). The study is based on primary data – collected through semi-structured interviews and self-completion questionnaires in the course of a cross-industry survey carried out at IMD – International Institute for Management Development between April 2002 and April 2003. Data are analyzed through content analysis of interviews and statistical analysis of the quantitative data, most importantly through a detailed correlation and regression analysis. The data include 205 questionnaires and 47 interviews. The author adapts Wood’s model of corporate social performance to ensure a holistic, sequential and profit-oriented perspective of corporate sustainability management. He focuses on the following research questions: (1) What social and environmental problems are important and how do they influence corporate sustainability management? (2) What roles do external stakeholders play? (3) What influence do managers have on their company’s sustainability management? (4) To what extent do corporate factors determine corporate sustainability management? (5) What does corporate sustainability management (strategy, implementation, and outcome) look like – in particular in terms of its economic rationale, the so-called business case for corporate sustainability? The following findings are of special relevance: Even in leading companies, corporate sustainability management is based on incremental (rather than radical) innovation. External drivers are weak and complex: Pressure from stakeholders is low. There is a plethora of social and environmental issues but their (financial) significance is mostly limited. Furthermore, internal deficits (managers’ mindset, lack of knowledge, structures and tools) deter (1) the detection and evaluation of relevant social and environmental risks and opportunities; and (2) the implementation of corresponding corporate initiatives. The author presents a model of corporate sustainability management and its business case. He also demonstrates the necessity for a contingency approach to corporate sustainability management: The study reveals various differences across the industry sectors, regions and management functions surveyed.</dc:description>
          <dc:description xml:lang="deu">Die Arbeit besteht aus einer umfassenden Analyse des Nachhaltigkeitsmanagements (NM) von Unternehmen im Energiesektor sowie dessen Einflussfaktoren. Sie erlaubt eine – bislang in der Literatur fehlende – kontingenztheoretische Betrachtungsweise. Sie basiert auf einem Vergleich der Perzeptionen von Managern in zwei Industriesektoren (integrierter Öl- und Gassektor; Energieversorgungssektor), zwei Managementfunktionen (Generalisten; Nachhaltigkeitsexperten und –verantwortliche) und unterschiedlichen Regionen (v.a. Nordamerika, Europa). Die Studie beruht in erster Linie auf Primärdaten, die über direkte, halbstrukturierte Interviews und Fragebögen erhoben wurden. Die Datenanalyse erfolgte durch Inhaltsanalysen der Interviews und statistische Untersuchungen der quantitativen Daten, insbesondere durch eine detaillierte Korrelations- und Regressionsanalyse. Die Daten wurden im Rahmen einer industrieübergreifenden empirischen Untersuchung – durchgeführt am International Institute for Management Development (IMD) im Zeitraum vom April 2002 bis April 2003 – erhoben. Sie umfassen 205 Fragebögen (von 120 Generalisten und 17 Nachhaltigkeitsverantwortlichen im Öl- und Gassektor, 55 Generalisten und 13 Nachhaltigkeitsverantwortlichen im Energieversorgungssektor) und 47 Interviews (25 im Öl- und Gassektor, 12 im Energieversorgungssektor sowie 10 mit externen Anspruchsgruppen, z.B. Nichtregierungsorganisationen und Regulieren, und Experten). Der Autor adaptiert Wood’s Model of Corporate Social Performance, um eine ganzheitliche, sequentielle und profitorientierte Sichtweise auf das NM von Unternehmen zu gewährleisten. Der Fokus liegt auf folgenden Forschungsfragen: (1) Welche sozialen und ökologischen Probleme sind wichtig und wie beeinflussen sie das NM von Unternehmen? (2) Welche Rolle spielen externe Anspruchsgruppen? (3) Welchen Einfluss üben Manager (ihr Mindset, ihre Kenntnisse, etc.) auf das NM ihres Unternehmens auf? (4) Was sind die wichtigsten firmenspezifischen Einflussfaktoren? (5) Wie gestaltet sich NM in Unternehmen (Strategie, Implementierung, Ergebnisse), inbesondere im Hinblick auf dessen mikroökonomischen Nutzen (den sog. Business Case for Corporate Sustainability)? Unter anderem, sind folgende Ergebnisse von besonderer Relevanz: Selbst in führenden Unternehmen findet NM nur durch inkrementelle Innovation statt. Externe Treiber sind schwach und komplex: Der Druck von externen Anspruchsgruppen ist gering. Es gibt eine Vielfalt von sozialen und ökologischen Risiken, ihre (finanzielle) Tragweite ist jedoch in der Regel unbedeutend. Darüber hinaus verhindern interne Barrieren (Mindset der Manager sowie fehlende Kenntnisse, Strukturen und Instrumente) die Erfassung und Bewertung relevanter sozialer und umweltbezogener Chancen und Risiken sowie die Implementierung entsprechender Initiativen. Vor diesem Hintergrund erarbeitet der Autor zahlreiche Lösungsansätze und entwickelt ein Modell, welches strategisches und somit auch profitorientiertes NM systematisiert. Die Studie verdeutlicht überdies die Notwendigkeit, NM kontingenztheoretisch zu untersuchen: Es werden zahlreiche Unterschiede zwischen den untersuchten Industriesektoren, Regionen und Managementfunktionen festgestellt.</dc:description>
          <dc:date>2006-06-23</dc:date>
          <dc:type>doctoralthesis</dc:type>
          <dc:type>doc-type:doctoralthesis</dc:type>
          <dc:format>application/pdf</dc:format>
          <dc:identifier>http://opus4.kobv.de/opus4-tuberlin/frontdoor/index/index/docId/1291</dc:identifier>
          <dc:identifier>urn:nbn:de:kobv:83-opus-12968</dc:identifier>
          <dc:identifier>http://nbn-resolving.de/urn/resolver.pl?urn:nbn:de:kobv:83-opus-12968</dc:identifier>
          <dc:identifier>http://opus4.kobv.de/opus4-tuberlin/files/1291/salzmann_oliver.pdf</dc:identifier>
          <dc:language>eng</dc:language>
          <dc:rights>Deutsches Urheberrecht mit Print on Demand (u.a. für Dissertationen empfohlen)</dc:rights>
        </oai_dc:dc>
      </metadata>
    </record>
  </GetRecord>
</OAI-PMH>
