<?xml version="1.0" encoding="utf-8"?>
<?xml-stylesheet type="text/xsl" href="xsl/oai2.xsl"?><OAI-PMH xmlns="http://www.openarchives.org/OAI/2.0/" xmlns:xsi="http://www.w3.org/2001/XMLSchema-instance" xsi:schemaLocation="http://www.openarchives.org/OAI/2.0/ http://www.openarchives.org/OAI/2.0/OAI-PMH.xsd">
  <responseDate>2014-10-15T06:50:38Z</responseDate>
  <request verb="GetRecord" metadataPrefix="oai_dc" identifier="oai:kobv.de-opus4-tuberlin:1335">http://opus4.kobv.de/opus4-tuberlin/oai</request>
  <GetRecord>
    <record>
      <header>
        <identifier>oai:kobv.de-opus4-tuberlin:1335</identifier>
        <datestamp>2013-07-01</datestamp>
        <setSpec>doc-type:doctoralthesis</setSpec>
        <setSpec>bibliography:false</setSpec>
        <setSpec>ddc</setSpec>
        <setSpec>ddc:400</setSpec>
      </header>
      <metadata>
        <oai_dc:dc xmlns:oai_dc="http://www.openarchives.org/OAI/2.0/oai_dc/" xmlns:dc="http://purl.org/dc/elements/1.1/" xsi:schemaLocation="http://www.openarchives.org/OAI/2.0/oai_dc/ http://www.openarchives.org/OAI/2.0/oai_dc.xsd">
          <dc:title xml:lang="deu">Ein Annotationsschema für deutsche Sätze</dc:title>
          <dc:title xml:lang="eng">An Annotation Scheme for German Sentences</dc:title>
          <dc:creator>Simon, Bernd-Paul</dc:creator>
          <dc:subject>ddc:400</dc:subject>
          <dc:description xml:lang="deu">Diese Arbeit bietet ein Annotationsschema für deutsche Sätze zur Verwendung mit NEGRA-@nnotate. Sie enthält eine Überarbeitung der beiden unmittelbaren Vorarbeiten (STTS-Annotationsschema, NEGRA-Annotationsschema). Ein Partikelnsystem, ein Adverbialsystem und ein System von sekundären Links wurden zusätzlich entwickelt, welche wiederum den Praxistest der Korpusannotation zu bestehen hatten. Mit Hilfe des vorliegenden Annotationsschemas kann eine Vielzahl deutscher Sätze sowohl phrasenstrukturell als auch mit semantischen Funktionen deskriptiv annotiert werden. Das STTS wurde vereinheitlicht und aktualisiert durch die Beschreibung von Vorgehensweisen zum Taggen von Texten in neuer Rechtschreibung. Dann wurde das rhetorische Interpunktionstagging eingeführt und definiert. Ein kleines Tagset zur Beschreibung einer Auswahl wortrhetorischer Figuren wurde definiert. Das NEGRA-Annoationsschema wurde überarbeitet, um eine stärkere Vereinheitlichung zu erreichen sowie ungeklärte oder unterspezifizierte Fälle zu erkunden und für diese eine Lösung anzubieten. Dazu zählen u.a. verblose Sätze, verschiedene Paraphraseformeln, weitere Annotationen zu Platzhalterphrasen, innere Strukturgestaltung von Adverbphrasen und unterschiedliche Arten von Fernabhängigkeiten, wie sie im Deutschen zuweilen anzutreffen sind. Im Rahmen der Erweiterung des NEGRA-Annotationsschemas wurden entwickelt: Eine Konvention zur geklammerten Darstellung von sekundären Links, die Neugliederung der NEGRA-Kategorien MO und MNR und eine einheitliche Behandlung prä- und postnominaler Attribute. Schließlich wurden mehrere Testbatterien zusammengestellt, die bei der Unterscheidung der Partikeln von den Adverbialen und den Satzpartikeln helfen. Ein Gliederungssystem der Partikeln und eine umfangreiche Klassifikation der Adverbiale mit vielen Subklassen schließen sich an. Schließlich werden Relationen vorgestellt, welche textkonstituierende Wirkung haben und primär durch sekundäre Links dargestellt werden. Durch die Annotation von Korpora durch diese Links zusammen mit der primären syntaktischen Struktur wird ein partieller Einblick in die Textgrammatik auf Mikroebene möglich, welcher als Datenstruktur kodierbar wird. Ein mögliches Anwendungsgebiet von @nnotate-Korpora liegt in der Unterstützung von maschinellen oder maschinell gestützten Übersetzungscomputern, denn zum besseren Verständnis von fremdsprachlichen Sätzen und deren treffsicheren Übersetzung in eine Zielsprache sind strukturelle Analysen eine große Hilfe.</dc:description>
          <dc:description xml:lang="eng">This thesis offers an annotation scheme for German sentences and is intended to be used in connection with NEGRA-@nnotate. The annotation scheme on hand allows annotating a multitude of German sentences, their phrase structure and their semantic functions, in a descriptive way. A revision and extension of immediately preceding schemes (STTS annotation scheme, NEGRA annotation scheme) is included. A particle system, an adverbial system and a system of secondary links were developed additionally. These extensions had to prove their applicability to corpus annotation by being put into practice. The STTS was adapted as well as updated by stating routines for tagging texts in the “new�? spelling convention. Rhetorically tagged punctuation was invented and defined. A minor tagset for describing a selection of stylistic figures was defined. The NEGRA annotation scheme was revised with the following aim in mind: To arrive at an improved standardization, to explore cases unaccounted for or left unspecified, and to offer solutions for them. This relates to verbless sentences, various paraphrase formulas, more annotations for placeholder phrases, internal structures of adverb phrases and various remote dependencies of phrases, as they can be found in German. The framework was extended by developing a convention for the bracketed representation of secondary links, a restructuring of the NEGRA categories MO and MNR, and a standardized treatment for pre- and postnominal attributes. Eventually several test batteries were assembled to assist in differentiating particles, sentence particles and adverbials. A system of how to subdivide and classify particles and adverbials was added as well. Relations with text constituting effect are presented finally, primarily represented through secondary links. Annotating corpora with these links together with the primary syntactic annotation gives a partial insight in text grammar on micro level, coded as data structure. @nnotate copora may prove useful in supporting automatic or machine-based translation systems, for structural analyses are a valuable aid in reaching an improved understanding of sentences in a foreign language, and their accurate translation in a target language.</dc:description>
          <dc:date>2006-09-11</dc:date>
          <dc:type>doctoralthesis</dc:type>
          <dc:type>doc-type:doctoralthesis</dc:type>
          <dc:format>application/pdf</dc:format>
          <dc:identifier>http://opus4.kobv.de/opus4-tuberlin/frontdoor/index/index/docId/1335</dc:identifier>
          <dc:identifier>urn:nbn:de:kobv:83-opus-13712</dc:identifier>
          <dc:identifier>http://nbn-resolving.de/urn/resolver.pl?urn:nbn:de:kobv:83-opus-13712</dc:identifier>
          <dc:identifier>http://opus4.kobv.de/opus4-tuberlin/files/1335/simon_bernd.pdf</dc:identifier>
          <dc:language>deu</dc:language>
          <dc:rights>Deutsches Urheberrecht mit Print on Demand (u.a. für Dissertationen empfohlen)</dc:rights>
        </oai_dc:dc>
      </metadata>
    </record>
  </GetRecord>
</OAI-PMH>
