<?xml version="1.0" encoding="utf-8"?>
<?xml-stylesheet type="text/xsl" href="xsl/oai2.xsl"?><OAI-PMH xmlns="http://www.openarchives.org/OAI/2.0/" xmlns:xsi="http://www.w3.org/2001/XMLSchema-instance" xsi:schemaLocation="http://www.openarchives.org/OAI/2.0/ http://www.openarchives.org/OAI/2.0/OAI-PMH.xsd">
  <responseDate>2014-10-15T06:49:00Z</responseDate>
  <request verb="GetRecord" metadataPrefix="oai_dc" identifier="oai:kobv.de-opus4-tuberlin:1042">http://opus4.kobv.de/opus4-tuberlin/oai</request>
  <GetRecord>
    <record>
      <header>
        <identifier>oai:kobv.de-opus4-tuberlin:1042</identifier>
        <datestamp>2013-07-01</datestamp>
        <setSpec>doc-type:doctoralthesis</setSpec>
        <setSpec>bibliography:false</setSpec>
        <setSpec>ddc</setSpec>
        <setSpec>ddc:620</setSpec>
      </header>
      <metadata>
        <oai_dc:dc xmlns:oai_dc="http://www.openarchives.org/OAI/2.0/oai_dc/" xmlns:dc="http://purl.org/dc/elements/1.1/" xsi:schemaLocation="http://www.openarchives.org/OAI/2.0/oai_dc/ http://www.openarchives.org/OAI/2.0/oai_dc.xsd">
          <dc:title xml:lang="eng">Concept of compatibility in shipping : fuzzy set theory and case-based reasoning approaches</dc:title>
          <dc:title xml:lang="deu">Kompatibilität in der Schifffahrt</dc:title>
          <dc:creator>Nugroho, Setyo</dc:creator>
          <dc:subject>ddc:620</dc:subject>
          <dc:description xml:lang="deu">Der Begriff Kompatibilität enthält einen Akt von Gruppierung Aehnlicher Attribute oder ähnlicher Objekte, z.B. im Zusammenhang mit dem Ersatz eines Schiffes durch ein anderes. Kompatibilitäet bedeutet ferner auch ein Zusammenpassen von Objekten unterschiedlicher Funktionalitäten oder Aufgaben, z.B. zwischen Schiff und Hafen oder zwischen Schiff und Charterrate. Es zeigt sich, dass die Feststellung von Kompatibilitaet einen Akt der Problemlösung darstellt.</dc:description>
          <dc:description xml:lang="eng">The concept of compatibility involves an act of grouping of similar attributes of similar objects, for example in the case of a ship replacement. The concept concerns also an act of matching between objects of different roles or functionalities, for example between a ship and route, or between a ship and a charter hire value. It implies that the concept of compatibility means an act of problem-solving.</dc:description>
          <dc:date>2005-06-29</dc:date>
          <dc:type>doctoralthesis</dc:type>
          <dc:type>doc-type:doctoralthesis</dc:type>
          <dc:format>application/pdf</dc:format>
          <dc:identifier>http://opus4.kobv.de/opus4-tuberlin/frontdoor/index/index/docId/1042</dc:identifier>
          <dc:identifier>urn:nbn:de:kobv:83-opus-10312</dc:identifier>
          <dc:identifier>http://nbn-resolving.de/urn/resolver.pl?urn:nbn:de:kobv:83-opus-10312</dc:identifier>
          <dc:identifier>http://opus4.kobv.de/opus4-tuberlin/files/1042/nugroho_setyo.pdf</dc:identifier>
          <dc:language>eng</dc:language>
          <dc:rights>Deutsches Urheberrecht mit Print on Demand (u.a. für Dissertationen empfohlen)</dc:rights>
        </oai_dc:dc>
      </metadata>
    </record>
  </GetRecord>
</OAI-PMH>
