<?xml version="1.0" encoding="utf-8"?>
<?xml-stylesheet type="text/xsl" href="xsl/oai2.xsl"?><OAI-PMH xmlns="http://www.openarchives.org/OAI/2.0/" xmlns:xsi="http://www.w3.org/2001/XMLSchema-instance" xsi:schemaLocation="http://www.openarchives.org/OAI/2.0/ http://www.openarchives.org/OAI/2.0/OAI-PMH.xsd">
  <responseDate>2014-10-15T06:44:35Z</responseDate>
  <request verb="GetRecord" metadataPrefix="oai_dc" identifier="oai:kobv.de-opus4-tuberlin:107">http://opus4.kobv.de/opus4-tuberlin/oai</request>
  <GetRecord>
    <record>
      <header>
        <identifier>oai:kobv.de-opus4-tuberlin:107</identifier>
        <datestamp>2013-07-01</datestamp>
        <setSpec>doc-type:doctoralthesis</setSpec>
        <setSpec>bibliography:false</setSpec>
        <setSpec>ddc</setSpec>
        <setSpec>ddc:540</setSpec>
      </header>
      <metadata>
        <oai_dc:dc xmlns:oai_dc="http://www.openarchives.org/OAI/2.0/oai_dc/" xmlns:dc="http://purl.org/dc/elements/1.1/" xsi:schemaLocation="http://www.openarchives.org/OAI/2.0/oai_dc/ http://www.openarchives.org/OAI/2.0/oai_dc.xsd">
          <dc:title xml:lang="deu">Gastransporteigenschaften flüssigkristalliner Seitengruppenpolymere</dc:title>
          <dc:title xml:lang="eng">Gas Transport Properties of Side Group Liquid Crystalline Polymers</dc:title>
          <dc:creator>Kresse, Ingo</dc:creator>
          <dc:subject>ddc:540</dc:subject>
          <dc:description xml:lang="deu">Die Gastransporteigenschaften von ausgewählten flüssigkristallinen (lc) Seitengruppenpolymeren (SGLCP) auf der Basis von Polymethacrylat wurden mit Hilfe von Sorptions- und Permeationsmessungen für die Gase CO2 und O2 bei unterschiedlichem Druck (1 - 40bar) im Temperaturbereich von 16 bis 120°C bestimmt. Die Eigenschaften der SGLCP wurden unter Anwendung thermischer, polarisationsmikroskopischer und röntgenographischer Untersuchungen charakterisiert. Dilatometrisch wurde das spezifische Polymervolumen als Funktion der Temperatur gemessen und die Temperaturabhängigkeit des freien Volumens berechnet. Aus den experimentellen Befunden wurden Zusammenhänge zwischen der chemischen Struktur und den Gastransporteigenschaften hergeleitet. Die Meßergebnisse zeigen den Einfluß der Kinetik der Gleichgewichtseinstellung und der thermischen Vorgeschichte der Probe im Verlauf ihrer Herstellung auf die Gastransporteigenschaften. Die Temperaturabhängigkeit der Gastransporteigenschaften der Polymere bei konstantem Gasdruck kann erst dann untersucht werden, wenn sie in der isotropen Phase getempert worden sind. Es wurde festgestellt, daß die Gaslöslichkeit von CO2 und O2 in lc Seitengruppenpolymeren mit zunehmender Temperatur sinkt und die Diffusions- und Permeabilitätskoeffizienten größer werden. Dieses Verhalten wird von der Polymerhauptkette der lc Polymere bestimmt, da für nichtflüssigkristalline Polymere ähnliche Eigenschaften festgestellt werden. Im Bereich der Umwandlungstemperaturen der SGLCP werden sprunghafte Anstiege der Löslichkeit und des Diffusionskoeffizienten beobachtet. Hier werden die entscheidenden konformationsabhängigen Eigenschaftsänderungen von den Umordnungen der mesogenen Seitengruppen und den mit den Phasenumwandlungen verbundenen Änderungen des freien Volumens bestimmt. Aus der Messung der Temperaturabhängigkeit der Gaslöslichkeit bei unterschiedlichem Druck folgt, daß sich der Übergang von der smektischen in die nematische Phase mit steigendem Gasdruck zu niedrigeren Temperaturen verschiebt. Das im Polymer gelöste Gas leistet einen Beitrag zur Erhöhung der Beweglichkeit der mesogenen Seitengruppen. Die Verschiebung ist bei niedrigen Drucken groß und bei hohen Drucken klein. Dies kann durch eine von der Bulkphase abweichende Oberflächenordnung erklärt werden. Die Gasselektivität, ein Maß für die Trennleistung einer Membran, ist in lc Seitengruppenpolymeren eine Funktion der Temperatur und des Phasenzustandes. Durch Variation dieser Parameter können verschiedene Verhältnisse von Gasselektivität zu Permeabilität eingestellt werden.</dc:description>
          <dc:date>2000-07-28</dc:date>
          <dc:type>doctoralthesis</dc:type>
          <dc:type>doc-type:doctoralthesis</dc:type>
          <dc:format>application/pdf</dc:format>
          <dc:identifier>http://opus4.kobv.de/opus4-tuberlin/frontdoor/index/index/docId/107</dc:identifier>
          <dc:identifier>urn:nbn:de:kobv:83-opus-1028</dc:identifier>
          <dc:identifier>http://nbn-resolving.de/urn/resolver.pl?urn:nbn:de:kobv:83-opus-1028</dc:identifier>
          <dc:identifier>http://opus4.kobv.de/opus4-tuberlin/files/107/kresse_ingo.pdf</dc:identifier>
          <dc:language>deu</dc:language>
          <dc:rights>Deutsches Urheberrecht mit Print on Demand (u.a. für Dissertationen empfohlen)</dc:rights>
        </oai_dc:dc>
      </metadata>
    </record>
  </GetRecord>
</OAI-PMH>
